INSERT INTO station_lobby VALUES
('pt-ml-ap-central',  'pt-ml-ap', 'central'),
('pt-ml-am-norte',    'pt-ml-am', 'norte'),
('pt-ml-am-central',  'pt-ml-am', 'central'),
('pt-ml-af-central',  'pt-ml-af', 'central'),
('pt-ml-ah-central',  'pt-ml-ah', 'central'),
('pt-ml-al-norte',    'pt-ml-al', 'norte'),
('pt-ml-al-sul',      'pt-ml-al', 'sul'),
('pt-ml-as-central',  'pt-ml-as', 'central'),
('pt-ml-ax-central',  'pt-ml-ax', 'central'),
('pt-ml-an-norte',    'pt-ml-an', 'norte'),
('pt-ml-an-sul',      'pt-ml-an', 'sul'),
('pt-ml-ae-norte',    'pt-ml-ae', 'norte'),
('pt-ml-ae-sul',      'pt-ml-ae', 'sul'),
('pt-ml-ar-norte',    'pt-ml-ar', 'norte'),
('pt-ml-ar-sul',      'pt-ml-ar', 'sul'),
('pt-ml-av-norte',    'pt-ml-av', 'norte'),
('pt-ml-av-sul',      'pt-ml-av', 'sul'),
('pt-ml-bc-central',  'pt-ml-bc', 'central'),
('pt-ml-bv-central',  'pt-ml-bv', 'central'),
('pt-ml-cr-nascente', 'pt-ml-cr', 'nascente'),
('pt-ml-cr-poente',   'pt-ml-cr', 'poente'),
('pt-ml-cs-central',  'pt-ml-cs', 'central'),
('pt-ml-cg-central',  'pt-ml-cg', 'central'),
('pt-ml-cp-norte',    'pt-ml-cp', 'norte'),
('pt-ml-cp-sul',      'pt-ml-cp', 'sul'),
('pt-ml-ca-central',  'pt-ml-ca', 'central'),
('pt-ml-ch-central',  'pt-ml-ch', 'central'),
('pt-ml-cu-central',  'pt-ml-cu', 'central'),
('pt-ml-cm-central',  'pt-ml-cm', 'central'),
('pt-ml-en-central',  'pt-ml-en', 'central'),
('pt-ml-ec-norte',    'pt-ml-ec', 'norte'),
('pt-ml-ec-sul',      'pt-ml-ec', 'sul'),
('pt-ml-in-norte',    'pt-ml-in', 'norte'),
('pt-ml-in-sul',      'pt-ml-in', 'sul'),
('pt-ml-jz-norte',    'pt-ml-jz', 'norte'),
('pt-ml-jz-sul',      'pt-ml-jz', 'sul'),
('pt-ml-la-central',  'pt-ml-la', 'central'),
('pt-ml-lu-norte',    'pt-ml-lu', 'norte'),
('pt-ml-lu-sul',      'pt-ml-lu', 'sul'),
('pt-ml-mp-norte',    'pt-ml-mp', 'norte'),
('pt-ml-mp-sul',      'pt-ml-mp', 'sul'),
('pt-ml-mm-sul',      'pt-ml-mm', 'sul'),
('pt-ml-mo-central',  'pt-ml-mo', 'central'),
('pt-ml-od-norte',    'pt-ml-od', 'norte'),
('pt-ml-od-sul',      'pt-ml-od', 'sul'),
('pt-ml-ol-central',  'pt-ml-ol', 'central'),
('pt-ml-os-central',  'pt-ml-os', 'central'),
('pt-ml-or-central',  'pt-ml-or', 'central'),
('pt-ml-pa-central',  'pt-ml-pa', 'central'),
('pt-ml-pi-norte',    'pt-ml-pi', 'norte'),
('pt-ml-pi-sul',      'pt-ml-pi', 'sul'),
('pt-ml-po-central',  'pt-ml-po', 'central'),
('pt-ml-pe-norte',    'pt-ml-pe', 'norte'),
('pt-ml-pe-sul',      'pt-ml-pe', 'sul'),
('pt-ml-qc-norte',    'pt-ml-qc', 'norte'),
('pt-ml-qc-sul',      'pt-ml-qc', 'sul'),
('pt-ml-ra-central',  'pt-ml-ra', 'central'),
('pt-ml-rb-central',  'pt-ml-rb', 'central'),
('pt-ml-re-norte',    'pt-ml-re', 'norte'),
('pt-ml-re-sul',      'pt-ml-re', 'sul'),
('pt-ml-rm-norte',    'pt-ml-rm', 'norte'),
('pt-ml-rm-sul',      'pt-ml-rm', 'sul'),
('pt-ml-ro-poente',   'pt-ml-ro', 'poente'),
('pt-ml-ro-nascente', 'pt-ml-ro', 'nascente'),
('pt-ml-sa-norte',    'pt-ml-sa', 'norte'),
('pt-ml-sa-sul',      'pt-ml-sa', 'sul'),
('pt-ml-sa-este',     'pt-ml-sa', 'este'),
('pt-ml-sp-central',  'pt-ml-sp', 'central'),
('pt-ml-ss-norte',    'pt-ml-ss', 'norte'),
('pt-ml-ss-sul',      'pt-ml-ss', 'sul'),
('pt-ml-ss-este',     'pt-ml-ss', 'este'),
('pt-ml-sr-norte',    'pt-ml-sr', 'norte'),
('pt-ml-sr-sul',      'pt-ml-sr', 'sul'),
('pt-ml-te-central',  'pt-ml-te', 'central'),
('pt-ml-tp-central',  'pt-ml-tp', 'central');

INSERT INTO station_lobby_exit (lobby_id, world_coord, streets, type) VALUES 
('pt-ml-ap-central', '(38.769054, -9.128443)', '{"Aeroporto de Lisboa (Terminal 1 - chegadas)"}', 'lift'),
('pt-ml-ap-central', '(38.768615, -9.128537)', '{"Aeroporto de Lisboa (Terminal 1 - chegadas)"}', 'stairs'),
('pt-ml-ap-central', '(38.768450, -9.128480)', '{"Aeroporto de Lisboa (Terminal 1 - chegadas)", "Aeroporto de Lisboa (Terminal 1 - partidas)"}', 'lift'),
('pt-ml-ap-central', '(38.768691, -9.128029)', '{"Praça do Aeroporto de Lisboa"}', 'stairs'),
('pt-ml-am-norte',   '(38.737768, -9.133887)', '{"Avenida Almirante Reis (norte)"}', 'stairs'),
('pt-ml-am-norte',   '(38.737738, -9.133687)', '{"Avenida Almirante Reis (norte)"}', 'stairs'),
('pt-ml-am-norte',   '(38.737576, -9.134033)', '{"Alameda Dom Afonso Henriques", "Avenida Guerra Junqueiro"}', 'stairs'),
('pt-ml-am-norte',   '(38.737614, -9.133529)', '{"Alameda Dom Afonso Henriques"}', 'stairs'),
('pt-ml-am-norte',   '(38.737233, -9.134022)', '{"Avenida Almirante Reis (sul)", "Alameda Dom Afonso Henriques"}', 'stairs'),
('pt-ml-am-norte',   '(38.737299, -9.133576)', '{"Alameda Dom Afonso Henriques"}', 'lift'),
('pt-ml-am-norte',   '(38.737200, -9.133622)', '{"Avenida Almirante Reis (sul)", "Alameda Dom Afonso Henriques"}', 'stairs'),
('pt-ml-am-central', '(38.736646, -9.132759)', '{"Alameda Dom Afonso Henriques", "Rua Carlos Mardel"}', 'stairs'),
('pt-ml-am-central', '(38.736699, -9.131903)', '{"Alameda Dom Afonso Henriques"}', 'stairs'),
('pt-ml-af-central', '(38.760763, -9.204419)', '{"Praça Teófilo Braga"}', 'stairs'),
('pt-ml-af-central', '(38.760645, -9.204670)', '{"Praça Teófilo Braga"}', 'stairs'),
('pt-ml-af-central', '(38.760625, -9.204468)', '{"Praça Teófilo Braga"}', 'lift'),
('pt-ml-af-central', '(38.759944, -9.204181)', '{"Praça Teófilo Braga"}', 'stairs'),
('pt-ml-af-central', '(38.759887, -9.204639)', '{"Praça Teófilo Braga", "Rua Adriano Correia de Oliveira"}', 'stairs'),
('pt-ml-ah-central', '(38.749599, -9.180277)', '{"Rua João de Freitas Branco", "Rua Ernâni Lopes"}', 'stairs'),
('pt-ml-ah-central', '(38.749568, -9.179910)', '{"Rua João de Freitas Branco", "Rua Ernâni Lopes"}', 'stairs'),
('pt-ml-al-norte',   '(38.753644, -9.144763)', '{"Centro Comercial Alvalade"}', 'stairs'),
('pt-ml-al-norte',   '(38.753840, -9.144545)', '{"Avenida de Roma (norte)"}', 'stairs'),
('pt-ml-al-norte',   '(38.753923, -9.144269)', '{"Avenida de Roma (norte)"}', 'stairs'),
('pt-ml-al-norte',   '(38.753834, -9.144207)', '{"Avenida de Roma (norte)"}', 'lift'),
('pt-ml-al-norte',   '(38.753462, -9.143872)', '{"Praça de Alvalade", "Avenida da Igreja"}', 'stairs'),
('pt-ml-al-sul',     '(38.752442, -9.143452)', '{"Avenida de Roma (sul)"}', 'stairs'),
('pt-ml-al-sul',     '(38.752345, -9.143750)', '{"Avenida de Roma (sul)"}', 'stairs'),
('pt-ml-as-central', '(38.758763, -9.218314)', '{"Praça de São Silvestre"}', 'escalator'),
('pt-ml-as-central', '(38.758412, -9.219100)', '{"Praça de São Silvestre"}', 'stairs'),
('pt-ml-as-central', '(38.758315, -9.218210)', '{"Praça de São Silvestre", "Estrada dos Salgados"}', 'lift'),
('pt-ml-as-central', '(38.758241, -9.217920)', '{"Praça de São Silvestre", "Estrada dos Salgados"}', 'escalator'),
('pt-ml-ax-central', '(38.779849, -9.159976)', '{"Azinhaga da Cidade"}', 'stairs'),
('pt-ml-ax-central', '(38.779836, -9.159599)', '{"Azinhaga da Cidade"}', 'stairs'),
('pt-ml-ax-central', '(38.779659, -9.159745)', '{"Azinhaga da Cidade"}', 'lift'),
('pt-ml-ax-central', '(38.779450, -9.159486)', '{"Rua Jorge de Sena", "Azinhaga da Cidade"}', 'stairs'),
('pt-ml-an-norte',   '(38.727832, -9.134881)', '{"Avenida Almirante Reis (norte)", "Rua Frei Francisco Foreiro"}', 'stairs'),
('pt-ml-an-norte',   '(38.727842, -9.134691)', '{"Avenida Almirante Reis (norte)", "Rua Frei Francisco Foreiro"}', 'stairs'),
('pt-ml-an-sul',     '(38.726146, -9.135037)', '{"Avenida Almirante Reis (sul)", "Rua Febo Moniz"}', 'stairs'),
('pt-ml-an-sul',     '(38.726126, -9.134835)', '{"Avenida Almirante Reis (sul)", "Rua de Angola"}', 'stairs'),
('pt-ml-ae-norte',   '(38.742592, -9.133788)', '{"Praça Francisco Sá Carneiro", "Avenida João XXI"}', 'stairs'),
('pt-ml-ae-norte',   '(38.742927, -9.133679)', '{"Avenida Padre Manuel da Nóbrega"}', 'stairs'),
('pt-ml-ae-norte',   '(38.742981, -9.133496)', '{"Avenida Padre Manuel da Nóbrega"}', 'stairs'),
-- Future lift
--('pt-ml-ae-norte',   '(38.742776, -9.133348)', '{"Praça Francisco Sá Carneiro"}', 'lift'),
('pt-ml-ae-sul',     '(38.741908, -9.132996)', '{"Praça Francisco Sá Carneiro", "Avenida Almirante Reis", "Avenida João XXI"}', 'stairs'),
('pt-ml-ae-sul',     '(38.741934, -9.133737)', '{"Praça Francisco Sá Carneiro", "Avenida Almirante Reis", "Avenida Afonso Costa"}', 'stairs'),
('pt-ml-ar-norte',   '(38.733430, -9.134430)', '{"Praça do Chile", "Avenida Almirante Reis (norte)", "Rua António Pereira Carrilho"}', 'stairs'),
('pt-ml-ar-norte',   '(38.733415, -9.133995)', '{"Praça do Chile", "Avenida Almirante Reis (norte)", "Rua Morais Soares"}', 'stairs'),
-- Future lift
--('pt-ml-ar-norte',   '(38.733393, -9.134394)', '{"Praça Francisco Sá Carneiro"}', 'lift'),
('pt-ml-ar-sul',     '(38.731940, -9.134468)', '{"Avenida Almirante Reis (sul)"}', 'stairs'),
('pt-ml-ar-sul',     '(38.731922, -9.134278)', '{"Avenida Almirante Reis (sul)"}', 'stairs'),
('pt-ml-av-norte',   '(38.720119, -9.145765)', '{"Avenida da Liberdade (norte)"}', 'stairs'),
('pt-ml-av-norte',   '(38.720160, -9.145271)', '{"Avenida da Liberdade (norte)"}', 'stairs'),
('pt-ml-av-sul',     '(38.719037, -9.144289)', '{"Avenida da Liberdade (sul)"}', 'stairs'),
('pt-ml-av-sul',     '(38.718735, -9.144649)', '{"Avenida da Liberdade (sul)"}', 'stairs'),
('pt-ml-bc-central', '(38.710527, -9.142072)', '{"Largo do Chiado", "Rua Nova da Trindade", "Rua Paiva de Andrada", "Rua António Maria Cardoso", "Rua Garrett"}', 'stairs'),
('pt-ml-bc-central', '(38.710650, -9.139095)', '{"Rua do Crucifixo", "Rua da Vitória"}', 'escalator'),
('pt-ml-bv-central', '(38.747822, -9.118552)', '{"Avenida Francisco Salgado Zenha", "Avenida da Ucrânia"}', 'stairs'),
('pt-ml-bv-central', '(38.747806, -9.118310)', '{"Avenida Francisco Salgado Zenha", "Avenida da Ucrânia"}', 'stairs'),
('pt-ml-bv-central', '(38.747597, -9.117282)', '{"Avenida do Santo Contestável"}', 'ramp'),
('pt-ml-bv-central', '(38.747753, -9.116742)', '{"Avenida do Santo Contestável"}', 'stairs'),
('pt-ml-bv-central', '(38.747434, -9.116671)', '{"Avenida do Santo Contestável"}', 'stairs'),
('pt-ml-cr-nascente', '(38.763242, -9.104066)', '{"Avenida da Pádua", "Avenida Infante Dom Henrique"}', 'stairs'),
('pt-ml-cr-nascente', '(38.763056, -9.104168)', '{"Avenida da Pádua", "Avenida Infante Dom Henrique"}', 'lift'),
('pt-ml-cr-poente',  '(38.762863, -9.106499)', '{"Avenida da Pádua"}', 'stairs'),
('pt-ml-cs-central', '(38.706093, -9.145043)', '{"Avenida 24 de Julho"}', 'escalator'),
('pt-ml-cs-central', '(38.706007, -9.145042)', '{"Avenida 24 de Julho"}', 'lift'),
('pt-ml-cs-central', '(38.705844, -9.144772)', '{"Estação Ferroviária do Cais do Sodré", "Terminal Fluvial do Cais do Sodré"}', 'escalator'),
('pt-ml-cs-central', '(38.706078, -9.145870)', '{"Estação Ferroviária do Cais do Sodré"}', 'escalator'),
('pt-ml-cg-central', '(38.760776, -9.158390)', '{"Estrada de Telheiras", "Terminal Rodoviário"}', 'stairs'),
('pt-ml-cg-central', '(38.760486, -9.158442)', '{"Estrada de Telheiras", "Terminal Rodoviário"}', 'stairs'),
('pt-ml-cg-central', '(38.760376, -9.157983)', '{"Estrada de Telheiras", "Terminal Rodoviário"}', 'ramp'),
('pt-ml-cg-central', '(38.760492, -9.157749)', '{"Estrada de Telheiras", "Terminal Rodoviário"}', 'stairs'),
('pt-ml-cg-central', '(38.760708, -9.156824)', '{"Rua Cipriano Dourado", "Terminal Rodoviário"}', 'stairs'),
('pt-ml-cg-central', '(38.760032, -9.157687)', '{"Faculdade de Ciências", "Universidade Lusófona"}', 'stairs'),
('pt-ml-cg-central', '(38.759978, -9.157880)', '{"Faculdade de Ciências", "Universidade Lusófona"}', 'stairs'),
('pt-ml-cg-central', '(38.759926, -9.157768)', '{"Faculdade de Ciências", "Universidade Lusófona"}', 'escalator'),
('pt-ml-cg-central', '(38.760031, -9.157800)', '{"Faculdade de Ciências", "Universidade Lusófona"}', 'stairs'),
('pt-ml-cp-norte',   '(38.741504, -9.147024)', '{"Avenida da República", "Avenida de Berna"}', 'stairs'),
('pt-ml-cp-norte',   '(38.741593, -9.146409)', '{"Avenida da República", "Avenida de Berna"}', 'stairs'),
('pt-ml-cp-norte',   '(38.742244, -9.146084)', '{"Centro Comercial do Campo Pequeno"}', 'stairs'),
('pt-ml-cp-sul',     '(38.739984, -9.146661)', '{"Avenida da República"}', 'stairs'),
('pt-ml-cp-sul',     '(38.740090, -9.146058)', '{"Avenida da República"}', 'stairs'),
('pt-ml-ca-central', '(38.759371, -9.192723)', '{"Avenida Marechal Teixeira Rebelo"}', 'stairs'),
('pt-ml-ca-central', '(38.759334, -9.192261)', '{"Avenida Marechal Teixeira Rebelo"}', 'stairs'),
('pt-ml-ca-central', '(38.759004, -9.192506)', '{"Avenida Marechal Teixeira Rebelo"}', 'lift'),
('pt-ml-ca-central', '(38.758767, -9.192684)', '{"Avenida Marechal Teixeira Rebelo", "Rua Guiomar Torresão"}', 'stairs'),
('pt-ml-ch-central', '(38.755700, -9.113920)', '{"Avenida Doutor Augusto de Castro (norte)"}', 'stairs'),
('pt-ml-ch-central', '(38.755260, -9.114117)', '{"Rua Engenheiro Rodrigues de Carvalho", "Avenida Doutor Augusto de Castro (norte)"}', 'stairs'),
('pt-ml-ch-central', '(38.754819, -9.113610)', '{"Avenida Doutor Augusto de Castro (sul)"}', 'lift'),
('pt-ml-ch-central', '(38.754426, -9.113741)', '{"Avenida Doutor Augusto de Castro (sul)"}', 'stairs'),
('pt-ml-cu-central', '(38.751921, -9.158632)', '{"Alameda da Universidade", "Avenida Professor Gama Pinto"}', 'stairs'),
('pt-ml-cu-central', '(38.751196, -9.159306)', '{"Avenida Professor Gama Pinto"}', 'stairs'),
('pt-ml-cu-central', '(38.750895, -9.159030)', '{"Avenida Professor Gama Pinto"}', 'stairs'),
('pt-ml-cm-central', '(38.753781, -9.189439)', '{"Rua Galileu Galilei"}', 'stairs'),
('pt-ml-cm-central', '(38.753400, -9.189778)', '{"Largo da Revista Militar"}', 'stairs'),
('pt-ml-cm-central', '(38.753476, -9.188751)', '{"Centro Comercial Colombo"}', 'stairs'),
('pt-ml-cm-central', '(38.753325, -9.188616)', '{"Rua Galileu Galilei", "Avenida do Colégio Militar"}', 'stairs'),
('pt-ml-cm-central', '(38.752941, -9.188934)', '{"Largo da Revista Militar", "Avenida do Colégio Militar"}', 'stairs'),
('pt-ml-cm-central', '(38.753004, -9.189810)', '{"Largo da Revista Militar", "Terminal Rodoviário"}', 'stairs'),
('pt-ml-cm-central', '(38.752809, -9.189993)', '{"Largo da Revista Militar", "Terminal Rodoviário"}', 'stairs'),
('pt-ml-en-central', '(38.775257, -9.115887)', '{"Rua General Silva Freire (norte)"}', 'stairs'),
('pt-ml-en-central', '(38.774904, -9.115723)', '{"Rua General Silva Freire (sul)"}', 'stairs'),
('pt-ml-en-central', '(38.774840, -9.115160)', '{"Rua General Silva Freire (sul)"}', 'lift'),
('pt-ml-en-central', '(38.774750, -9.114846)', '{"Rua General Silva Freire (sul)", "Rua Capitão Tenente Oliveira e Carmo"}', 'stairs'),
('pt-ml-ec-norte',   '(38.748871, -9.149099)', '{"Avenida do Campo Grande"}', 'stairs'),
('pt-ml-ec-norte',   '(38.748531, -9.149037)', '{"Avenida do Campo Grande", "Avenida das Forças Armadas"}', 'stairs'),
('pt-ml-ec-norte',   '(38.747828, -9.148587)', '{"Avenida da República", "Avenida das Forças Armadas"}', 'stairs'),
('pt-ml-ec-sul',     '(38.746553, -9.147639)', '{"Avenida da República", "Rua José Carlos dos Santos"}', 'stairs'),
('pt-ml-ec-sul',     '(38.746106, -9.147540)', '{"Avenida da República", "Rua José Carlos dos Santos"}', 'stairs'),
('pt-ml-ec-sul',     '(38.746353, -9.148288)', '{"Avenida da República"}', 'stairs'),
('pt-ml-ec-sul',     '(38.745905, -9.148203)', '{"Avenida da República"}', 'stairs'),
('pt-ml-ec-sul',     '(38.745200, -9.148041)', '{"Avenida da República"}', 'stairs'),
('pt-ml-ec-sul',     '(38.744913, -9.148102)', '{"Estação Ferroviária de Entrecampos"}', 'escalator'),
('pt-ml-in-norte',   '(38.723924, -9.135276)', '{"Avenida Almirante Reis (norte)"}', 'stairs'),
('pt-ml-in-norte',   '(38.723914, -9.135092)', '{"Avenida Almirante Reis (norte)", "Rua Luís Pinto Moitinho"}', 'stairs'),
('pt-ml-in-sul',     '(38.722897, -9.135164)', '{"Avenida Almirante Reis (norte)"}', 'stairs'),
('pt-ml-in-sul',     '(38.723074, -9.135350)', '{"Avenida Almirante Reis (norte)"}', 'stairs'),
('pt-ml-in-sul',     '(38.722440, -9.135410)', '{"Avenida Almirante Reis (sul)"}', 'stairs'),
('pt-ml-in-sul',     '(38.722225, -9.135220)', '{"Avenida Almirante Reis (sul)"}', 'stairs'),
('pt-ml-jz-norte',   '(38.742211, -9.168651)', '{"Praça Marechal Humberto Delgado"}', 'stairs'),
('pt-ml-jz-norte',   '(38.741995, -9.169368)', '{"Praça Marechal Humberto Delgado"}', 'stairs'),
('pt-ml-jz-norte',   '(38.741917, -9.169117)', '{"Praça Marechal Humberto Delgado"}', 'stairs'),
('pt-ml-jz-norte',   '(38.741518, -9.167974)', '{"Avenida das Forças Armadas", "Rua Professor Lima Basto"}', 'stairs'),
('pt-ml-jz-sul',     '(38.740505, -9.166390)', '{"Rua Professor Lima Basto", "Terminal Rodoviário"}', 'stairs'),
('pt-ml-jz-sul',     '(38.740316, -9.167086)', '{"Avenida Columbano Bordalo Pinheiro"}', 'stairs'),
('pt-ml-jz-sul',     '(38.740310, -9.166836)', '{"Estação Ferroviária de Sete Rios"}', 'escalator'),
('pt-ml-la-central', '(38.748400, -9.173016)', '{"Rua Xavier de Araújo"}', 'stairs'),
('pt-ml-la-central', '(38.748203, -9.172840)', '{"Rua Xavier de Araújo"}', 'stairs'),
('pt-ml-la-central', '(38.748487, -9.172329)', '{"Rua Xavier de Araújo", "Estrada da Luz"}', 'stairs'),
('pt-ml-lu-norte',   '(38.774304, -9.159618)', '{"Estrada da Torre"}', 'stairs'),
('pt-ml-lu-norte',   '(38.774139, -9.159875)', '{"Estrada da Torre"}', 'stairs'),
('pt-ml-lu-norte',   '(38.773792, -9.159646)', '{"Largo República da Turquia"}', 'lift'),
('pt-ml-lu-sul',     '(38.772807, -9.159554)', '{"Rua Cordeiro Ferreira", "Largo República da Turquia"}', 'stairs'),
('pt-ml-lu-sul',     '(38.772867, -9.159957)', '{"Rua Cordeiro Ferreira", "Rua República do Uruguai"}', 'stairs'),
('pt-ml-lu-sul',     '(38.772628, -9.160113)', '{"Rua Cordeiro Ferreira", "Rua República do Uruguai"}', 'stairs'),
('pt-ml-mp-norte',   '(38.724891, -9.150742)', '{"Praça Marquês de Pombal", "Rua Joaquim António Augusto de Aguiar", "Rua Braancamp"}', 'stairs'),
('pt-ml-mp-norte',   '(38.724611, -9.149922)', '{"Praça Marquês de Pombal", "Rua Braancamp", "Avenida da Liberdade"}', 'stairs'),
('pt-ml-mp-norte',   '(38.724540, -9.149824)', '{"Praça Marquês de Pombal", "Rua Braancamp", "Avenida da Liberdade"}', 'lift'),
('pt-ml-mp-norte',   '(38.725106, -9.149117)', '{"Praça Marquês de Pombal", "Avenida Duque de Loulé", "Avenida da Liberdade"}', 'stairs'),
('pt-ml-mp-sul',     '(38.723519, -9.148837)', '{"Avenida da Liberdade", "Rua Alexandre Herculano"}', 'stairs'),
('pt-ml-mp-sul',     '(38.723776, -9.148302)', '{"Avenida da Liberdade", "Rua Alexandre Herculano"}', 'stairs'),
('pt-ml-mm-sul',     '(38.716890, -9.136393)', '{"Praça do Martim Moniz"}', 'stairs'),
('pt-ml-mm-sul',     '(38.716799, -9.135711)', '{"Praça do Martim Moniz"}', 'stairs'),
('pt-ml-mm-sul',     '(38.717002, -9.135664)', '{"Rua da Palma"}', 'stairs'),
('pt-ml-mo-central', '(38.775071, -9.103100)', '{"Rua 1º de Maio (poente)", "Rua Almirante Gago Coutinho"}', 'stairs'),
('pt-ml-mo-central', '(38.775093, -9.102813)', '{"Rua 1º de Maio (nascente)"}', 'stairs'),
('pt-ml-mo-central', '(38.774682, -9.102958)', '{"Rua João Pinto Ribeiro"}', 'lift'),
('pt-ml-mo-central', '(38.774642, -9.103068)', '{"Rua João Pinto Ribeiro (poente)"}', 'stairs'),
('pt-ml-mo-central', '(38.774659, -9.102779)', '{"Rua João Pinto Ribeiro (nascente)"}', 'stairs'),
('pt-ml-od-norte',   '(38.793534, -9.173021)', '{"Rua Doutor Egas Moniz"}', 'ramp'),
('pt-ml-od-norte',   '(38.793266, -9.173144)', '{"Rua Doutor Egas Moniz", "Rua José Monteiro"}', 'ramp'),
('pt-ml-od-sul',     '(38.793014, -9.172508)', '{"Rua Camilo Castelo Branco", "Rua Almeida Garett"}', 'ramp'),
('pt-ml-ol-central', '(38.740087, -9.124077)', '{"Avenida Engenheiro Arantes e Oliveira", "Avenida Carlos Pinhão"}', 'stairs'),
('pt-ml-ol-central', '(38.739573, -9.123596)', '{"Avenida Engenheiro Arantes e Oliveira", "Rua de Olivença"}', 'lift'),
('pt-ml-ol-central', '(38.739156, -9.123613)', '{"Avenida Engenheiro Arantes e Oliveira", "Rua de Olivença", "Rua Aquiles Machado"}', 'stairs'),
('pt-ml-os-central', '(38.761323, -9.112035)', '{"Rua Cidade de Bissau (norte)", "Avenida Cidade de Luanda"}', 'stairs'),
('pt-ml-os-central', '(38.761074, -9.111310)', '{"Avenida Cidade de Luanda"}', 'stairs'),
('pt-ml-os-central', '(38.760771, -9.112204)', '{"Rua Cidade de Bissau (norte)", "Avenida Cidade de Luanda"}', 'stairs'),
('pt-ml-os-central', '(38.760505, -9.112118)', '{"Rua Cidade de Bissau", "Avenida Cidade de Luanda"}', 'lift'),
('pt-ml-os-central', '(38.760251, -9.111926)', '{"Rua Cidade de Bissau (sul)"}', 'stairs'),
('pt-ml-or-central', '(38.767888, -9.099956)', '{"Terminal Rodoviário do Oriente", "Avenida de Berlim", "Via Recíproca"}', 'escalator'),
('pt-ml-or-central', '(38.767880, -9.099781)', '{"Terminal Rodoviário do Oriente", "Avenida de Berlim", "Via Recíproca"}', 'lift'),
('pt-ml-or-central', '(38.767867, -9.099446)', '{"Estação Ferroviária do Oriente", "Centro Comervial Vasco da Gama", "Avenida Dom João II"}', 'lift'),
('pt-ml-or-central', '(38.767851, -9.099255)', '{"Estação Ferroviária do Oriente", "Centro Comervial Vasco da Gama", "Avenida Dom João II"}', 'escalator'),
('pt-ml-pa-central', '(38.729725, -9.150285)', '{"Avenida António Augusto de Aguiar", "Rua Eugénio dos Santos"}', 'stairs'),
('pt-ml-pi-norte',   '(38.731026, -9.147065)', '{"Avenida Fontes Pereira de Melo", "Rua Tomás Ribeiro"}', 'stairs'),
('pt-ml-pi-norte',   '(38.730843, -9.146976)', '{"Avenida Fontes Pereira de Melo", "Rua Tomás Ribeiro"}', 'stairs'),
('pt-ml-pi-norte',   '(38.730635, -9.146454)', '{"Avenida Fontes Pereira de Melo", "Rua Tomás Ribeiro"}', 'stairs'),
('pt-ml-pi-norte',   '(38.730984, -9.146128)', '{"Avenida Fontes Pereira de Melo"}', 'stairs'),
('pt-ml-pi-norte',   '(38.730890, -9.146061)', '{"Avenida Fontes Pereira de Melo"}', 'stairs'),
('pt-ml-pi-sul',     '(38.729905, -9.146931)', '{"Avenida Fontes Pereira de Melo", "Rua Andrade Corvo"}', 'stairs'),
('pt-ml-pi-sul',     '(38.730084, -9.147410)', '{"Avenida Fontes Pereira de Melo", "Rua Andrade Corvo"}', 'stairs'),
('pt-ml-po-central', '(38.762361, -9.196915)', '{"Estrada Militar", "Terminal Rodoviário"}', 'ramp'),
('pt-ml-po-central', '(38.762026, -9.196751)', '{"Estrada Militar", "Terminal Rodoviário"}', 'ramp'),
('pt-ml-pe-norte',   '(38.738020, -9.160218)', '{"Avenida Columbano Bordalo Pinheiro"}', 'stairs'),
('pt-ml-pe-norte',   '(38.737781, -9.159997)', '{"Avenida Columbano Bordalo Pinheiro"}', 'stairs'),
('pt-ml-pe-sul',     '(38.737454, -9.158491)', '{"Terminal Rodoviário", "Praça de Espanha"}', 'stairs'),
('pt-ml-pe-sul',     '(38.737691, -9.158457)', '{"Terminal Rodoviário", "Praça de Espanha"}', 'stairs'),
('pt-ml-qc-norte',   '(38.767979, -9.155602)', '{"Rua Tobis Portuguesa", "Rua Luís Pastor de Macedo"}', 'stairs'),
('pt-ml-qc-norte',   '(38.767294, -9.155632)', '{"Rua Luís Pastor de Macedo"}', 'lift'),
('pt-ml-qc-norte',   '(38.767241, -9.155828)', '{"Rua Luís Pastor de Macedo"}', 'stairs'),
('pt-ml-qc-sul',     '(38.767088, -9.155330)', '{"Rua Tobis Portuguesa", "Rua Luís Pastor de Macedo", "Avenida Maria Helena Vieira da Silva"}', 'stairs'),
('pt-ml-ra-central', '(38.720334, -9.154681)', '{"Largo do Rato"}', 'lift'),
('pt-ml-ra-central', '(38.720150, -9.155698)', '{"Largo do Rato", "Rua das Amoreiras", "Avenida Álvares Cabral"}', 'stairs'),
('pt-ml-ra-central', '(38.720097, -9.154030)', '{"Largo do Rato", "Rua do Salitre", "Rua Alexandre Herculano"}', 'stairs'),
('pt-ml-rb-central', '(38.752423, -9.224662)', '{"Rua das Indústrias", "Rua Vítor Alves"}', 'stairs'),
('pt-ml-rb-central', '(38.752273, -9.224763)', '{"Rua das Indústrias", "Rua Vítor Alves"}', 'stairs'),
('pt-ml-rb-central', '(38.751882, -9.224068)', '{"Rua das Indústrias"}', 'lift'),
('pt-ml-rb-central', '(38.751639, -9.223722)', '{"Rua das Indústrias"}', 'stairs'),
('pt-ml-rb-central', '(38.751322, -9.223614)', '{"Estação Ferroviária da Reboleira", "Rua das Indústrias"}', 'escalator'),
('pt-ml-re-norte',   '(38.716499, -9.142718)', '{"Avenida da Liberdade (sul)", "Praça dos Restauradores"}', 'stairs'),
('pt-ml-re-norte',   '(38.716482, -9.142541)', '{"Avenida da Liberdade (sul)", "Praça dos Restauradores"}', 'lift'),
('pt-ml-re-norte',   '(38.716549, -9.142559)', '{"Avenida da Liberdade (sul)", "Praça dos Restauradores"}', 'stairs'),
('pt-ml-re-sul',     '(38.715282, -9.142515)', '{"Estação Ferroviária do Rossio"}', 'escalator'),
('pt-ml-re-sul',     '(38.715340, -9.141864)', '{"Praça dos Restauradores"}', 'stairs'),
('pt-ml-re-sul',     '(38.715131, -9.141589)', '{"Praça dos Restauradores"}', 'stairs'),
('pt-ml-re-sul',     '(38.715095, -9.141348)', '{"Praça dos Restauradores", "Rua 1º de Dezembro"}', 'stairs'),
('pt-ml-re-sul',     '(38.715432, -9.140985)', '{"Praça dos Restauradores"}', 'stairs'),
('pt-ml-re-sul',     '(38.715285, -9.141018)', '{"Praça dos Restauradores", "Rua 1º de Dezembro"}', 'stairs'),
('pt-ml-rm-norte',   '(38.748942, -9.141465)', '{"Avenida de Roma (norte)", "Avenida dos Estados Unidos da América"}', 'stairs'),
('pt-ml-rm-norte',   '(38.748839, -9.141872)', '{"Avenida de Roma (norte)", "Avenida dos Estados Unidos da América"}', 'stairs'),
('pt-ml-rm-norte',   '(38.748425, -9.141298)', '{"Avenida de Roma (sul)"}', 'stairs'),
('pt-ml-rm-norte',   '(38.748354, -9.141567)', '{"Avenida de Roma (sul)"}', 'stairs'),
('pt-ml-rm-sul',   '(38.747280, -9.141007)', '{"Avenida de Roma"}', 'lift'),
('pt-ml-rm-sul',     '(38.747198, -9.140628)', '{"Avenida de Roma (sul)", "Rua Frei Amador Arrais", "Rua Conde Sabugosa"}', 'stairs'),
('pt-ml-rm-sul',     '(38.747106, -9.140926)', '{"Avenida de Roma (sul)", "Rua Frei Amador Arrais", "Rua Conde Sabugosa"}', 'stairs'),
('pt-ml-ro-poente',  '(38.714011, -9.138971)', '{"Praça Dom Pedro IV (Rossio)"}', 'stairs'),
('pt-ml-ro-poente',  '(38.713802, -9.138895)', '{"Praça Dom Pedro IV (Rossio)"}', 'stairs'),
('pt-ml-ro-poente',  '(38.714022, -9.138402)', '{"Praça da Figueira"}', 'stairs'),
('pt-ml-ro-poente',  '(38.713841, -9.138410)', '{"Praça da Figueira"}', 'lift'),
('pt-ml-ro-nascente','(38.714185, -9.137568)', '{"Praça da Figueira"}', 'stairs'),
('pt-ml-sa-norte',   '(38.734845, -9.145414)', '{"Avenida da República (sul)"}', 'stairs'),
('pt-ml-sa-norte',   '(38.734730, -9.145388)', '{"Avenida da República (sul)"}', 'stairs'),
('pt-ml-sa-norte',   '(38.735364, -9.145528)', '{"Avenida da República (norte)"}', 'stairs'),
('pt-ml-sa-norte',   '(38.735590, -9.144974)', '{"Avenida da República (norte)"}', 'stairs'),
('pt-ml-sa-norte',   '(38.735413, -9.144934)', '{"Avenida da República (sul)", "Avenida Duque de Ávila"}', 'stairs'),
('pt-ml-sa-norte',   '(38.734974, -9.144827)', '{"Avenida da República", "Avenida Duque de Ávila"}', 'lift'),
('pt-ml-sa-norte',   '(38.734844, -9.144796)', '{"Avenida da República (sul)"}', 'stairs'),
('pt-ml-sa-sul',     '(38.733826, -9.145574)', '{"Praça Duque de Saldanha", "Avenida Praia da Vitória"}', 'stairs'),
('pt-ml-sa-sul',     '(38.734031, -9.144167)', '{"Praça Duque de Saldanha", "Avenida Praia da Vitória"}', 'stairs'),
('pt-ml-sa-este',    '(38.735344, -9.142896)', '{"Avenida Duque de Ávila (poente)"}', 'stairs'),
('pt-ml-sa-este',    '(38.735356, -9.142441)', '{"Avenida Duque de Ávila (nascente)"}', 'stairs'),
('pt-ml-sp-central', '(38.713905, -9.122531)', '{"Avenida Infante Dom Henrique", "Estação Ferroviária de Santa Apolónia"}', 'lift'),
('pt-ml-sp-central', '(38.713706, -9.122149)', '{"Avenida Infante Dom Henrique"}', 'stairs'),
('pt-ml-sp-central', '(38.713466, -9.122410)', '{"Avenida Infante Dom Henrique"}', 'stairs'),
('pt-ml-ss-norte',   '(38.734800, -9.154180)', '{"Avenida António Augusto de Aguiar"}', 'stairs'),
('pt-ml-ss-norte',   '(38.734562, -9.154518)', '{"Avenida Ressano Garcia"}', 'stairs'),
('pt-ml-ss-norte',   '(38.734566, -9.154350)', '{"Avenida António Augusto de Aguiar"}', 'lift'),
('pt-ml-ss-norte',   '(38.733851, -9.153930)', '{"El Corte Inglês"}', 'escalator'),
('pt-ml-ss-este',    '(38.735094, -9.150894)', '{"Avenida Duque de Ávila (nascente)"}', 'stairs'),
('pt-ml-ss-este',    '(38.735062, -9.151854)', '{"Avenida Duque de Ávila (poente)", "Rua Marquês Sá da Bandeira"}', 'stairs'),
('pt-ml-ss-sul',     '(38.733419, -9.152612)', '{"Rua Carlos Testa"}', 'stairs'),
('pt-ml-sr-norte',   '(38.785807, -9.171886)', '{"Rua do Senhor Roubado", "Terminal Rodoviário"}', 'escalator'),
('pt-ml-sr-sul',     '(38.785456, -9.171740)', '{"Terminal Rodoviário"}', 'escalator'),
('pt-ml-te-central', '(38.760304, -9.166037)', '{"Jardim Professor António de Sousa Franco", "Praça Professor Rodrigues Lapa"}', 'escalator'),
('pt-ml-te-central', '(38.760177, -9.166350)', '{"Jardim Professor António de Sousa Franco"}', 'lift'),
('pt-ml-te-central', '(38.759856, -9.166896)', '{"Estrada de Telheiras"}', 'escalator'),
('pt-ml-tp-central', '(38.707545, -9.135435)', '{"Praça do Comércio"}', 'stairs'),
('pt-ml-tp-central', '(38.706620, -9.134810)', '{"Avenida Infante Dom Henrique"}', 'stairs'),
('pt-ml-tp-central', '(38.707119, -9.134189)', '{"Avenida Infante Dom Henrique"}', 'lift'),
('pt-ml-tp-central', '(38.707195, -9.133295)', '{"Avenida Infante Dom Henrique"}', 'stairs'),
('pt-ml-tp-central', '(38.706907, -9.133563)', '{"Terminal Fluvial do Terreiro do Paço"}', 'escalator');

INSERT INTO station_lobby_schedule VALUES
('pt-ml-ap-central',  false, 0, true, '06:30:00', '18 hour 30 minute'),
('pt-ml-ap-central',  false, 1, true, '06:30:00', '18 hour 30 minute'),
('pt-ml-ap-central',  false, 2, true, '06:30:00', '18 hour 30 minute'),
('pt-ml-ap-central',  false, 3, true, '06:30:00', '18 hour 30 minute'),
('pt-ml-ap-central',  false, 4, true, '06:30:00', '18 hour 30 minute'),
('pt-ml-ap-central',  false, 5, true, '06:30:00', '18 hour 30 minute'),
('pt-ml-ap-central',  false, 6, true, '06:30:00', '18 hour 30 minute'),
('pt-ml-ap-central',  true,  0, true, '06:30:00', '18 hour 30 minute'),
('pt-ml-am-norte',    false, 0, true, '06:30:00', '18 hour 30 minute'),
('pt-ml-am-norte',    false, 1, true, '06:30:00', '18 hour 30 minute'),
('pt-ml-am-norte',    false, 2, true, '06:30:00', '18 hour 30 minute'),
('pt-ml-am-norte',    false, 3, true, '06:30:00', '18 hour 30 minute'),
('pt-ml-am-norte',    false, 4, true, '06:30:00', '18 hour 30 minute'),
('pt-ml-am-norte',    false, 5, true, '06:30:00', '18 hour 30 minute'),
('pt-ml-am-norte',    false, 6, true, '06:30:00', '18 hour 30 minute'),
('pt-ml-am-norte',    true,  0, true, '06:30:00', '18 hour 30 minute'),
('pt-ml-am-norte',    true,  365, true, '06:30:00', '24 hour'),
('pt-ml-am-central',  false, 0, true, '06:30:00', '18 hour 30 minute'),
('pt-ml-am-central',  false, 1, true, '06:30:00', '18 hour 30 minute'),
('pt-ml-am-central',  false, 2, true, '06:30:00', '18 hour 30 minute'),
('pt-ml-am-central',  false, 3, true, '06:30:00', '18 hour 30 minute'),
('pt-ml-am-central',  false, 4, true, '06:30:00', '18 hour 30 minute'),
('pt-ml-am-central',  false, 5, true, '06:30:00', '18 hour 30 minute'),
('pt-ml-am-central',  false, 6, true, '06:30:00', '18 hour 30 minute'),
('pt-ml-am-central',  true,  0, true, '06:30:00', '18 hour 30 minute'),
('pt-ml-am-central',  true,  365, true, '06:30:00', '24 hour'),
('pt-ml-af-central',  false, 0, true, '06:30:00', '18 hour 30 minute'),
('pt-ml-af-central',  false, 1, true, '06:30:00', '18 hour 30 minute'),
('pt-ml-af-central',  false, 2, true, '06:30:00', '18 hour 30 minute'),
('pt-ml-af-central',  false, 3, true, '06:30:00', '18 hour 30 minute'),
('pt-ml-af-central',  false, 4, true, '06:30:00', '18 hour 30 minute'),
('pt-ml-af-central',  false, 5, true, '06:30:00', '18 hour 30 minute'),
('pt-ml-af-central',  false, 6, true, '06:30:00', '18 hour 30 minute'),
('pt-ml-af-central',  true,  0, true, '06:30:00', '18 hour 30 minute'),
('pt-ml-ah-central',  false, 0, true, '06:30:00', '18 hour 30 minute'),
('pt-ml-ah-central',  false, 1, true, '06:30:00', '18 hour 30 minute'),
('pt-ml-ah-central',  false, 2, true, '06:30:00', '18 hour 30 minute'),
('pt-ml-ah-central',  false, 3, true, '06:30:00', '18 hour 30 minute'),
('pt-ml-ah-central',  false, 4, true, '06:30:00', '18 hour 30 minute'),
('pt-ml-ah-central',  false, 5, true, '06:30:00', '18 hour 30 minute'),
('pt-ml-ah-central',  false, 6, true, '06:30:00', '18 hour 30 minute'),
('pt-ml-ah-central',  true,  0, true, '06:30:00', '18 hour 30 minute'),
('pt-ml-al-norte',    false, 0, true, '06:30:00', '18 hour 30 minute'),
('pt-ml-al-norte',    false, 1, true, '06:30:00', '18 hour 30 minute'),
('pt-ml-al-norte',    false, 2, true, '06:30:00', '18 hour 30 minute'),
('pt-ml-al-norte',    false, 3, true, '06:30:00', '18 hour 30 minute'),
('pt-ml-al-norte',    false, 4, true, '06:30:00', '18 hour 30 minute'),
('pt-ml-al-norte',    false, 5, true, '06:30:00', '18 hour 30 minute'),
('pt-ml-al-norte',    false, 6, true, '06:30:00', '18 hour 30 minute'),
('pt-ml-al-norte',    true,  0, true, '06:30:00', '18 hour 30 minute'),
('pt-ml-al-sul',      false, 0, true, '06:30:00', '18 hour 30 minute'),
('pt-ml-al-sul',      false, 1, true, '06:30:00', '18 hour 30 minute'),
('pt-ml-al-sul',      false, 2, true, '06:30:00', '18 hour 30 minute'),
('pt-ml-al-sul',      false, 3, true, '06:30:00', '18 hour 30 minute'),
('pt-ml-al-sul',      false, 4, true, '06:30:00', '18 hour 30 minute'),
('pt-ml-al-sul',      false, 5, true, '06:30:00', '18 hour 30 minute'),
('pt-ml-al-sul',      false, 6, true, '06:30:00', '18 hour 30 minute'),
('pt-ml-al-sul',      true,  0, true, '06:30:00', '18 hour 30 minute'),
('pt-ml-as-central',  false, 0, true, '06:30:00', '18 hour 30 minute'),
('pt-ml-as-central',  false, 1, true, '06:30:00', '18 hour 30 minute'),
('pt-ml-as-central',  false, 2, true, '06:30:00', '18 hour 30 minute'),
('pt-ml-as-central',  false, 3, true, '06:30:00', '18 hour 30 minute'),
('pt-ml-as-central',  false, 4, true, '06:30:00', '18 hour 30 minute'),
('pt-ml-as-central',  false, 5, true, '06:30:00', '18 hour 30 minute'),
('pt-ml-as-central',  false, 6, true, '06:30:00', '18 hour 30 minute'),
('pt-ml-as-central',  true,  0, true, '06:30:00', '18 hour 30 minute'),
('pt-ml-ax-central',  false, 0, true, '06:30:00', '18 hour 30 minute'),
('pt-ml-ax-central',  false, 1, true, '06:30:00', '18 hour 30 minute'),
('pt-ml-ax-central',  false, 2, true, '06:30:00', '18 hour 30 minute'),
('pt-ml-ax-central',  false, 3, true, '06:30:00', '18 hour 30 minute'),
('pt-ml-ax-central',  false, 4, true, '06:30:00', '18 hour 30 minute'),
('pt-ml-ax-central',  false, 5, true, '06:30:00', '18 hour 30 minute'),
('pt-ml-ax-central',  false, 6, true, '06:30:00', '18 hour 30 minute'),
('pt-ml-ax-central',  true,  0, true, '06:30:00', '18 hour 30 minute'),
('pt-ml-an-norte',    false, 0, true, '06:30:00', '18 hour 30 minute'),
('pt-ml-an-norte',    false, 1, true, '06:30:00', '18 hour 30 minute'),
('pt-ml-an-norte',    false, 2, true, '06:30:00', '18 hour 30 minute'),
('pt-ml-an-norte',    false, 3, true, '06:30:00', '18 hour 30 minute'),
('pt-ml-an-norte',    false, 4, true, '06:30:00', '18 hour 30 minute'),
('pt-ml-an-norte',    false, 5, true, '06:30:00', '18 hour 30 minute'),
('pt-ml-an-norte',    false, 6, true, '06:30:00', '18 hour 30 minute'),
('pt-ml-an-norte',    true,  0, true, '06:30:00', '18 hour 30 minute'),
('pt-ml-an-sul',      false, 0, true, '06:30:00', '18 hour 30 minute'),
('pt-ml-an-sul',      false, 1, true, '06:30:00', '18 hour 30 minute'),
('pt-ml-an-sul',      false, 2, true, '06:30:00', '18 hour 30 minute'),
('pt-ml-an-sul',      false, 3, true, '06:30:00', '18 hour 30 minute'),
('pt-ml-an-sul',      false, 4, true, '06:30:00', '18 hour 30 minute'),
('pt-ml-an-sul',      false, 5, true, '06:30:00', '18 hour 30 minute'),
('pt-ml-an-sul',      false, 6, true, '06:30:00', '18 hour 30 minute'),
('pt-ml-an-sul',      true,  0, true, '06:30:00', '18 hour 30 minute'),
('pt-ml-ae-norte',    false, 0, false, '06:30:00', '18 hour 30 minute'),
('pt-ml-ae-norte',    false, 1, false, '06:30:00', '18 hour 30 minute'),
('pt-ml-ae-norte',    false, 2, false, '06:30:00', '18 hour 30 minute'),
('pt-ml-ae-norte',    false, 3, false, '06:30:00', '18 hour 30 minute'),
('pt-ml-ae-norte',    false, 4, false, '06:30:00', '18 hour 30 minute'),
('pt-ml-ae-norte',    false, 5, false, '06:30:00', '18 hour 30 minute'),
('pt-ml-ae-norte',    false, 6, false, '06:30:00', '18 hour 30 minute'),
('pt-ml-ae-norte',    true,  0, false, '06:30:00', '18 hour 30 minute'),
('pt-ml-ae-norte',    true,  365, false, '06:30:00', '24 hour'),
('pt-ml-ae-sul',      false, 0, true, '06:30:00', '18 hour 30 minute'),
('pt-ml-ae-sul',      false, 1, true, '06:30:00', '18 hour 30 minute'),
('pt-ml-ae-sul',      false, 2, true, '06:30:00', '18 hour 30 minute'),
('pt-ml-ae-sul',      false, 3, true, '06:30:00', '18 hour 30 minute'),
('pt-ml-ae-sul',      false, 4, true, '06:30:00', '18 hour 30 minute'),
('pt-ml-ae-sul',      false, 5, true, '06:30:00', '18 hour 30 minute'),
('pt-ml-ae-sul',      false, 6, true, '06:30:00', '18 hour 30 minute'),
('pt-ml-ae-sul',      true,  0, true, '06:30:00', '18 hour 30 minute'),
('pt-ml-ae-sul',      true,  365, true, '06:30:00', '24 hour'),
('pt-ml-ar-norte',    false, 0, true, '06:30:00', '18 hour 30 minute'),
('pt-ml-ar-norte',    false, 1, true, '06:30:00', '18 hour 30 minute'),
('pt-ml-ar-norte',    false, 2, true, '06:30:00', '18 hour 30 minute'),
('pt-ml-ar-norte',    false, 3, true, '06:30:00', '18 hour 30 minute'),
('pt-ml-ar-norte',    false, 4, true, '06:30:00', '18 hour 30 minute'),
('pt-ml-ar-norte',    false, 5, true, '06:30:00', '18 hour 30 minute'),
('pt-ml-ar-norte',    false, 6, true, '06:30:00', '18 hour 30 minute'),
('pt-ml-ar-norte',    true,  0, true, '06:30:00', '18 hour 30 minute'),
('pt-ml-ar-sul',      false, 0, false, '00:00:00', '0 minute'),
('pt-ml-ar-sul',      false, 1, true, '06:30:00', '15 hour'),
('pt-ml-ar-sul',      false, 2, true, '06:30:00', '15 hour'),
('pt-ml-ar-sul',      false, 3, true, '06:30:00', '15 hour'),
('pt-ml-ar-sul',      false, 4, true, '06:30:00', '15 hour'),
('pt-ml-ar-sul',      false, 5, true, '06:30:00', '15 hour'),
('pt-ml-ar-sul',      false, 6, false, '00:00:00', '0 minute'),
('pt-ml-ar-sul',      true,  0, false, '00:00:00', '0 minute'),
('pt-ml-av-norte',    false, 0, true, '06:30:00', '18 hour 30 minute'),
('pt-ml-av-norte',    false, 1, true, '06:30:00', '18 hour 30 minute'),
('pt-ml-av-norte',    false, 2, true, '06:30:00', '18 hour 30 minute'),
('pt-ml-av-norte',    false, 3, true, '06:30:00', '18 hour 30 minute'),
('pt-ml-av-norte',    false, 4, true, '06:30:00', '18 hour 30 minute'),
('pt-ml-av-norte',    false, 5, true, '06:30:00', '18 hour 30 minute'),
('pt-ml-av-norte',    false, 6, true, '06:30:00', '18 hour 30 minute'),
('pt-ml-av-norte',    true,  0, true, '06:30:00', '18 hour 30 minute'),
('pt-ml-av-sul',      false, 0, false, '00:00:00', '0 minute'),
('pt-ml-av-sul',      false, 1, true, '06:30:00', '15 hour'),
('pt-ml-av-sul',      false, 2, true, '06:30:00', '15 hour'),
('pt-ml-av-sul',      false, 3, true, '06:30:00', '15 hour'),
('pt-ml-av-sul',      false, 4, true, '06:30:00', '15 hour'),
('pt-ml-av-sul',      false, 5, true, '06:30:00', '15 hour'),
('pt-ml-av-sul',      false, 6, false, '00:00:00', '0 minute'),
('pt-ml-av-sul',      true,  0, false, '00:00:00', '0 minute'),
('pt-ml-bc-central',  false, 0, true, '06:30:00', '18 hour 30 minute'),
('pt-ml-bc-central',  false, 1, true, '06:30:00', '18 hour 30 minute'),
('pt-ml-bc-central',  false, 2, true, '06:30:00', '18 hour 30 minute'),
('pt-ml-bc-central',  false, 3, true, '06:30:00', '18 hour 30 minute'),
('pt-ml-bc-central',  false, 4, true, '06:30:00', '18 hour 30 minute'),
('pt-ml-bc-central',  false, 5, true, '06:30:00', '18 hour 30 minute'),
('pt-ml-bc-central',  false, 6, true, '06:30:00', '18 hour 30 minute'),
('pt-ml-bc-central',  true,  0, true, '06:30:00', '18 hour 30 minute'),
('pt-ml-bc-central',  true,  365, true, '06:30:00', '24 hour'),
('pt-ml-bv-central',  false, 0, true, '06:30:00', '18 hour 30 minute'),
('pt-ml-bv-central',  false, 1, true, '06:30:00', '18 hour 30 minute'),
('pt-ml-bv-central',  false, 2, true, '06:30:00', '18 hour 30 minute'),
('pt-ml-bv-central',  false, 3, true, '06:30:00', '18 hour 30 minute'),
('pt-ml-bv-central',  false, 4, true, '06:30:00', '18 hour 30 minute'),
('pt-ml-bv-central',  false, 5, true, '06:30:00', '18 hour 30 minute'),
('pt-ml-bv-central',  false, 6, true, '06:30:00', '18 hour 30 minute'),
('pt-ml-bv-central',  true,  0, true, '06:30:00', '18 hour 30 minute'),
('pt-ml-cr-nascente', false, 0, true, '06:30:00', '18 hour 30 minute'),
('pt-ml-cr-nascente', false, 1, true, '06:30:00', '18 hour 30 minute'),
('pt-ml-cr-nascente', false, 2, true, '06:30:00', '18 hour 30 minute'),
('pt-ml-cr-nascente', false, 3, true, '06:30:00', '18 hour 30 minute'),
('pt-ml-cr-nascente', false, 4, true, '06:30:00', '18 hour 30 minute'),
('pt-ml-cr-nascente', false, 5, true, '06:30:00', '18 hour 30 minute'),
('pt-ml-cr-nascente', false, 6, true, '06:30:00', '18 hour 30 minute'),
('pt-ml-cr-nascente', true,  0, true, '06:30:00', '18 hour 30 minute'),
('pt-ml-cr-poente',   false, 0, true, '06:30:00', '18 hour 30 minute'),
('pt-ml-cr-poente',   false, 1, true, '06:30:00', '18 hour 30 minute'),
('pt-ml-cr-poente',   false, 2, true, '06:30:00', '18 hour 30 minute'),
('pt-ml-cr-poente',   false, 3, true, '06:30:00', '18 hour 30 minute'),
('pt-ml-cr-poente',   false, 4, true, '06:30:00', '18 hour 30 minute'),
('pt-ml-cr-poente',   false, 5, true, '06:30:00', '18 hour 30 minute'),
('pt-ml-cr-poente',   false, 6, true, '06:30:00', '18 hour 30 minute'),
('pt-ml-cr-poente',   true,  0, true, '06:30:00', '18 hour 30 minute'),
('pt-ml-cs-central',  false, 0, true, '06:30:00', '18 hour 30 minute'),
('pt-ml-cs-central',  false, 1, true, '06:30:00', '18 hour 30 minute'),
('pt-ml-cs-central',  false, 2, true, '06:30:00', '18 hour 30 minute'),
('pt-ml-cs-central',  false, 3, true, '06:30:00', '18 hour 30 minute'),
('pt-ml-cs-central',  false, 4, true, '06:30:00', '18 hour 30 minute'),
('pt-ml-cs-central',  false, 5, true, '06:30:00', '18 hour 30 minute'),
('pt-ml-cs-central',  false, 6, true, '06:30:00', '18 hour 30 minute'),
('pt-ml-cs-central',  true,  0, true, '06:30:00', '18 hour 30 minute'),
('pt-ml-cs-central',  true,  365, true, '06:30:00', '24 hour'),
('pt-ml-cg-central',  false, 0, true, '06:30:00', '18 hour 30 minute'),
('pt-ml-cg-central',  false, 1, true, '06:30:00', '18 hour 30 minute'),
('pt-ml-cg-central',  false, 2, true, '06:30:00', '18 hour 30 minute'),
('pt-ml-cg-central',  false, 3, true, '06:30:00', '18 hour 30 minute'),
('pt-ml-cg-central',  false, 4, true, '06:30:00', '18 hour 30 minute'),
('pt-ml-cg-central',  false, 5, true, '06:30:00', '18 hour 30 minute'),
('pt-ml-cg-central',  false, 6, true, '06:30:00', '18 hour 30 minute'),
('pt-ml-cg-central',  true,  0, true, '06:30:00', '18 hour 30 minute'),
('pt-ml-cp-norte',    false, 0, true, '06:30:00', '18 hour 30 minute'),
('pt-ml-cp-norte',    false, 1, true, '06:30:00', '18 hour 30 minute'),
('pt-ml-cp-norte',    false, 2, true, '06:30:00', '18 hour 30 minute'),
('pt-ml-cp-norte',    false, 3, true, '06:30:00', '18 hour 30 minute'),
('pt-ml-cp-norte',    false, 4, true, '06:30:00', '18 hour 30 minute'),
('pt-ml-cp-norte',    false, 5, true, '06:30:00', '18 hour 30 minute'),
('pt-ml-cp-norte',    false, 6, true, '06:30:00', '18 hour 30 minute'),
('pt-ml-cp-norte',    true,  0, true, '06:30:00', '18 hour 30 minute'),
('pt-ml-cp-sul',      false, 0, false, '00:00:00', '0 minute'),
('pt-ml-cp-sul',      false, 1, true, '06:30:00', '15 hour'),
('pt-ml-cp-sul',      false, 2, true, '06:30:00', '15 hour'),
('pt-ml-cp-sul',      false, 3, true, '06:30:00', '15 hour'),
('pt-ml-cp-sul',      false, 4, true, '06:30:00', '15 hour'),
('pt-ml-cp-sul',      false, 5, true, '06:30:00', '15 hour'),
('pt-ml-cp-sul',      false, 6, false, '00:00:00', '0 minute'),
('pt-ml-cp-sul',      true,  0, false, '00:00:00', '0 minute'),
('pt-ml-ca-central',  false, 0, true, '06:30:00', '18 hour 30 minute'),
('pt-ml-ca-central',  false, 1, true, '06:30:00', '18 hour 30 minute'),
('pt-ml-ca-central',  false, 2, true, '06:30:00', '18 hour 30 minute'),
('pt-ml-ca-central',  false, 3, true, '06:30:00', '18 hour 30 minute'),
('pt-ml-ca-central',  false, 4, true, '06:30:00', '18 hour 30 minute'),
('pt-ml-ca-central',  false, 5, true, '06:30:00', '18 hour 30 minute'),
('pt-ml-ca-central',  false, 6, true, '06:30:00', '18 hour 30 minute'),
('pt-ml-ca-central',  true,  0, true, '06:30:00', '18 hour 30 minute'),
('pt-ml-ch-central',  false, 0, true, '06:30:00', '18 hour 30 minute'),
('pt-ml-ch-central',  false, 1, true, '06:30:00', '18 hour 30 minute'),
('pt-ml-ch-central',  false, 2, true, '06:30:00', '18 hour 30 minute'),
('pt-ml-ch-central',  false, 3, true, '06:30:00', '18 hour 30 minute'),
('pt-ml-ch-central',  false, 4, true, '06:30:00', '18 hour 30 minute'),
('pt-ml-ch-central',  false, 5, true, '06:30:00', '18 hour 30 minute'),
('pt-ml-ch-central',  false, 6, true, '06:30:00', '18 hour 30 minute'),
('pt-ml-ch-central',  true,  0, true, '06:30:00', '18 hour 30 minute'),
('pt-ml-cu-central',  false, 0, true, '06:30:00', '18 hour 30 minute'),
('pt-ml-cu-central',  false, 1, true, '06:30:00', '18 hour 30 minute'),
('pt-ml-cu-central',  false, 2, true, '06:30:00', '18 hour 30 minute'),
('pt-ml-cu-central',  false, 3, true, '06:30:00', '18 hour 30 minute'),
('pt-ml-cu-central',  false, 4, true, '06:30:00', '18 hour 30 minute'),
('pt-ml-cu-central',  false, 5, true, '06:30:00', '18 hour 30 minute'),
('pt-ml-cu-central',  false, 6, true, '06:30:00', '18 hour 30 minute'),
('pt-ml-cu-central',  true,  0, true, '06:30:00', '18 hour 30 minute'),
('pt-ml-cm-central',  false, 0, true, '06:30:00', '18 hour 30 minute'),
('pt-ml-cm-central',  false, 1, true, '06:30:00', '18 hour 30 minute'),
('pt-ml-cm-central',  false, 2, true, '06:30:00', '18 hour 30 minute'),
('pt-ml-cm-central',  false, 3, true, '06:30:00', '18 hour 30 minute'),
('pt-ml-cm-central',  false, 4, true, '06:30:00', '18 hour 30 minute'),
('pt-ml-cm-central',  false, 5, true, '06:30:00', '18 hour 30 minute'),
('pt-ml-cm-central',  false, 6, true, '06:30:00', '18 hour 30 minute'),
('pt-ml-cm-central',  true,  0, true, '06:30:00', '18 hour 30 minute'),
('pt-ml-cm-central',  true,  365, true, '06:30:00', '24 hour'),
('pt-ml-en-central',  false, 0, true, '06:30:00', '18 hour 30 minute'),
('pt-ml-en-central',  false, 1, true, '06:30:00', '18 hour 30 minute'),
('pt-ml-en-central',  false, 2, true, '06:30:00', '18 hour 30 minute'),
('pt-ml-en-central',  false, 3, true, '06:30:00', '18 hour 30 minute'),
('pt-ml-en-central',  false, 4, true, '06:30:00', '18 hour 30 minute'),
('pt-ml-en-central',  false, 5, true, '06:30:00', '18 hour 30 minute'),
('pt-ml-en-central',  false, 6, true, '06:30:00', '18 hour 30 minute'),
('pt-ml-en-central',  true,  0, true, '06:30:00', '18 hour 30 minute'),
('pt-ml-ec-norte',    false, 0, true, '06:30:00', '18 hour 30 minute'),
('pt-ml-ec-norte',    false, 1, true, '06:30:00', '18 hour 30 minute'),
('pt-ml-ec-norte',    false, 2, true, '06:30:00', '18 hour 30 minute'),
('pt-ml-ec-norte',    false, 3, true, '06:30:00', '18 hour 30 minute'),
('pt-ml-ec-norte',    false, 4, true, '06:30:00', '18 hour 30 minute'),
('pt-ml-ec-norte',    false, 5, true, '06:30:00', '18 hour 30 minute'),
('pt-ml-ec-norte',    false, 6, true, '06:30:00', '18 hour 30 minute'),
('pt-ml-ec-norte',    true,  0, true, '06:30:00', '18 hour 30 minute'),
('pt-ml-ec-sul',      false, 0, true, '06:30:00', '18 hour 30 minute'),
('pt-ml-ec-sul',      false, 1, true, '06:30:00', '18 hour 30 minute'),
('pt-ml-ec-sul',      false, 2, true, '06:30:00', '18 hour 30 minute'),
('pt-ml-ec-sul',      false, 3, true, '06:30:00', '18 hour 30 minute'),
('pt-ml-ec-sul',      false, 4, true, '06:30:00', '18 hour 30 minute'),
('pt-ml-ec-sul',      false, 5, true, '06:30:00', '18 hour 30 minute'),
('pt-ml-ec-sul',      false, 6, true, '06:30:00', '18 hour 30 minute'),
('pt-ml-ec-sul',      true,  0, true, '06:30:00', '18 hour 30 minute'),
('pt-ml-in-norte',    false, 0, false, '00:00:00', '0 minute'),
('pt-ml-in-norte',    false, 1, true, '06:30:00', '15 hour'),
('pt-ml-in-norte',    false, 2, true, '06:30:00', '15 hour'),
('pt-ml-in-norte',    false, 3, true, '06:30:00', '15 hour'),
('pt-ml-in-norte',    false, 4, true, '06:30:00', '15 hour'),
('pt-ml-in-norte',    false, 5, true, '06:30:00', '15 hour'),
('pt-ml-in-norte',    false, 6, false, '00:00:00', '0 minute'),
('pt-ml-in-norte',    true,  0, false, '00:00:00', '0 minute'),
('pt-ml-in-sul',      false, 0, true, '06:30:00', '18 hour 30 minute'),
('pt-ml-in-sul',      false, 1, true, '06:30:00', '18 hour 30 minute'),
('pt-ml-in-sul',      false, 2, true, '06:30:00', '18 hour 30 minute'),
('pt-ml-in-sul',      false, 3, true, '06:30:00', '18 hour 30 minute'),
('pt-ml-in-sul',      false, 4, true, '06:30:00', '18 hour 30 minute'),
('pt-ml-in-sul',      false, 5, true, '06:30:00', '18 hour 30 minute'),
('pt-ml-in-sul',      false, 6, true, '06:30:00', '18 hour 30 minute'),
('pt-ml-in-sul',      true,  0, true, '06:30:00', '18 hour 30 minute'),
('pt-ml-jz-norte',    false, 0, true, '06:30:00', '18 hour 30 minute'),
('pt-ml-jz-norte',    false, 1, true, '06:30:00', '18 hour 30 minute'),
('pt-ml-jz-norte',    false, 2, true, '06:30:00', '18 hour 30 minute'),
('pt-ml-jz-norte',    false, 3, true, '06:30:00', '18 hour 30 minute'),
('pt-ml-jz-norte',    false, 4, true, '06:30:00', '18 hour 30 minute'),
('pt-ml-jz-norte',    false, 5, true, '06:30:00', '18 hour 30 minute'),
('pt-ml-jz-norte',    false, 6, true, '06:30:00', '18 hour 30 minute'),
('pt-ml-jz-norte',    true,  0, true, '06:30:00', '18 hour 30 minute'),
('pt-ml-jz-norte',    true,  365, true, '06:30:00', '24 hour'),
('pt-ml-jz-sul',      false, 0, true, '06:30:00', '18 hour 30 minute'),
('pt-ml-jz-sul',      false, 1, true, '06:30:00', '18 hour 30 minute'),
('pt-ml-jz-sul',      false, 2, true, '06:30:00', '18 hour 30 minute'),
('pt-ml-jz-sul',      false, 3, true, '06:30:00', '18 hour 30 minute'),
('pt-ml-jz-sul',      false, 4, true, '06:30:00', '18 hour 30 minute'),
('pt-ml-jz-sul',      false, 5, true, '06:30:00', '18 hour 30 minute'),
('pt-ml-jz-sul',      false, 6, true, '06:30:00', '18 hour 30 minute'),
('pt-ml-jz-sul',      true,  0, true, '06:30:00', '18 hour 30 minute'),
('pt-ml-jz-sul',      true,  365, true, '06:30:00', '24 hour'),
('pt-ml-la-central',  false, 0, true, '06:30:00', '18 hour 30 minute'),
('pt-ml-la-central',  false, 1, true, '06:30:00', '18 hour 30 minute'),
('pt-ml-la-central',  false, 2, true, '06:30:00', '18 hour 30 minute'),
('pt-ml-la-central',  false, 3, true, '06:30:00', '18 hour 30 minute'),
('pt-ml-la-central',  false, 4, true, '06:30:00', '18 hour 30 minute'),
('pt-ml-la-central',  false, 5, true, '06:30:00', '18 hour 30 minute'),
('pt-ml-la-central',  false, 6, true, '06:30:00', '18 hour 30 minute'),
('pt-ml-la-central',  true,  0, true, '06:30:00', '18 hour 30 minute'),
('pt-ml-lu-norte',    false, 0, true, '06:30:00', '18 hour 30 minute'),
('pt-ml-lu-norte',    false, 1, true, '06:30:00', '18 hour 30 minute'),
('pt-ml-lu-norte',    false, 2, true, '06:30:00', '18 hour 30 minute'),
('pt-ml-lu-norte',    false, 3, true, '06:30:00', '18 hour 30 minute'),
('pt-ml-lu-norte',    false, 4, true, '06:30:00', '18 hour 30 minute'),
('pt-ml-lu-norte',    false, 5, true, '06:30:00', '18 hour 30 minute'),
('pt-ml-lu-norte',    false, 6, true, '06:30:00', '18 hour 30 minute'),
('pt-ml-lu-norte',    true,  0, true, '06:30:00', '18 hour 30 minute'),
('pt-ml-lu-sul',      false, 0, true, '06:30:00', '18 hour 30 minute'),
('pt-ml-lu-sul',      false, 1, true, '06:30:00', '18 hour 30 minute'),
('pt-ml-lu-sul',      false, 2, true, '06:30:00', '18 hour 30 minute'),
('pt-ml-lu-sul',      false, 3, true, '06:30:00', '18 hour 30 minute'),
('pt-ml-lu-sul',      false, 4, true, '06:30:00', '18 hour 30 minute'),
('pt-ml-lu-sul',      false, 5, true, '06:30:00', '18 hour 30 minute'),
('pt-ml-lu-sul',      false, 6, true, '06:30:00', '18 hour 30 minute'),
('pt-ml-lu-sul',      true,  0, true, '06:30:00', '18 hour 30 minute'),
('pt-ml-mp-norte',    false, 0, true, '06:30:00', '18 hour 30 minute'),
('pt-ml-mp-norte',    false, 1, true, '06:30:00', '18 hour 30 minute'),
('pt-ml-mp-norte',    false, 2, true, '06:30:00', '18 hour 30 minute'),
('pt-ml-mp-norte',    false, 3, true, '06:30:00', '18 hour 30 minute'),
('pt-ml-mp-norte',    false, 4, true, '06:30:00', '18 hour 30 minute'),
('pt-ml-mp-norte',    false, 5, true, '06:30:00', '18 hour 30 minute'),
('pt-ml-mp-norte',    false, 6, true, '06:30:00', '18 hour 30 minute'),
('pt-ml-mp-norte',    true,  0, true, '06:30:00', '18 hour 30 minute'),
('pt-ml-mp-norte',    true,  365, true, '06:30:00', '24 hour'),
('pt-ml-mp-sul',      false, 0, false, '00:00:00', '0 minute'),
('pt-ml-mp-sul',      false, 1, true, '06:30:00', '15 hour'),
('pt-ml-mp-sul',      false, 2, true, '06:30:00', '15 hour'),
('pt-ml-mp-sul',      false, 3, true, '06:30:00', '15 hour'),
('pt-ml-mp-sul',      false, 4, true, '06:30:00', '15 hour'),
('pt-ml-mp-sul',      false, 5, true, '06:30:00', '15 hour'),
('pt-ml-mp-sul',      false, 6, false, '00:00:00', '0 minute'),
('pt-ml-mp-sul',      true,  0, false, '00:00:00', '0 minute'),
('pt-ml-mm-sul',      false, 0, true, '06:30:00', '18 hour 30 minute'),
('pt-ml-mm-sul',      false, 1, true, '06:30:00', '18 hour 30 minute'),
('pt-ml-mm-sul',      false, 2, true, '06:30:00', '18 hour 30 minute'),
('pt-ml-mm-sul',      false, 3, true, '06:30:00', '18 hour 30 minute'),
('pt-ml-mm-sul',      false, 4, true, '06:30:00', '18 hour 30 minute'),
('pt-ml-mm-sul',      false, 5, true, '06:30:00', '18 hour 30 minute'),
('pt-ml-mm-sul',      false, 6, true, '06:30:00', '18 hour 30 minute'),
('pt-ml-mm-sul',      true,  0, true, '06:30:00', '18 hour 30 minute'),
('pt-ml-mo-central',  false, 0, true, '06:30:00', '18 hour 30 minute'),
('pt-ml-mo-central',  false, 1, true, '06:30:00', '18 hour 30 minute'),
('pt-ml-mo-central',  false, 2, true, '06:30:00', '18 hour 30 minute'),
('pt-ml-mo-central',  false, 3, true, '06:30:00', '18 hour 30 minute'),
('pt-ml-mo-central',  false, 4, true, '06:30:00', '18 hour 30 minute'),
('pt-ml-mo-central',  false, 5, true, '06:30:00', '18 hour 30 minute'),
('pt-ml-mo-central',  false, 6, true, '06:30:00', '18 hour 30 minute'),
('pt-ml-mo-central',  true,  0, true, '06:30:00', '18 hour 30 minute'),
('pt-ml-mo-central',  true,  365, true, '06:30:00', '24 hour'),
('pt-ml-od-norte',    false, 0, true, '06:30:00', '18 hour 30 minute'),
('pt-ml-od-norte',    false, 1, true, '06:30:00', '18 hour 30 minute'),
('pt-ml-od-norte',    false, 2, true, '06:30:00', '18 hour 30 minute'),
('pt-ml-od-norte',    false, 3, true, '06:30:00', '18 hour 30 minute'),
('pt-ml-od-norte',    false, 4, true, '06:30:00', '18 hour 30 minute'),
('pt-ml-od-norte',    false, 5, true, '06:30:00', '18 hour 30 minute'),
('pt-ml-od-norte',    false, 6, true, '06:30:00', '18 hour 30 minute'),
('pt-ml-od-norte',    true,  0, true, '06:30:00', '18 hour 30 minute'),
('pt-ml-od-sul',      false, 0, true, '06:30:00', '18 hour 30 minute'),
('pt-ml-od-sul',      false, 1, true, '06:30:00', '18 hour 30 minute'),
('pt-ml-od-sul',      false, 2, true, '06:30:00', '18 hour 30 minute'),
('pt-ml-od-sul',      false, 3, true, '06:30:00', '18 hour 30 minute'),
('pt-ml-od-sul',      false, 4, true, '06:30:00', '18 hour 30 minute'),
('pt-ml-od-sul',      false, 5, true, '06:30:00', '18 hour 30 minute'),
('pt-ml-od-sul',      false, 6, true, '06:30:00', '18 hour 30 minute'),
('pt-ml-od-sul',      true,  0, true, '06:30:00', '18 hour 30 minute'),
('pt-ml-ol-central',  false, 0, true, '06:30:00', '18 hour 30 minute'),
('pt-ml-ol-central',  false, 1, true, '06:30:00', '18 hour 30 minute'),
('pt-ml-ol-central',  false, 2, true, '06:30:00', '18 hour 30 minute'),
('pt-ml-ol-central',  false, 3, true, '06:30:00', '18 hour 30 minute'),
('pt-ml-ol-central',  false, 4, true, '06:30:00', '18 hour 30 minute'),
('pt-ml-ol-central',  false, 5, true, '06:30:00', '18 hour 30 minute'),
('pt-ml-ol-central',  false, 6, true, '06:30:00', '18 hour 30 minute'),
('pt-ml-ol-central',  true,  0, true, '06:30:00', '18 hour 30 minute'),
('pt-ml-os-central',  false, 0, true, '06:30:00', '18 hour 30 minute'),
('pt-ml-os-central',  false, 1, true, '06:30:00', '18 hour 30 minute'),
('pt-ml-os-central',  false, 2, true, '06:30:00', '18 hour 30 minute'),
('pt-ml-os-central',  false, 3, true, '06:30:00', '18 hour 30 minute'),
('pt-ml-os-central',  false, 4, true, '06:30:00', '18 hour 30 minute'),
('pt-ml-os-central',  false, 5, true, '06:30:00', '18 hour 30 minute'),
('pt-ml-os-central',  false, 6, true, '06:30:00', '18 hour 30 minute'),
('pt-ml-os-central',  true,  0, true, '06:30:00', '18 hour 30 minute'),
('pt-ml-os-central',  true,  365, true, '06:30:00', '24 hour'),
('pt-ml-or-central',  false, 0, true, '06:30:00', '18 hour 30 minute'),
('pt-ml-or-central',  false, 1, true, '06:30:00', '18 hour 30 minute'),
('pt-ml-or-central',  false, 2, true, '06:30:00', '18 hour 30 minute'),
('pt-ml-or-central',  false, 3, true, '06:30:00', '18 hour 30 minute'),
('pt-ml-or-central',  false, 4, true, '06:30:00', '18 hour 30 minute'),
('pt-ml-or-central',  false, 5, true, '06:30:00', '18 hour 30 minute'),
('pt-ml-or-central',  false, 6, true, '06:30:00', '18 hour 30 minute'),
('pt-ml-or-central',  true,  0, true, '06:30:00', '18 hour 30 minute'),
('pt-ml-or-central',  true,  365, true, '06:30:00', '24 hour'),
('pt-ml-pa-central',  false, 0, true, '06:30:00', '18 hour 30 minute'),
('pt-ml-pa-central',  false, 1, true, '06:30:00', '18 hour 30 minute'),
('pt-ml-pa-central',  false, 2, true, '06:30:00', '18 hour 30 minute'),
('pt-ml-pa-central',  false, 3, true, '06:30:00', '18 hour 30 minute'),
('pt-ml-pa-central',  false, 4, true, '06:30:00', '18 hour 30 minute'),
('pt-ml-pa-central',  false, 5, true, '06:30:00', '18 hour 30 minute'),
('pt-ml-pa-central',  false, 6, true, '06:30:00', '18 hour 30 minute'),
('pt-ml-pa-central',  true,  0, true, '06:30:00', '18 hour 30 minute'),
('pt-ml-pi-norte',    false, 0, true, '06:30:00', '18 hour 30 minute'),
('pt-ml-pi-norte',    false, 1, true, '06:30:00', '18 hour 30 minute'),
('pt-ml-pi-norte',    false, 2, true, '06:30:00', '18 hour 30 minute'),
('pt-ml-pi-norte',    false, 3, true, '06:30:00', '18 hour 30 minute'),
('pt-ml-pi-norte',    false, 4, true, '06:30:00', '18 hour 30 minute'),
('pt-ml-pi-norte',    false, 5, true, '06:30:00', '18 hour 30 minute'),
('pt-ml-pi-norte',    false, 6, true, '06:30:00', '18 hour 30 minute'),
('pt-ml-pi-norte',    true,  0, true, '06:30:00', '18 hour 30 minute'),
('pt-ml-pi-sul',      false, 0, false, '00:00:00', '0 minute'),
('pt-ml-pi-sul',      false, 1, true, '06:30:00', '15 hour'),
('pt-ml-pi-sul',      false, 2, true, '06:30:00', '15 hour'),
('pt-ml-pi-sul',      false, 3, true, '06:30:00', '15 hour'),
('pt-ml-pi-sul',      false, 4, true, '06:30:00', '15 hour'),
('pt-ml-pi-sul',      false, 5, true, '06:30:00', '15 hour'),
('pt-ml-pi-sul',      false, 6, false, '00:00:00', '0 minute'),
('pt-ml-pi-sul',      true,  0, false, '00:00:00', '0 minute'),
('pt-ml-po-central',  false, 0, true, '06:30:00', '18 hour 30 minute'),
('pt-ml-po-central',  false, 1, true, '06:30:00', '18 hour 30 minute'),
('pt-ml-po-central',  false, 2, true, '06:30:00', '18 hour 30 minute'),
('pt-ml-po-central',  false, 3, true, '06:30:00', '18 hour 30 minute'),
('pt-ml-po-central',  false, 4, true, '06:30:00', '18 hour 30 minute'),
('pt-ml-po-central',  false, 5, true, '06:30:00', '18 hour 30 minute'),
('pt-ml-po-central',  false, 6, true, '06:30:00', '18 hour 30 minute'),
('pt-ml-po-central',  true,  0, true, '06:30:00', '18 hour 30 minute'),
('pt-ml-po-central',  true,  365, true, '06:30:00', '24 hour'),
('pt-ml-pe-norte',    false, 0, true, '06:30:00', '15 hour'),
('pt-ml-pe-norte',    false, 1, true, '06:30:00', '15 hour'),
('pt-ml-pe-norte',    false, 2, true, '06:30:00', '15 hour'),
('pt-ml-pe-norte',    false, 3, true, '06:30:00', '15 hour'),
('pt-ml-pe-norte',    false, 4, true, '06:30:00', '15 hour'),
('pt-ml-pe-norte',    false, 5, true, '06:30:00', '15 hour'),
('pt-ml-pe-norte',    false, 6, true, '06:30:00', '15 hour'),
('pt-ml-pe-norte',    true,  0, true, '06:30:00', '15 hour'),
('pt-ml-pe-sul',      false, 0, true, '06:30:00', '18 hour 30 minute'),
('pt-ml-pe-sul',      false, 1, true, '06:30:00', '18 hour 30 minute'),
('pt-ml-pe-sul',      false, 2, true, '06:30:00', '18 hour 30 minute'),
('pt-ml-pe-sul',      false, 3, true, '06:30:00', '18 hour 30 minute'),
('pt-ml-pe-sul',      false, 4, true, '06:30:00', '18 hour 30 minute'),
('pt-ml-pe-sul',      false, 5, true, '06:30:00', '18 hour 30 minute'),
('pt-ml-pe-sul',      false, 6, true, '06:30:00', '18 hour 30 minute'),
('pt-ml-pe-sul',      true,  0, true, '06:30:00', '18 hour 30 minute'),
('pt-ml-qc-norte',    false, 0, true, '06:30:00', '18 hour 30 minute'),
('pt-ml-qc-norte',    false, 1, true, '06:30:00', '18 hour 30 minute'),
('pt-ml-qc-norte',    false, 2, true, '06:30:00', '18 hour 30 minute'),
('pt-ml-qc-norte',    false, 3, true, '06:30:00', '18 hour 30 minute'),
('pt-ml-qc-norte',    false, 4, true, '06:30:00', '18 hour 30 minute'),
('pt-ml-qc-norte',    false, 5, true, '06:30:00', '18 hour 30 minute'),
('pt-ml-qc-norte',    false, 6, true, '06:30:00', '18 hour 30 minute'),
('pt-ml-qc-norte',    true,  0, true, '06:30:00', '18 hour 30 minute'),
('pt-ml-qc-sul',      false, 0, true, '06:30:00', '18 hour 30 minute'),
('pt-ml-qc-sul',      false, 1, true, '06:30:00', '18 hour 30 minute'),
('pt-ml-qc-sul',      false, 2, true, '06:30:00', '18 hour 30 minute'),
('pt-ml-qc-sul',      false, 3, true, '06:30:00', '18 hour 30 minute'),
('pt-ml-qc-sul',      false, 4, true, '06:30:00', '18 hour 30 minute'),
('pt-ml-qc-sul',      false, 5, true, '06:30:00', '18 hour 30 minute'),
('pt-ml-qc-sul',      false, 6, true, '06:30:00', '18 hour 30 minute'),
('pt-ml-qc-sul',      true,  0, true, '06:30:00', '18 hour 30 minute'),
('pt-ml-ra-central',  false, 0, true, '06:30:00', '18 hour 30 minute'),
('pt-ml-ra-central',  false, 1, true, '06:30:00', '18 hour 30 minute'),
('pt-ml-ra-central',  false, 2, true, '06:30:00', '18 hour 30 minute'),
('pt-ml-ra-central',  false, 3, true, '06:30:00', '18 hour 30 minute'),
('pt-ml-ra-central',  false, 4, true, '06:30:00', '18 hour 30 minute'),
('pt-ml-ra-central',  false, 5, true, '06:30:00', '18 hour 30 minute'),
('pt-ml-ra-central',  false, 6, true, '06:30:00', '18 hour 30 minute'),
('pt-ml-ra-central',  true,  0, true, '06:30:00', '18 hour 30 minute'),
('pt-ml-rb-central',  false, 0, true, '06:30:00', '18 hour 30 minute'),
('pt-ml-rb-central',  false, 1, true, '06:30:00', '18 hour 30 minute'),
('pt-ml-rb-central',  false, 2, true, '06:30:00', '18 hour 30 minute'),
('pt-ml-rb-central',  false, 3, true, '06:30:00', '18 hour 30 minute'),
('pt-ml-rb-central',  false, 4, true, '06:30:00', '18 hour 30 minute'),
('pt-ml-rb-central',  false, 5, true, '06:30:00', '18 hour 30 minute'),
('pt-ml-rb-central',  false, 6, true, '06:30:00', '18 hour 30 minute'),
('pt-ml-rb-central',  true,  0, true, '06:30:00', '18 hour 30 minute'),
('pt-ml-re-norte',    false, 0, true, '06:30:00', '15 hour'),
('pt-ml-re-norte',    false, 1, true, '06:30:00', '15 hour'),
('pt-ml-re-norte',    false, 2, true, '06:30:00', '15 hour'),
('pt-ml-re-norte',    false, 3, true, '06:30:00', '15 hour'),
('pt-ml-re-norte',    false, 4, true, '06:30:00', '15 hour'),
('pt-ml-re-norte',    false, 5, true, '06:30:00', '15 hour'),
('pt-ml-re-norte',    false, 6, true, '06:30:00', '15 hour'),
('pt-ml-re-norte',    true,  0, true, '06:30:00', '15 hour'),
('pt-ml-re-sul',      false, 0, true, '06:30:00', '18 hour 30 minute'),
('pt-ml-re-sul',      false, 1, true, '06:30:00', '18 hour 30 minute'),
('pt-ml-re-sul',      false, 2, true, '06:30:00', '18 hour 30 minute'),
('pt-ml-re-sul',      false, 3, true, '06:30:00', '18 hour 30 minute'),
('pt-ml-re-sul',      false, 4, true, '06:30:00', '18 hour 30 minute'),
('pt-ml-re-sul',      false, 5, true, '06:30:00', '18 hour 30 minute'),
('pt-ml-re-sul',      false, 6, true, '06:30:00', '18 hour 30 minute'),
('pt-ml-re-sul',      true,  0, true, '06:30:00', '18 hour 30 minute'),
('pt-ml-re-sul',      true,  365, true, '06:30:00', '24 hour'),
('pt-ml-rm-norte',    false, 0, true, '06:30:00', '18 hour 30 minute'),
('pt-ml-rm-norte',    false, 1, true, '06:30:00', '18 hour 30 minute'),
('pt-ml-rm-norte',    false, 2, true, '06:30:00', '18 hour 30 minute'),
('pt-ml-rm-norte',    false, 3, true, '06:30:00', '18 hour 30 minute'),
('pt-ml-rm-norte',    false, 4, true, '06:30:00', '18 hour 30 minute'),
('pt-ml-rm-norte',    false, 5, true, '06:30:00', '18 hour 30 minute'),
('pt-ml-rm-norte',    false, 6, true, '06:30:00', '18 hour 30 minute'),
('pt-ml-rm-norte',    true,  0, true, '06:30:00', '18 hour 30 minute'),
('pt-ml-rm-sul',      false, 0, true, '06:30:00', '18 hour 30 minute'),
('pt-ml-rm-sul',      false, 1, true, '06:30:00', '18 hour 30 minute'),
('pt-ml-rm-sul',      false, 2, true, '06:30:00', '18 hour 30 minute'),
('pt-ml-rm-sul',      false, 3, true, '06:30:00', '18 hour 30 minute'),
('pt-ml-rm-sul',      false, 4, true, '06:30:00', '18 hour 30 minute'),
('pt-ml-rm-sul',      false, 5, true, '06:30:00', '18 hour 30 minute'),
('pt-ml-rm-sul',      false, 6, true, '06:30:00', '18 hour 30 minute'),
('pt-ml-rm-sul',      true,  0, true, '06:30:00', '18 hour 30 minute'),
('pt-ml-ro-poente',   false, 0, true, '06:30:00', '18 hour 30 minute'),
('pt-ml-ro-poente',   false, 1, true, '06:30:00', '18 hour 30 minute'),
('pt-ml-ro-poente',   false, 2, true, '06:30:00', '18 hour 30 minute'),
('pt-ml-ro-poente',   false, 3, true, '06:30:00', '18 hour 30 minute'),
('pt-ml-ro-poente',   false, 4, true, '06:30:00', '18 hour 30 minute'),
('pt-ml-ro-poente',   false, 5, true, '06:30:00', '18 hour 30 minute'),
('pt-ml-ro-poente',   false, 6, true, '06:30:00', '18 hour 30 minute'),
('pt-ml-ro-poente',   true,  0, true, '06:30:00', '18 hour 30 minute'),
('pt-ml-ro-poente',   true,  365, true, '06:30:00', '24 hour'),
('pt-ml-ro-nascente', false, 0, false, '00:00:00', '0 minute'),
('pt-ml-ro-nascente', false, 1, true, '06:30:00', '15 hour'),
('pt-ml-ro-nascente', false, 2, true, '06:30:00', '15 hour'),
('pt-ml-ro-nascente', false, 3, true, '06:30:00', '15 hour'),
('pt-ml-ro-nascente', false, 4, true, '06:30:00', '15 hour'),
('pt-ml-ro-nascente', false, 5, true, '06:30:00', '15 hour'),
('pt-ml-ro-nascente', false, 6, false, '00:00:00', '0 minute'),
('pt-ml-ro-nascente', true,  0, false, '00:00:00', '0 minute'),
('pt-ml-sa-norte',    false, 0, true, '06:30:00', '18 hour 30 minute'),
('pt-ml-sa-norte',    false, 1, true, '06:30:00', '18 hour 30 minute'),
('pt-ml-sa-norte',    false, 2, true, '06:30:00', '18 hour 30 minute'),
('pt-ml-sa-norte',    false, 3, true, '06:30:00', '18 hour 30 minute'),
('pt-ml-sa-norte',    false, 4, true, '06:30:00', '18 hour 30 minute'),
('pt-ml-sa-norte',    false, 5, true, '06:30:00', '18 hour 30 minute'),
('pt-ml-sa-norte',    false, 6, true, '06:30:00', '18 hour 30 minute'),
('pt-ml-sa-norte',    true,  0, true, '06:30:00', '18 hour 30 minute'),
('pt-ml-sa-sul',      false, 0, true, '06:30:00', '18 hour 30 minute'),
('pt-ml-sa-sul',      false, 1, true, '06:30:00', '18 hour 30 minute'),
('pt-ml-sa-sul',      false, 2, true, '06:30:00', '18 hour 30 minute'),
('pt-ml-sa-sul',      false, 3, true, '06:30:00', '18 hour 30 minute'),
('pt-ml-sa-sul',      false, 4, true, '06:30:00', '18 hour 30 minute'),
('pt-ml-sa-sul',      false, 5, true, '06:30:00', '18 hour 30 minute'),
('pt-ml-sa-sul',      false, 6, true, '06:30:00', '18 hour 30 minute'),
('pt-ml-sa-sul',      true,  0, true, '06:30:00', '18 hour 30 minute'),
('pt-ml-sa-este',     false, 0, true, '06:30:00', '18 hour 30 minute'),
('pt-ml-sa-este',     false, 1, true, '06:30:00', '18 hour 30 minute'),
('pt-ml-sa-este',     false, 2, true, '06:30:00', '18 hour 30 minute'),
('pt-ml-sa-este',     false, 3, true, '06:30:00', '18 hour 30 minute'),
('pt-ml-sa-este',     false, 4, true, '06:30:00', '18 hour 30 minute'),
('pt-ml-sa-este',     false, 5, true, '06:30:00', '18 hour 30 minute'),
('pt-ml-sa-este',     false, 6, true, '06:30:00', '18 hour 30 minute'),
('pt-ml-sa-este',     true,  0, true, '06:30:00', '18 hour 30 minute'),
('pt-ml-sp-central',  false, 0, true, '06:30:00', '18 hour 30 minute'),
('pt-ml-sp-central',  false, 1, true, '06:30:00', '18 hour 30 minute'),
('pt-ml-sp-central',  false, 2, true, '06:30:00', '18 hour 30 minute'),
('pt-ml-sp-central',  false, 3, true, '06:30:00', '18 hour 30 minute'),
('pt-ml-sp-central',  false, 4, true, '06:30:00', '18 hour 30 minute'),
('pt-ml-sp-central',  false, 5, true, '06:30:00', '18 hour 30 minute'),
('pt-ml-sp-central',  false, 6, true, '06:30:00', '18 hour 30 minute'),
('pt-ml-sp-central',  true,  0, true, '06:30:00', '18 hour 30 minute'),
('pt-ml-ss-norte',    false, 0, true, '06:30:00', '18 hour 30 minute'),
('pt-ml-ss-norte',    false, 1, true, '06:30:00', '18 hour 30 minute'),
('pt-ml-ss-norte',    false, 2, true, '06:30:00', '18 hour 30 minute'),
('pt-ml-ss-norte',    false, 3, true, '06:30:00', '18 hour 30 minute'),
('pt-ml-ss-norte',    false, 4, true, '06:30:00', '18 hour 30 minute'),
('pt-ml-ss-norte',    false, 5, true, '06:30:00', '18 hour 30 minute'),
('pt-ml-ss-norte',    false, 6, true, '06:30:00', '18 hour 30 minute'),
('pt-ml-ss-norte',    true,  0, true, '06:30:00', '18 hour 30 minute'),
('pt-ml-ss-norte',    true,  365, true, '06:30:00', '24 hour'),
('pt-ml-ss-sul',      false, 0, true, '06:30:00', '18 hour 30 minute'),
('pt-ml-ss-sul',      false, 1, true, '06:30:00', '18 hour 30 minute'),
('pt-ml-ss-sul',      false, 2, true, '06:30:00', '18 hour 30 minute'),
('pt-ml-ss-sul',      false, 3, true, '06:30:00', '18 hour 30 minute'),
('pt-ml-ss-sul',      false, 4, true, '06:30:00', '18 hour 30 minute'),
('pt-ml-ss-sul',      false, 5, true, '06:30:00', '18 hour 30 minute'),
('pt-ml-ss-sul',      false, 6, true, '06:30:00', '18 hour 30 minute'),
('pt-ml-ss-sul',      true,  0, true, '06:30:00', '18 hour 30 minute'),
('pt-ml-ss-sul',      true,  365, true, '06:30:00', '24 hour'),
('pt-ml-ss-este',     false, 0, true, '06:30:00', '18 hour 30 minute'),
('pt-ml-ss-este',     false, 1, true, '06:30:00', '18 hour 30 minute'),
('pt-ml-ss-este',     false, 2, true, '06:30:00', '18 hour 30 minute'),
('pt-ml-ss-este',     false, 3, true, '06:30:00', '18 hour 30 minute'),
('pt-ml-ss-este',     false, 4, true, '06:30:00', '18 hour 30 minute'),
('pt-ml-ss-este',     false, 5, true, '06:30:00', '18 hour 30 minute'),
('pt-ml-ss-este',     false, 6, true, '06:30:00', '18 hour 30 minute'),
('pt-ml-ss-este',     true,  0, true, '06:30:00', '18 hour 30 minute'),
('pt-ml-ss-este',     true,  365, true, '06:30:00', '24 hour'),
('pt-ml-sr-norte',    false, 0, true, '06:30:00', '18 hour 30 minute'),
('pt-ml-sr-norte',    false, 1, true, '06:30:00', '18 hour 30 minute'),
('pt-ml-sr-norte',    false, 2, true, '06:30:00', '18 hour 30 minute'),
('pt-ml-sr-norte',    false, 3, true, '06:30:00', '18 hour 30 minute'),
('pt-ml-sr-norte',    false, 4, true, '06:30:00', '18 hour 30 minute'),
('pt-ml-sr-norte',    false, 5, true, '06:30:00', '18 hour 30 minute'),
('pt-ml-sr-norte',    false, 6, true, '06:30:00', '18 hour 30 minute'),
('pt-ml-sr-norte',    true,  0, true, '06:30:00', '18 hour 30 minute'),
('pt-ml-sr-sul',      false, 0, true, '06:30:00', '18 hour 30 minute'),
('pt-ml-sr-sul',      false, 1, true, '06:30:00', '18 hour 30 minute'),
('pt-ml-sr-sul',      false, 2, true, '06:30:00', '18 hour 30 minute'),
('pt-ml-sr-sul',      false, 3, true, '06:30:00', '18 hour 30 minute'),
('pt-ml-sr-sul',      false, 4, true, '06:30:00', '18 hour 30 minute'),
('pt-ml-sr-sul',      false, 5, true, '06:30:00', '18 hour 30 minute'),
('pt-ml-sr-sul',      false, 6, true, '06:30:00', '18 hour 30 minute'),
('pt-ml-sr-sul',      true,  0, true, '06:30:00', '18 hour 30 minute'),
('pt-ml-te-central',  false, 0, true, '06:30:00', '18 hour 30 minute'),
('pt-ml-te-central',  false, 1, true, '06:30:00', '18 hour 30 minute'),
('pt-ml-te-central',  false, 2, true, '06:30:00', '18 hour 30 minute'),
('pt-ml-te-central',  false, 3, true, '06:30:00', '18 hour 30 minute'),
('pt-ml-te-central',  false, 4, true, '06:30:00', '18 hour 30 minute'),
('pt-ml-te-central',  false, 5, true, '06:30:00', '18 hour 30 minute'),
('pt-ml-te-central',  false, 6, true, '06:30:00', '18 hour 30 minute'),
('pt-ml-te-central',  true,  0, true, '06:30:00', '18 hour 30 minute'),
('pt-ml-te-central',  true,  365, true, '06:30:00', '24 hour'),
('pt-ml-tp-central',  false, 0, true, '06:30:00', '18 hour 30 minute'),
('pt-ml-tp-central',  false, 1, true, '06:30:00', '18 hour 30 minute'),
('pt-ml-tp-central',  false, 2, true, '06:30:00', '18 hour 30 minute'),
('pt-ml-tp-central',  false, 3, true, '06:30:00', '18 hour 30 minute'),
('pt-ml-tp-central',  false, 4, true, '06:30:00', '18 hour 30 minute'),
('pt-ml-tp-central',  false, 5, true, '06:30:00', '18 hour 30 minute'),
('pt-ml-tp-central',  false, 6, true, '06:30:00', '18 hour 30 minute'),
('pt-ml-tp-central',  true,  0, true, '06:30:00', '18 hour 30 minute'),
('pt-ml-tp-central',  true,  365, true, '06:30:00', '14 hour');