INSERT INTO poi (id, type, world_coord, web_url) VALUES
('3b78b3fd-daa6-48eb-b579-8211bbfffe31', 'airport', '(38.769480, -9.128782)', 'https://www.aeroportolisboa.pt/'),
('097f332c-7022-49b4-a041-a80b4bf4767e', 'airport', '(38.763869, -9.136824)', 'https://www.aeroportolisboa.pt/');

INSERT INTO poi_name (id, main, lang, name) VALUES
('3b78b3fd-daa6-48eb-b579-8211bbfffe31', true,  'pt', 'Aeroporto Internacional de Lisboa (Terminal 1)'),
('3b78b3fd-daa6-48eb-b579-8211bbfffe31', false, 'en', 'Lisbon International Airport (Terminal 1)'),
('3b78b3fd-daa6-48eb-b579-8211bbfffe31', false, 'fr', 'Aéroport International de Lisbonne (Terminal 1)'),
('3b78b3fd-daa6-48eb-b579-8211bbfffe31', false, 'es', 'Aeropuerto internacional de Lisboa (Terminal 1)'),
('097f332c-7022-49b4-a041-a80b4bf4767e', true,  'pt', 'Aeroporto Internacional de Lisboa (Terminal 2)'),
('097f332c-7022-49b4-a041-a80b4bf4767e', false, 'en', 'Lisbon International Airport (Terminal 2)'),
('097f332c-7022-49b4-a041-a80b4bf4767e', false, 'fr', 'Aéroport International de Lisbonne (Terminal 2)'),
('097f332c-7022-49b4-a041-a80b4bf4767e', false, 'es', 'Aeropuerto internacional de Lisboa (Terminal 2)');

INSERT INTO poi (id, type, world_coord, web_url) VALUES
('833778c0-a2b6-4a1b-8262-90b7c72e73ab', 'bank', '(38.708696, -9.138308)', 'https://www.bportugal.pt/'),
('f971f658-6f56-47ff-858b-e9aa9694b6f0', 'bank', '(38.727291, -9.135581)', 'https://www.bportugal.pt/'),
('3f3e5648-26f0-42ac-87f9-00ca353307d4', 'bank', '(38.743966, -9.148509)', 'https://www.cga.pt/cgaInicio.asp'),
('00f66dc2-8a13-43ec-bb01-7eae0c0f329c', 'bank', '(38.7411172, -9.143026)', 'https://www.cgd.pt/Particulares/Pages/Particulares_v2.aspx');

INSERT INTO poi_name (id, main, lang, name) VALUES
('833778c0-a2b6-4a1b-8262-90b7c72e73ab', true,  'pt', 'Banco de Portugal'),
('833778c0-a2b6-4a1b-8262-90b7c72e73ab', false, 'en', 'Bank of Portugal'),
('833778c0-a2b6-4a1b-8262-90b7c72e73ab', false, 'fr', 'Banque du Portugal'),
('f971f658-6f56-47ff-858b-e9aa9694b6f0', true,  'pt', 'Banco de Portugal - Biblioteca e Arquivo'),
('f971f658-6f56-47ff-858b-e9aa9694b6f0', false, 'en', 'Bank of Portugal - Library and Archiving'),
('f971f658-6f56-47ff-858b-e9aa9694b6f0', false, 'fr', 'Banque du Portugal - Bibliothèque et Archive'),
('f971f658-6f56-47ff-858b-e9aa9694b6f0', false, 'es', 'Banco de Portugal - Biblioteca y Archivo'),
('3f3e5648-26f0-42ac-87f9-00ca353307d4', true,  'pt', 'CGA - Caixa Geral de Aposentações'),
('3f3e5648-26f0-42ac-87f9-00ca353307d4', false, 'en', 'Treasurer General of Retirements'),
('3f3e5648-26f0-42ac-87f9-00ca353307d4', false, 'fr', 'Caissier Général des Retraites'),
('3f3e5648-26f0-42ac-87f9-00ca353307d4', false, 'es', 'Cajera General de Jubilaciones'),
('00f66dc2-8a13-43ec-bb01-7eae0c0f329c', true,  'pt', 'CGD - Caixa Geral de Depósitos - Sede'),
('00f66dc2-8a13-43ec-bb01-7eae0c0f329c', false, 'en', 'Caixa Geral de Depósitos - Headquarters'),
('00f66dc2-8a13-43ec-bb01-7eae0c0f329c', false, 'fr', 'Caixa Geral de Depósitos - Siège');

INSERT INTO poi (id, type, world_coord, web_url) VALUES
('81185020-18b0-4f61-bc4e-b73d801f4546', 'bingo', '(38.751236, -9.227829)', 'http://www.bingos.pt/'),
('68858f2e-3530-4323-98a3-32c3f8a7224c', 'bingo', '(38.736154, -9.144541)', 'https://www.facebook.com/bingobelenenses/'),
('3f11e0ef-3f31-497a-abe8-5b248d717ee2', 'bingo', '(38.753346, -9.188704)', 'https://www.slbenfica.pt/pt-pt/servicos_atividades/bingo/'),
('f4682c9e-6257-4337-8a08-2f86a8318d6d', 'bingo', '(38.740971, -9.134518)', 'https://www.facebook.com/pandabingo/');

INSERT INTO poi_name (id, main, lang, name) VALUES
('81185020-18b0-4f61-bc4e-b73d801f4546', true,  'pt', 'Bingo da Amadora'),
('81185020-18b0-4f61-bc4e-b73d801f4546', false, 'en', 'Amadora Bingo'),
('81185020-18b0-4f61-bc4e-b73d801f4546', false, 'fr', 'Bingo d''Amadora'),
('81185020-18b0-4f61-bc4e-b73d801f4546', false, 'es', 'Bingo de la Amadora'),
('68858f2e-3530-4323-98a3-32c3f8a7224c', true,  'pt', 'Bingo Belenenses'),
('68858f2e-3530-4323-98a3-32c3f8a7224c', false, 'en', 'Belenenses Bingo'),
('3f11e0ef-3f31-497a-abe8-5b248d717ee2', true,  'pt', 'Bingo Benfica'),
('3f11e0ef-3f31-497a-abe8-5b248d717ee2', false, 'en', 'Benfica Bingo'),
('f4682c9e-6257-4337-8a08-2f86a8318d6d', true,  'pt', 'Panda Bingo');

INSERT INTO poi (id, type, world_coord, web_url) VALUES
('241938da-92b5-40ec-966d-9177cd102ff0', 'business', '(38.721763, -9.150981)', 'http://www.cimpor.com/Default.aspx?lang=pt'),
('dab5d053-2a79-4d26-8644-7d3097badf18', 'business', '(38.744862, -9.150797)', 'https://jobs.teleperformance.pt/pt-pt/'),
('ab02e391-475e-495e-8a51-ad0005e99d07', 'business', '(38.752132, -9.223693)', 'ttps://www.emef.pt/'),
('ef1f0ecc-c8ba-4c62-afa5-cce287b04ff9', 'business', '(38.716735, -9.143083)', 'http://www.epal.pt/epal'),
('c4d17f49-553b-4b7d-b24b-3d3f96e83dd9', 'business', '(38.766346, -9.105742)', 'http://www.epal.pt/epal'),
('30b49034-5a35-4ff1-97bc-8279c47f192d', 'business', '(38.766635, -9.103008)', 'http://www.epal.pt/epal'),
('dc7bc504-6ff4-4355-8aea-1bfbcc48e257', 'business', '(38.731099, -9.145881)', 'https://www.telecom.pt/pt-pt'),
('45a69d5d-89a1-405b-b292-c4ff9c58ee89', 'business', '(38.760037, -9.156646)', 'https://www.jeronimomartins.com/pt/'),
('d729ce6d-4e82-4910-a5a8-cb4bc458df26', 'business', '(38.7209599, -9.1347924)', 'http://www.cm-lisboa.pt/equipamentos/equipamento/info/fabrica-de-ceramica-da-viuva-lamego'),
('e0ed6165-0e08-4e85-bc1c-bdd948a8faff', 'business', '(38.723076, -9.149385)', 'http://www.leya.com/pt/gca/areas-de-actividade/livrarias/'),
('c4348edc-c3da-47a7-9336-9c0330e3db5e', 'business', '(38.725930, -9.148449)', 'http://www.edp.pt/'),
('1b755aa1-cb06-4b06-b778-efc6e79675be', 'business', '(38.730270, -9.147831)', 'https://pousadasjuventude.pt/pt/pousadas/lisboa/'),
('e2de78f2-71ba-46d7-a1f9-c7e734a285ec', 'business', '(38.759649, -9.117873)', 'http://www.rtp.pt/'),
('6e2d2392-38eb-44b4-b0b8-b347abd3a75f', 'business', '(38.748918, -9.137496)', 'https://www.ren.pt/'),
('9dd8b621-8873-4eb1-8d58-f39e24d98840', 'business', '(38.764037, -9.098458)', 'https://www.ctt.pt/'),
('fe03901f-c49d-4f89-ac65-fc151bf6cd92', 'business', '(38.730052, -9.146892)', 'http://www.metrolisboa.pt/metro/sede-social/'),
('a8b4c63a-7218-4bc0-ab2f-6cfcb050a513', 'business', '(38.727966, -9.148090)', 'http://www.semapa.pt/pt-pt/home'),
('a3c76f26-e2a1-48a0-aef3-e682d0d52189', 'business', '(38.773468, -9.091402)', 'https://www.telecabinelisboa.pt/'),
('af81c7ee-b857-4433-9052-e831f3515842', 'business', '(38.762424, -9.092292)', 'https://www.telecabinelisboa.pt/'),
('ea91385f-4ec3-4892-8aa8-ac3dcdc8a15b', 'business', '(38.756676, -9.175389)', 'http://www.torresdelisboa.com/');

INSERT INTO poi_name (id, main, lang, name) VALUES
('241938da-92b5-40ec-966d-9177cd102ff0', true,  'pt', 'CIMPOR - Cimentos de Portugal'),
('dab5d053-2a79-4d26-8644-7d3097badf18', true,  'pt', 'Edifício Marconi - Teleperformance Portugal'),
('dab5d053-2a79-4d26-8644-7d3097badf18', false, 'en', 'Marconi Building - Teleperformance Portugal'),
('dab5d053-2a79-4d26-8644-7d3097badf18', false, 'fr', 'Bâtiment Marconi - Teleperformance Portugal'),
('dab5d053-2a79-4d26-8644-7d3097badf18', false, 'es', 'Edificio Marconi - Teleperformance Portugal'),
('ab02e391-475e-495e-8a51-ad0005e99d07', true,  'pt', 'EMEF - Empresa de Manutenção de Equipamento Ferroviário'),
('ab02e391-475e-495e-8a51-ad0005e99d07', false, 'en', 'Railway Equipment Maintenance Company'),
('ab02e391-475e-495e-8a51-ad0005e99d07', false, 'fr', 'Entreprise de Maintenance de l''Équipement Ferroviaire'),
('ab02e391-475e-495e-8a51-ad0005e99d07', false, 'es', 'Empresa de Mantenimiento de Equipos Ferroviarios'),
('ef1f0ecc-c8ba-4c62-afa5-cce287b04ff9', true,  'pt', 'EPAL - Empresa Portuguesa das Águas Livres - Sede'),
('ef1f0ecc-c8ba-4c62-afa5-cce287b04ff9', false, 'en', 'Portuguese Water Company - Headquarters'),
('ef1f0ecc-c8ba-4c62-afa5-cce287b04ff9', false, 'fr', 'Compagnie Portugaise des Eaux Libres - Siège'),
('ef1f0ecc-c8ba-4c62-afa5-cce287b04ff9', false, 'es', 'Empresa Portuguesa de las Aguas Libres - Sede'),
('c4d17f49-553b-4b7d-b24b-3d3f96e83dd9', true,  'pt', 'EPAL - Estação Elevatória da Avenida de Berlim'),
('c4d17f49-553b-4b7d-b24b-3d3f96e83dd9', false, 'en', 'EPAL - Berlin Avenue Pumping Station'),
('c4d17f49-553b-4b7d-b24b-3d3f96e83dd9', false, 'fr', 'EPAL - Station de Pompage de l''Avenue de Berlin'),
('c4d17f49-553b-4b7d-b24b-3d3f96e83dd9', false, 'es', 'EPAL - Estación Elevadora de la Avenida de Berlín'),
('30b49034-5a35-4ff1-97bc-8279c47f192d', true,  'pt', 'EPAL - Laboratório Central'),
('30b49034-5a35-4ff1-97bc-8279c47f192d', false, 'en', 'EPAL - Central Laboratory'),
('30b49034-5a35-4ff1-97bc-8279c47f192d', false, 'fr', 'EPAL - Laboratoire Central'),
('30b49034-5a35-4ff1-97bc-8279c47f192d', false, 'es', 'EPAL - Laboratorio Central'),
('dc7bc504-6ff4-4355-8aea-1bfbcc48e257', true,  'pt', 'Fórum Picoas - PT Comunicações'),
('dc7bc504-6ff4-4355-8aea-1bfbcc48e257', false, 'en', 'Picoas Forum - PT Comunicações'),
('dc7bc504-6ff4-4355-8aea-1bfbcc48e257', false, 'fr', 'Forum Picoas - PT Comunicações'),
('dc7bc504-6ff4-4355-8aea-1bfbcc48e257', false, 'es', 'Foro Picoas - PT Comunicações'),
('45a69d5d-89a1-405b-b292-c4ff9c58ee89', true,  'pt', 'Jerónimo Martins - Provedoria do Cliente'),
('45a69d5d-89a1-405b-b292-c4ff9c58ee89', false, 'en', 'Jerónimo Martins - Customer Ombudsman'),
('45a69d5d-89a1-405b-b292-c4ff9c58ee89', false, 'fr', 'Jerónimo Martins - Ombudsman des Clients'),
('45a69d5d-89a1-405b-b292-c4ff9c58ee89', false, 'es', 'Jerónimo Martins - Proveeduría del Cliente'),
('d729ce6d-4e82-4910-a5a8-cb4bc458df26', true,  'pt', 'Loja da Fábrica de Cerâmica da Viúva Lamego'),
('d729ce6d-4e82-4910-a5a8-cb4bc458df26', false, 'en', 'Viúva Lamego Ceramics Factory Shop'),
('d729ce6d-4e82-4910-a5a8-cb4bc458df26', false, 'fr', 'Boutique de la Manufacture de Céramique Viúva Lamego'),
('d729ce6d-4e82-4910-a5a8-cb4bc458df26', false, 'es', 'Tienda de la Planta de Cerámica de la Viúva Lamego'),
('e0ed6165-0e08-4e85-bc1c-bdd948a8faff', true,  'pt', 'Livraria Buchholz'),
('e0ed6165-0e08-4e85-bc1c-bdd948a8faff', false, 'en', 'Buchholz Bookshop'),
('e0ed6165-0e08-4e85-bc1c-bdd948a8faff', false, 'fr', 'Librairie Buchholz'),
('e0ed6165-0e08-4e85-bc1c-bdd948a8faff', false, 'es', 'Librería Buchholz'),
('c4348edc-c3da-47a7-9336-9c0330e3db5e', true,  'pt', 'Loja EDP'),
('c4348edc-c3da-47a7-9336-9c0330e3db5e', false, 'en', 'EDP Store'),
('c4348edc-c3da-47a7-9336-9c0330e3db5e', false, 'fr', 'Boutique EDP'),
('c4348edc-c3da-47a7-9336-9c0330e3db5e', false, 'es', 'Tienda EDP'),
('1b755aa1-cb06-4b06-b778-efc6e79675be', true,  'pt', 'Pousada de Juventude de Lisboa'),
('1b755aa1-cb06-4b06-b778-efc6e79675be', false, 'en', 'Lisbon Youth Hostel'),
('1b755aa1-cb06-4b06-b778-efc6e79675be', false, 'fr', 'Auberge de jeunesse de Lisbonne'),
('1b755aa1-cb06-4b06-b778-efc6e79675be', false, 'es', 'Albergue Juvenil de Lisboa'),
('e2de78f2-71ba-46d7-a1f9-c7e734a285ec', true,  'pt', 'RTP - Rádio e Televisão de Portugal'),
('e2de78f2-71ba-46d7-a1f9-c7e734a285ec', false, 'en', 'Radio and Television of Portugal'),
('e2de78f2-71ba-46d7-a1f9-c7e734a285ec', false, 'fr', 'Radio et Télévision du Portugal'),
('e2de78f2-71ba-46d7-a1f9-c7e734a285ec', false, 'es', 'Radio y Televisión de Portugal'),
('6e2d2392-38eb-44b4-b0b8-b347abd3a75f', true,  'pt', 'REN - Redes Energéticas Nacionais'),
('6e2d2392-38eb-44b4-b0b8-b347abd3a75f', false, 'en', 'National Power Grids'),
('6e2d2392-38eb-44b4-b0b8-b347abd3a75f', false, 'fr', 'Réseaux Énergétiques Nationaux'),
('6e2d2392-38eb-44b4-b0b8-b347abd3a75f', false, 'es', 'Redes Energéticas Nacionales'),
('9dd8b621-8873-4eb1-8d58-f39e24d98840', true,  'pt', 'Sede CTT - Correios de Portugal'),
('9dd8b621-8873-4eb1-8d58-f39e24d98840', false, 'en', 'Mail of Portugal - Headquarters'),
('9dd8b621-8873-4eb1-8d58-f39e24d98840', false, 'fr', 'Courriers du Portugal - Siège'),
('9dd8b621-8873-4eb1-8d58-f39e24d98840', false, 'es', 'Correos de Portugal - Sede'),
('fe03901f-c49d-4f89-ac65-fc151bf6cd92', true,  'pt', 'Sede Social do Metropolitano de Lisboa'),
('fe03901f-c49d-4f89-ac65-fc151bf6cd92', false, 'en', 'Lisbon Metro''s Registered Office'),
('fe03901f-c49d-4f89-ac65-fc151bf6cd92', false, 'fr', 'Siège Social du Métro de Lisbonne'),
('fe03901f-c49d-4f89-ac65-fc151bf6cd92', false, 'es', 'Sede Social del Metro de Lisboa'),
('a8b4c63a-7218-4bc0-ab2f-6cfcb050a513', true,  'pt', 'Semapa - Sede'),
('a8b4c63a-7218-4bc0-ab2f-6cfcb050a513', false, 'en', 'Semapa - Headquarters'),
('a8b4c63a-7218-4bc0-ab2f-6cfcb050a513', false, 'fr', 'Semapa - Siège'),
('a3c76f26-e2a1-48a0-aef3-e682d0d52189', true,  'pt', 'Telecabine Lisboa - Teleférico da Expo (Estação Norte)'),
('a3c76f26-e2a1-48a0-aef3-e682d0d52189', false, 'en', 'Expo Cable Car (North Station)'),
('a3c76f26-e2a1-48a0-aef3-e682d0d52189', false, 'fr', 'Téléphérique d''Expo (Station Nord)'),
('a3c76f26-e2a1-48a0-aef3-e682d0d52189', false, 'es', 'Teleférico de la Expo (Estación Norte)'),
('af81c7ee-b857-4433-9052-e831f3515842', true,  'pt', 'Telecabine Lisboa - Teleférico da Expo (Estação Sul)'),
('af81c7ee-b857-4433-9052-e831f3515842', false, 'en', 'Expo Cable Car (South Station)'),
('af81c7ee-b857-4433-9052-e831f3515842', false, 'fr', 'Téléphérique d''Expo (Station Sud'),
('af81c7ee-b857-4433-9052-e831f3515842', false, 'es', 'Teleférico de la Expo (Estación Sur)'),
('ea91385f-4ec3-4892-8aa8-ac3dcdc8a15b', true,  'pt', 'Torres de Lisboa'),
('ea91385f-4ec3-4892-8aa8-ac3dcdc8a15b', false, 'en', 'Lisbon Towers'),
('ea91385f-4ec3-4892-8aa8-ac3dcdc8a15b', false, 'fr', 'Tours de Lisbonne');

INSERT INTO poi (id, type, world_coord, web_url) VALUES
('28eacd2e-ea8c-4e6d-a00d-d34bd6da2809', 'casino', '(38.764473, -9.096314)', 'http://www.casino-lisboa.pt/');

INSERT INTO poi_name (id, main, lang, name) VALUES
('28eacd2e-ea8c-4e6d-a00d-d34bd6da2809', true,  'pt', 'Casino Lisboa'),
('28eacd2e-ea8c-4e6d-a00d-d34bd6da2809', false, 'en', 'Lisbon Casino'),
('28eacd2e-ea8c-4e6d-a00d-d34bd6da2809', false, 'fr', 'Casino Lisbonne'),
('28eacd2e-ea8c-4e6d-a00d-d34bd6da2809', false, 'es', 'Cassino Lisboa');

INSERT INTO poi (id, type, world_coord, web_url) VALUES
('1bdcb32a-053d-4a67-b6f7-0028aeda4674', 'cemetery', '(38.764323, -9.108384)', 'http://www.cm-lisboa.pt/equipamentos/equipamento/info/cemiterio-dos-olivais'),
('f9304407-c736-4fce-8dd7-345651e82eae', 'cemetery', '(38.773206, -9.165051)', 'http://www.cm-lisboa.pt/equipamentos/equipamento/info/cemiterio-do-lumiar');

INSERT INTO poi_name (id, main, lang, name) VALUES
('1bdcb32a-053d-4a67-b6f7-0028aeda4674', true,  'pt', 'Cemitério dos Olivais'),
('1bdcb32a-053d-4a67-b6f7-0028aeda4674', false, 'en', 'Olivais Cemetery'),
('1bdcb32a-053d-4a67-b6f7-0028aeda4674', false, 'fr', 'Cimetière d''Olivais'),
('1bdcb32a-053d-4a67-b6f7-0028aeda4674', false, 'es', 'Cementerio de los Olivais'),
('f9304407-c736-4fce-8dd7-345651e82eae', true,  'pt', 'Cemitério do Lumiar'),
('f9304407-c736-4fce-8dd7-345651e82eae', false, 'en', 'Lumiar Cemetery'),
('f9304407-c736-4fce-8dd7-345651e82eae', false, 'fr', 'Cimetière du Lumiar'),
('f9304407-c736-4fce-8dd7-345651e82eae', false, 'es', 'Cementerio del Lumiar');

INSERT INTO poi (id, type, world_coord, web_url) VALUES
('291e24f0-f8f6-48bf-a30b-7c39d7e72d3e', 'church', '(38.710579, -9.141442)', 'http://paroquiadosmartires.pt/'),
('7d5c25f1-12d3-4bf3-9758-1ac11c19d5b4', 'church', '(38.741278, -9.180179)', 'http://www.paroquiasaodomingosdebenfica.pt/'),
('aebc903e-1f98-49ba-8431-fea14907ddb5', 'church', '(38.721874, -9.156578)', 'https://www.paroquiadesaomamede.pt/'),
('590c9be1-800c-486a-89c4-849028781c07', 'church', '(38.720856, -9.155054)', 'http://www.capeladorato.org/'),
('da8f9267-7525-42c5-b7c6-1ea82a4a9042', 'church', '(38.718581, -9.123154)', 'http://www.cm-lisboa.pt/en/equipments/equipment/info/capela-do-vale-de-santo-antonio'),
('d79798ed-bfd5-4198-8c39-32769fe881e6', 'church', '(38.716538, -9.139132)', 'http://www.patrimoniocultural.gov.pt/pt/patrimonio/patrimonio-imovel/pesquisa-do-patrimonio/classificado-ou-em-vias-de-classificacao/geral/view/70062'),
('94c5cece-5744-44eb-aaf8-323e626905f2', 'church', '(38.715955, -9.135632)', 'http://www.patrimoniocultural.gov.pt/pt/patrimonio/patrimonio-imovel/pesquisa-do-patrimonio/classificado-ou-em-vias-de-classificacao/geral/view/71835'),
('f4c4cb07-b81d-4ef7-93fb-32814a1eb100', 'church', '(38.750251, -9.169950)', 'https://the.ismaili/ismailicentres/lisbon'),
('0f795df5-f63a-40c8-87e1-e29ec620bcd1', 'church', '(38.761666, -9.189348)', 'http://www.cm-lisboa.pt/equipamentos/equipamento/info/convento-de-santa-teresa-de-jesus'),
('3d23a0b2-9be1-4c44-90c3-082fde0b49ff', 'church', '(38.7501963, -9.1792298)', 'http://www.isdomingos.com/'),
('d53b59e0-c82b-4b83-a8db-39ab80e8ecf9', 'church', '(38.732681, -9.136212)', 'https://www.facebook.com/paroquiadearroios/'),
('d9313d9b-465a-447f-9a94-2b458a6d5a96', 'church', '(38.716655, -9.131237)', 'https://www.lisbonlux.com/lisbon/igreja-da-graca.html'),
('5f5ec80e-b514-4cd8-a867-2eb176b8ad66', 'church', '(38.707287, -9.142237)', 'http://www.cm-lisboa.pt/en/equipments/equipment/info/igreja-do-corpo-santo'),
('e2f3d193-abcb-4073-86e5-a743be8a7d1e', 'church', '(38.710744, -9.142762)', 'http://www.cm-lisboa.pt/equipamentos/equipamento/info/igreja-de-nossa-senhora-do-loreto'),
('cdf64da1-9d6a-4a6a-8995-d2b94bd9689b', 'church', '(38.7916667, -9.1811256)', 'http://www.patrimoniocultural.gov.pt/pt/patrimonio/patrimonio-imovel/pesquisa-do-patrimonio/classificado-ou-em-vias-de-classificacao/geral/view/70888'),
('da772310-515c-4958-80f4-39c364c7669e', 'church', '(38.708926, -9.134270)', 'https://www.guiadacidade.pt/pt/poi-igreja-de-nossa-senhora-da-conceicao-velha-17838'),
('e6c35314-14c3-4e13-ab9b-261def3cadb0', 'church', '(38.710381, -9.142808)', 'https://www.patriarcado-lisboa.pt/site/index.php?cont_=90&tem=65&id=3660'),
('b6d636c9-b0ae-4ad7-9169-0b14001729af', 'church', '(38.759643, -9.165323)', 'http://portadoceu.org/'),
('2e78daef-2a10-4eb6-9c27-8f173bbb7958', 'church', '(38.741549, -9.180949)', 'http://www.paroquiasaodomingosdebenfica.pt/'),
('2edf3983-82ee-4520-b21c-578eb6b9053b', 'church', '(38.739675, -9.150864)', 'http://www.paroquiansrfatima.com/'),
('002c1bbc-18af-414a-8142-9cd3debb5f71', 'church', '(38.715770, -9.133483)', 'http://www.paixaoporlisboa.pt/igreja-do-socorro-54927'),
('dd88b3cd-8522-47e0-837f-975e20c18c93', 'church', '(38.712576, -9.125419)', 'http://www.orthodoxportugal.org/pt/'),
('90696519-fba3-4f6a-8574-5370ae3bc8f6', 'church', '(38.736799, -9.124197)', 'http://paroquiaespiritosanto.org/'),
('27f9cd67-6460-4c37-9a33-cc41deb8e857', 'church', '(38.7243407, -9.1348158)', 'https://www.guiadacidade.pt/pt/poi-igreja-paroquial-de-nossa-senhora-dos-anjos-279849'),
('052ff00b-539c-476c-94ec-2ef4e090a5e5', 'church', '(38.766223, -9.156121)', 'http://igrejaaltodolumiar.pt/'),
('a8ea5c39-24a6-4cf1-be2f-a53fc548143d', 'church', '(38.781827, -9.161077)', 'https://www.facebook.com/paroquia.ameixoeira/'),
('79de808e-f2a8-4a1e-9c25-e47079109c0a', 'church', '(38.717794, -9.139340)', 'https://www.facebook.com/paroquiadapena/'),
('8efa89b3-2973-4261-96b0-e5dbc52008e4', 'church', '(38.730408, -9.131479)', 'http://www.cm-lisboa.pt/equipamentos/equipamento/info/igreja-e-edificio-do-antigo-convento-de-nossa-senhora-da-penha-de-franca-incluindo-o-seu-patrimo'),
('6c5dcb8b-c3f4-4b35-a619-abafd6b668eb', 'church', '(38.718904, -9.119880)', 'http://www.cm-lisboa.pt/equipamentos/equipamento/info/igreja-paroquial-de-sta-engracia-ou-de-na-sra-da-porciuncula-convento-dos-barbadinhos'),
('47af7107-0227-4976-9cf6-60aaba5f0790', 'church', '(38.718531, -9.158397)', 'http://www.patriarcado-lisboa.pt/site/index.php?cont_=90&tem=65&id=1671'),
('217f75fa-8abc-43e8-95b2-77def9aab3f6', 'church', '(38.748148, -9.135550)', 'https://www.santajoanaprincesa.com/'),
('03b69979-30da-42d3-941c-0bd0adb4c99c', 'church', '(38.732357, -9.162128)', 'http://www.patriarcado-lisboa.pt/site/index.php?cont_=180&tem=84&id=38'),
('580b1e21-b937-4221-87f1-91be8fe48bbd', 'church', '(38.712187, -9.127844)', 'http://www.cm-lisboa.pt/equipamentos/equipamento/info/igreja-de-santo-estevao'),
('393b7a1c-bfc9-44b5-abd7-2447cf8b4717', 'church', '(38.773683, -9.117346)', 'https://www.facebook.com/paroquia.santo.eugenio/'),
('19b82bd2-732d-4261-88f9-b7f3a825c6a7', 'church', '(38.712828, -9.135565)', 'https://www.guiadacidade.pt/pt/poi-igreja-de-sao-cristovao-17801'),
('10202f9d-df1d-41ad-9f9a-caf0f39eb97d', 'church', '(38.741664, -9.173322)', 'http://www.paroquiasaodomingosdebenfica.pt/'),
('36c60585-6925-43be-a9ad-2e45ff224fd7', 'church', '(38.7632947, -9.2059698)', 'http://www.paroquiadealfornelos.com/'),
('9b07013b-9b7c-497a-b32f-dbdfec4d3e66', 'church', '(38.7548201, -9.1381926)', 'http://www.patriarcado-lisboa.pt/site/index.php?cont_=90&tem=65&id=1696'),
('d6f6eeb4-6dfc-4e58-a3e0-f4bac85efa9e', 'church', '(38.740390, -9.137937)', 'http://paroquiasaojoaodeus.pt/'),
('3349c439-9d36-49f6-939f-1b48ec0c2a1f', 'church', '(38.760301, -9.190800)', 'http://paroquiadecarnide.webnode.pt/'),
('53f3ed93-c229-4a59-b447-3cd2afee4a7a', 'church', '(38.718791, -9.152235)', 'https://www.paroquiadesaomamede.pt/'),
('1de61c17-eddb-4584-aa45-646f0b93f667', 'church', '(38.7078523, -9.1451506)', 'https://www.guiadacidade.pt/pt/poi-igreja-de-sao-paulo-17803'),
('0af7212c-5bb0-4bbd-a322-ce3b041bf65b', 'church', '(38.732454, -9.151391)', 'http://www.cm-lisboa.pt/equipamentos/equipamento/info/igreja-de-sao-sebastiao-da-pedreira'),
('48c861d1-b2bb-416e-a180-7cacde0ce1f0', 'church', '(38.724803, -9.147218)', 'http://www.cm-lisboa.pt/equipamentos/equipamento/info/igreja-do-sagrado-coracao-de-jesus'),
('cc672fcb-57f8-46e1-99ad-42bd69a538aa', 'church', '(38.752491, -9.115740)', 'http://www.patriarcado-lisboa.pt/site/index.php?cont_=90&tem=65&id=1663'),
('b2c2449d-d788-42bc-afaa-32b7da54464e', 'church', '(38.710113, -9.134768)', 'https://www.guiadacidade.pt/pt/poi-igreja-da-madalena-17837'),
('f5bc50d1-7399-44a3-a480-f010940abc3c', 'church', '(38.709983, -9.133909)', 'https://www.guiadacidade.pt/pt/poi-igreja-de-santo-antonio-17802'),
('d67bf5bb-9445-46ff-851b-de3d1e6a1894', 'church', '(38.714713, -9.138768)', 'https://www.guiadacidade.pt/pt/poi-igreja-de-sao-domingos-16603'),
('0e76d13f-ad31-4d5d-88fa-e5c5827f33ec', 'church', '(38.774121, -9.165951)', 'http://www.jesuitas.pt/Par%C3%B3quia-S.-Jo%C3%A3o-Baptista-do-Lumiar-267.aspx'),
('599a8652-b31f-405c-898f-b73f38cebdee', 'church', '(38.763157, -9.113652)', 'http://www.paroquiaolivaissul.pt/index.php'),
('05f7cc95-58cd-4d58-8dcb-840e700fec98', 'church', '(38.719503, -9.143210)', 'http://www.cm-lisboa.pt/equipamentos/equipamento/info/conjunto-formado-pela-igreja-de-sao-jose-dos-carpinteiros-e-predios-anexos-da-rua-de-s-jose-com'),
('efc0774c-5a99-4b44-be95-3350eda0f68d', 'church', '(38.714886, -9.127637)', 'http://www.patriarcado-lisboa.pt/site/'),
('5a1de34e-6b4f-41e8-a6b4-e2b7939819cc', 'church', '(38.736497, -9.134235)', 'https://igrejauniversal.pt/'),
('0004314a-9804-43e4-a82f-d5777929e547', 'church', '(38.735650, -9.158537)', 'http://www.comunidadeislamica.pt/pt/'),
('1670cef2-5033-48b3-8d4a-55a5e6a6cf6c', 'church', '(38.7912135, -9.1828103)', 'http://www.mosteirodeodivelas.org/'),
('384bf88d-9122-4061-83c9-7d98cec21fed', 'church', '(38.713597, -9.143461)', 'http://www.museu-saoroque.com/pt/Home.aspx'),
('2c8212fe-d742-4697-8dd0-ae2f6085b6a5', 'church', '(38.733243, -9.149978)', 'http://www.anuariocatolicoportugal.net/nunciatura.asp'),
('ec66e647-10cd-472a-a082-a5f188d8a4d9', 'church', '(38.752920, -9.172950)', 'http://www.paroquiatomasaquino.com/'),
('62c8bc79-b261-4e9b-8818-559ecc130e65', 'church', '(38.709891, -9.132607)', 'http://www.patriarcado-lisboa.pt/site/'),
('bb44d643-21b9-4580-8fb0-6fc4eb64643e', 'church', '(38.720353, -9.153337)', 'http://www.cilisboa.org/');

INSERT INTO poi_name (id, main, lang, name) VALUES
('291e24f0-f8f6-48bf-a30b-7c39d7e72d3e', true,  'pt', 'Basílica de Nossa Senhora dos Mártires'),
('291e24f0-f8f6-48bf-a30b-7c39d7e72d3e', false, 'en', 'Nossa Senhora dos Mártires Basilica'),
('291e24f0-f8f6-48bf-a30b-7c39d7e72d3e', false, 'fr', 'Basilique de Nossa Senhora dos Mártires'),
('7d5c25f1-12d3-4bf3-9758-1ac11c19d5b4', true,  'pt', 'Capela dos Castros - Antigo Convento de São Domingos de Benfica'),
('7d5c25f1-12d3-4bf3-9758-1ac11c19d5b4', false, 'en', 'Castros Chapel - São Domingos de Benfica Ancient Convent'),
('7d5c25f1-12d3-4bf3-9758-1ac11c19d5b4', false, 'fr', 'Chapelle des Castros - Ancien Couvent de São Domingos de Benfica'),
('7d5c25f1-12d3-4bf3-9758-1ac11c19d5b4', false, 'es', 'Capilla de los Castros - Antiguo Convento de São Domingos de Benfica'),
('aebc903e-1f98-49ba-8431-fea14907ddb5', true,  'pt', 'Capela de Nossa Senhora de Monserrate'),
('aebc903e-1f98-49ba-8431-fea14907ddb5', false, 'en', 'Nossa Senhora de Monserrate Chapel'),
('aebc903e-1f98-49ba-8431-fea14907ddb5', false, 'fr', 'Chapelle de Nossa Senhora de Monserrate'),
('aebc903e-1f98-49ba-8431-fea14907ddb5', false, 'es', 'Capilla de Nossa Senhora de Monserrate'),
('590c9be1-800c-486a-89c4-849028781c07', true,  'pt', 'Capela do Rato'),
('590c9be1-800c-486a-89c4-849028781c07', false, 'en', 'Rato Chapel'),
('590c9be1-800c-486a-89c4-849028781c07', false, 'fr', 'Chapelle du Rato'),
('590c9be1-800c-486a-89c4-849028781c07', false, 'es', 'Capilla del Rato'),
('da8f9267-7525-42c5-b7c6-1ea82a4a9042', true,  'pt', 'Capela do Vale de Santo António'),
('da8f9267-7525-42c5-b7c6-1ea82a4a9042', false, 'en', 'Santo António Valley Chapel'),
('da8f9267-7525-42c5-b7c6-1ea82a4a9042', false, 'fr', 'Chapelle du Vale de Santo António'),
('da8f9267-7525-42c5-b7c6-1ea82a4a9042', false, 'es', 'Capilla del Vale de Santo António'),
('d79798ed-bfd5-4198-8c39-32769fe881e6', true,  'pt', 'Convento da Encarnação'),
('d79798ed-bfd5-4198-8c39-32769fe881e6', false, 'en', 'Encarnação Convent'),
('d79798ed-bfd5-4198-8c39-32769fe881e6', false, 'fr', 'Couvent d''Encarnação'),
('d79798ed-bfd5-4198-8c39-32769fe881e6', false, 'es', 'Convento de la Encarnação'),
('94c5cece-5744-44eb-aaf8-323e626905f2', true,  'pt', 'Capela de Nossa Senhora da Saúde'),
('94c5cece-5744-44eb-aaf8-323e626905f2', false, 'en', 'Nossa Senhora da Saúde Chapel'),
('94c5cece-5744-44eb-aaf8-323e626905f2', false, 'fr', 'Chapelle de Nossa Senhora da Saúde'),
('94c5cece-5744-44eb-aaf8-323e626905f2', false, 'es', 'Capilla de Nossa Senhora da Saúde'),
('f4c4cb07-b81d-4ef7-93fb-32814a1eb100', true,  'pt', 'Centro Ismaili de Lisboa'),
('f4c4cb07-b81d-4ef7-93fb-32814a1eb100', false, 'en', 'Lisbon Ismaili Center'),
('f4c4cb07-b81d-4ef7-93fb-32814a1eb100', false, 'fr', 'Centre Ismaili de Lisbonne'),
('0f795df5-f63a-40c8-87e1-e29ec620bcd1', true,  'pt', 'Convento de Santa Teresa de Jesus'),
('0f795df5-f63a-40c8-87e1-e29ec620bcd1', false, 'en', 'Santa Teresa de Jesus Convent'),
('0f795df5-f63a-40c8-87e1-e29ec620bcd1', false, 'fr', 'Couvent de Santa Teresa de Jesus'),
('3d23a0b2-9be1-4c44-90c3-082fde0b49ff', true,  'pt', 'Convento de São Domingos'),
('3d23a0b2-9be1-4c44-90c3-082fde0b49ff', false, 'en', 'Sâo Domingos Convent'),
('3d23a0b2-9be1-4c44-90c3-082fde0b49ff', false, 'fr', 'Couvent de Sâo Domingos'),
('3d23a0b2-9be1-4c44-90c3-082fde0b49ff', false, 'es', 'Couvent de Sâo Domingos'),
('d53b59e0-c82b-4b83-a8db-39ab80e8ecf9', true,  'pt', 'Igreja e Centro Paroquial de São Jorge de Arroios'),
('d53b59e0-c82b-4b83-a8db-39ab80e8ecf9', false, 'en', 'São José de Arroios Church and Parish Center'),
('d53b59e0-c82b-4b83-a8db-39ab80e8ecf9', false, 'fr', 'Église et Centre Paroissial de São Jorge de Arroios'),
('d53b59e0-c82b-4b83-a8db-39ab80e8ecf9', false, 'es', 'Iglesia y Centro Parroquial de São José de Arroios'),
('d9313d9b-465a-447f-9a94-2b458a6d5a96', true,  'pt', 'Igreja e Convento da Graça'),
('d9313d9b-465a-447f-9a94-2b458a6d5a96', false, 'en', 'Graça Church and Convent'),
('d9313d9b-465a-447f-9a94-2b458a6d5a96', false, 'fr', 'Église et Couvent de Graça'),
('d9313d9b-465a-447f-9a94-2b458a6d5a96', false, 'es', 'Iglesia y Couvento de la Graça'),
('5f5ec80e-b514-4cd8-a867-2eb176b8ad66', true,  'pt', 'Igreja do Corpo Santo'),
('5f5ec80e-b514-4cd8-a867-2eb176b8ad66', false, 'en', 'Corpo Santo Church'),
('5f5ec80e-b514-4cd8-a867-2eb176b8ad66', false, 'fr', 'Église du Corpo Santo'),
('5f5ec80e-b514-4cd8-a867-2eb176b8ad66', false, 'es', 'Iglesia del Corpo Santo'),
('e2f3d193-abcb-4073-86e5-a743be8a7d1e', true,  'pt', 'Igreja Italiana de Nossa Senhora do Loreto'),
('e2f3d193-abcb-4073-86e5-a743be8a7d1e', false, 'en', 'Nossa Senhora do Loreto Italian Church'),
('e2f3d193-abcb-4073-86e5-a743be8a7d1e', false, 'fr', 'Église Italienne de Nossa Senhora do Loreto'),
('e2f3d193-abcb-4073-86e5-a743be8a7d1e', false, 'es', 'Iglesia Italiana de Nossa Senhora do Loret'),
('cdf64da1-9d6a-4a6a-8995-d2b94bd9689b', true,  'pt', 'Igreja Matriz de Odivelas'),
('cdf64da1-9d6a-4a6a-8995-d2b94bd9689b', false, 'en', 'Odivelas Main Church'),
('cdf64da1-9d6a-4a6a-8995-d2b94bd9689b', false, 'fr', 'Église Majeure d''Odivelas'),
('cdf64da1-9d6a-4a6a-8995-d2b94bd9689b', false, 'es', 'Iglesia Principal de Odivelas'),
('da772310-515c-4958-80f4-39c364c7669e', true,  'pt', 'Igreja de Nossa Senhora da Conceição Velha'),
('da772310-515c-4958-80f4-39c364c7669e', false, 'en', 'Nossa Senhora da Conceição Velha'),
('da772310-515c-4958-80f4-39c364c7669e', false, 'fr', 'Église de Nossa Senhora da Conceição Velha'),
('da772310-515c-4958-80f4-39c364c7669e', false, 'es', 'Iglesia de Nossa Senhora da Conceição Velha'),
('e6c35314-14c3-4e13-ab9b-261def3cadb0', true,  'pt', 'Igreja de Nossa Senhora da Encarnação'),
('e6c35314-14c3-4e13-ab9b-261def3cadb0', false, 'en', 'Nossa Senhora da Encarnação Church'),
('e6c35314-14c3-4e13-ab9b-261def3cadb0', false, 'fr', 'Église de Nossa Senhora da Encarnação'),
('e6c35314-14c3-4e13-ab9b-261def3cadb0', false, 'es', 'Iglesia de Nossa Senhora da Encarnação'),
('b6d636c9-b0ae-4ad7-9169-0b14001729af', true,  'pt', 'Igreja de Nossa Senhora da Porta do Céu'),
('b6d636c9-b0ae-4ad7-9169-0b14001729af', false, 'en', 'Nossa Senhora da Porta do Céu Church'),
('b6d636c9-b0ae-4ad7-9169-0b14001729af', false, 'fr', 'Église de Nossa Senhora da Porta do Céu'),
('b6d636c9-b0ae-4ad7-9169-0b14001729af', false, 'es', 'Iglesia Parroquial Senhora da Porta do Céu'),
('2e78daef-2a10-4eb6-9c27-8f173bbb7958', true,  'pt', 'Igreja de Nossa Senhora do Rosário - Antigo Convento de São Domingos de Benfica'),
('2e78daef-2a10-4eb6-9c27-8f173bbb7958', false, 'en', 'Nossa Senhora do Rosário Church - São Domingos de Benfica Ancient Convent'),
('2e78daef-2a10-4eb6-9c27-8f173bbb7958', false, 'fr', 'Église de Nossa Senhora do Rosário - Ancien Couvent de São Domingos de Benfica'),
('2e78daef-2a10-4eb6-9c27-8f173bbb7958', false, 'es', 'Iglesia de Nossa Senhora do Rosário - Antiguo Convento de São Domingos de Benfica'),
('2edf3983-82ee-4520-b21c-578eb6b9053b', true,  'pt', 'Igreja de Nossa Senhora do Rosário de Fátima'),
('2edf3983-82ee-4520-b21c-578eb6b9053b', false, 'en', 'Nossa Senhora do Rosário de Fátima Church'),
('2edf3983-82ee-4520-b21c-578eb6b9053b', false, 'fr', 'Église de Nossa Senhora do Rosário de Fátima'),
('2edf3983-82ee-4520-b21c-578eb6b9053b', false, 'es', 'Iglesia de Nossa Senhora do Rosário de Fátima'),
('002c1bbc-18af-414a-8142-9cd3debb5f71', true,  'pt', 'Igreja de Nossa Senhora do Socorro'),
('002c1bbc-18af-414a-8142-9cd3debb5f71', false, 'en', 'Nossa Senhora da Saúde Church'),
('002c1bbc-18af-414a-8142-9cd3debb5f71', false, 'fr', 'Église de Nossa Senhora da Saúde'),
('002c1bbc-18af-414a-8142-9cd3debb5f71', false, 'es', 'Iglesia de Nossa Senhora da Saúde'),
('dd88b3cd-8522-47e0-837f-975e20c18c93', true,  'pt', 'Igreja Ortodoxa Russa'),
('dd88b3cd-8522-47e0-837f-975e20c18c93', false, 'en', 'Russian Orthodox Church'),
('dd88b3cd-8522-47e0-837f-975e20c18c93', false, 'fr', 'Église Orthodoxe Russe'),
('dd88b3cd-8522-47e0-837f-975e20c18c93', false, 'es', 'Iglesia Ortodoxa Rusa'),
('90696519-fba3-4f6a-8574-5370ae3bc8f6', true,  'pt', 'Igreja Paroquial do Espírito Santo'),
('90696519-fba3-4f6a-8574-5370ae3bc8f6', false, 'en', 'Espírito Santo Parish Church'),
('90696519-fba3-4f6a-8574-5370ae3bc8f6', false, 'fr', 'Église Paroissiale du Espírito Santo'),
('90696519-fba3-4f6a-8574-5370ae3bc8f6', false, 'es', 'Iglesia Parroquial del Espírito Santo'),
('27f9cd67-6460-4c37-9a33-cc41deb8e857', true,  'pt', 'Igreja Paroquial de Nossa Senhora dos Anjos'),
('27f9cd67-6460-4c37-9a33-cc41deb8e857', false, 'en', 'Nossa Senhora dos Anjos Parish Church'),
('27f9cd67-6460-4c37-9a33-cc41deb8e857', false, 'fr', 'Église Paroissiale de Nossa Senhora dos Anjos'),
('27f9cd67-6460-4c37-9a33-cc41deb8e857', false, 'es', 'Iglesia Parroquial de Nossa Senhora dos Anjos'),
('052ff00b-539c-476c-94ec-2ef4e090a5e5', true,  'pt', 'Igreja Paroquial de Nossa Senhora do Carmo do Alto do Lumiar'),
('052ff00b-539c-476c-94ec-2ef4e090a5e5', false, 'en', 'Nossa Senhora do Carmo do Alto do Lumiar Parish Church'),
('052ff00b-539c-476c-94ec-2ef4e090a5e5', false, 'fr', 'Église Paroissiale de Nossa Senhora do Carmo do Alto do Lumiar'),
('052ff00b-539c-476c-94ec-2ef4e090a5e5', false, 'es', 'Iglesia Parroquial de Nossa Senhora do Carmo do Alto do Lumiar'),
('a8ea5c39-24a6-4cf1-be2f-a53fc548143d', true,  'pt', 'Igreja Paroquial de Nossa Senhora da Encarnação da Ameixoeira'),
('a8ea5c39-24a6-4cf1-be2f-a53fc548143d', false, 'en', 'Nossa Senhora da Encarnação Parish Church of Ameixoeira'),
('a8ea5c39-24a6-4cf1-be2f-a53fc548143d', false, 'fr', 'Église Paroissiale de Nossa Senhora da Encarnação d''Ameixoeira'),
('a8ea5c39-24a6-4cf1-be2f-a53fc548143d', false, 'es', 'Iglesia Parroquial de Nossa Senhora da Encarnação de Ameixoeira'),
('79de808e-f2a8-4a1e-9c25-e47079109c0a', true,  'pt', 'Igreja Paroquial de Nossa Senhora da Pena'),
('79de808e-f2a8-4a1e-9c25-e47079109c0a', false, 'en', 'Nossa Senhora da Pena Parish Church'),
('79de808e-f2a8-4a1e-9c25-e47079109c0a', false, 'fr', 'Église Paroissiale de Nossa Senhora da Pena'),
('79de808e-f2a8-4a1e-9c25-e47079109c0a', false, 'es', 'Iglesia Parroquial de Nossa Senhora da Pena'),
('8efa89b3-2973-4261-96b0-e5dbc52008e4', true,  'pt', 'Igreja Paroquial da Penha de França'),
('8efa89b3-2973-4261-96b0-e5dbc52008e4', false, 'en', 'Penha de França Parish Church'),
('8efa89b3-2973-4261-96b0-e5dbc52008e4', false, 'fr', 'Église Paroissiale de Penha de França'),
('8efa89b3-2973-4261-96b0-e5dbc52008e4', false, 'es', 'Iglesia Parroquial de la Penha de França'),
('6c5dcb8b-c3f4-4b35-a619-abafd6b668eb', true,  'pt', 'Igreja Paroquial de Santa Engrácia - Convento dos Barbadinhos'),
('6c5dcb8b-c3f4-4b35-a619-abafd6b668eb', false, 'en', 'Santa Engrácia Parish Council - Barbadinhos Convent'),
('6c5dcb8b-c3f4-4b35-a619-abafd6b668eb', false, 'fr', 'Église Paroissiale de Santa Engrácia - Couvent des Barbadinhos'),
('6c5dcb8b-c3f4-4b35-a619-abafd6b668eb', false, 'es', 'Iglesia Parroquial de Santa Engrácia - Convento de los Barbadinhos'),
('47af7107-0227-4976-9cf6-60aaba5f0790', true,  'pt', 'Igreja Paroquial de Santa Isabel'),
('47af7107-0227-4976-9cf6-60aaba5f0790', false, 'en', 'Santa Isabel Parish Church'),
('47af7107-0227-4976-9cf6-60aaba5f0790', false, 'fr', 'Église Paroissiale de Santa Isabel'),
('47af7107-0227-4976-9cf6-60aaba5f0790', false, 'es', 'Iglesia Parroquial de Santa Isabel'),
('217f75fa-8abc-43e8-95b2-77def9aab3f6', true,  'pt', 'Igreja Paroquial de Santa Joana Princesa'),
('217f75fa-8abc-43e8-95b2-77def9aab3f6', false, 'en', 'Santa Joana Princesa Parish Church'),
('217f75fa-8abc-43e8-95b2-77def9aab3f6', false, 'fr', 'Église Paroissiale de Santa Joana Princesa'),
('217f75fa-8abc-43e8-95b2-77def9aab3f6', false, 'es', 'Iglesia Parroquial de Santa Joana Princesa'),
('03b69979-30da-42d3-941c-0bd0adb4c99c', true,  'pt', 'Igreja Paroquial de Santo António de Campolide'),
('03b69979-30da-42d3-941c-0bd0adb4c99c', false, 'en', 'Santo António de Campolide Parish Church'),
('03b69979-30da-42d3-941c-0bd0adb4c99c', false, 'fr', 'Église Paroissiale de Santo António de Campolide'),
('03b69979-30da-42d3-941c-0bd0adb4c99c', false, 'es', 'Iglesia Parroquial de Santo António de Campolide'),
('580b1e21-b937-4221-87f1-91be8fe48bbd', true,  'pt', 'Igreja Paroquial de Santo Estêvão'),
('580b1e21-b937-4221-87f1-91be8fe48bbd', false, 'en', 'Santo Estêvão Parish Council'),
('580b1e21-b937-4221-87f1-91be8fe48bbd', false, 'fr', 'Église Paroissiale de Santo Estêvão'),
('580b1e21-b937-4221-87f1-91be8fe48bbd', false, 'es', 'Iglesia Parroquial de Santo Estêvão'),
('393b7a1c-bfc9-44b5-abd7-2447cf8b4717', true,  'pt', 'Igreja Paroquial de Santo Eugénio do Bairro da Encarnação'),
('393b7a1c-bfc9-44b5-abd7-2447cf8b4717', false, 'en', 'Encarnação Neighbourhood''s Santo Eugénio Parish Church'),
('393b7a1c-bfc9-44b5-abd7-2447cf8b4717', false, 'fr', 'Église Paroissiale de Santo Eugénio du Quartier d''Encarnação'),
('393b7a1c-bfc9-44b5-abd7-2447cf8b4717', false, 'es', 'Iglesia Parroquial de Santo Eugénio del Barrio de Encarnação'),
('19b82bd2-732d-4261-88f9-b7f3a825c6a7', true,  'pt', 'Igreja Paroquial de São Cristovão e São Lourenço'),
('19b82bd2-732d-4261-88f9-b7f3a825c6a7', false, 'en', 'São Cristóvão and São Lourenço Parish Church'),
('19b82bd2-732d-4261-88f9-b7f3a825c6a7', false, 'fr', 'Église Paroissiale de São Cristóvão et São Lourenço'),
('19b82bd2-732d-4261-88f9-b7f3a825c6a7', false, 'es', 'Iglesia Parroquial de São Cristóvão et São Lourenço'),
('10202f9d-df1d-41ad-9f9a-caf0f39eb97d', true,  'pt', 'Igreja Paroquial de São Domingos de Benfica'),
('10202f9d-df1d-41ad-9f9a-caf0f39eb97d', false, 'en', 'São Domingos de Benfica Parish Church'),
('10202f9d-df1d-41ad-9f9a-caf0f39eb97d', false, 'fr', 'Église Paroissiale de São Domingos de Benfica'),
('10202f9d-df1d-41ad-9f9a-caf0f39eb97d', false, 'es', 'Iglesia Parroquial de São Domingos de Benfica'),
('36c60585-6925-43be-a9ad-2e45ff224fd7', true,  'pt', 'Igreja Paroquial de São Francisco de Assis'),
('36c60585-6925-43be-a9ad-2e45ff224fd7', false, 'en', 'São Francisco de Assis Parish Church'),
('36c60585-6925-43be-a9ad-2e45ff224fd7', false, 'fr', 'Église Paroissiale de São Francisco de Assis'),
('36c60585-6925-43be-a9ad-2e45ff224fd7', false, 'es', 'Iglesia Parroquial de São Francisco de Assis'),
('9b07013b-9b7c-497a-b32f-dbdfec4d3e66', true,  'pt', 'Igreja Paroquial de São João de Brito'),
('9b07013b-9b7c-497a-b32f-dbdfec4d3e66', false, 'en', 'São João de Brito Parish Church'),
('9b07013b-9b7c-497a-b32f-dbdfec4d3e66', false, 'fr', 'Église Paroissiale de São João de Brito'),
('9b07013b-9b7c-497a-b32f-dbdfec4d3e66', false, 'es', 'Iglesia Parroquial de São João de Brito'),
('d6f6eeb4-6dfc-4e58-a3e0-f4bac85efa9e', true,  'pt', 'Igreja Paroquial de São João de Deus'),
('d6f6eeb4-6dfc-4e58-a3e0-f4bac85efa9e', false, 'en', 'São João de Deus Parish Church'),
('d6f6eeb4-6dfc-4e58-a3e0-f4bac85efa9e', false, 'fr', 'Église Paroissiale de São João de Deus'),
('d6f6eeb4-6dfc-4e58-a3e0-f4bac85efa9e', false, 'es', 'Iglesia Parroquial de São João de Deus'),
('3349c439-9d36-49f6-939f-1b48ec0c2a1f', true,  'pt', 'Igreja Paroquial de São Lourenço'),
('3349c439-9d36-49f6-939f-1b48ec0c2a1f', false, 'en', 'São Lourenço Parish Church'),
('3349c439-9d36-49f6-939f-1b48ec0c2a1f', false, 'fr', 'Église Paroissiale de São Lourenço'),
('3349c439-9d36-49f6-939f-1b48ec0c2a1f', false, 'es', 'Iglesia Parroquial de São Lourenço'),
('53f3ed93-c229-4a59-b447-3cd2afee4a7a', true,  'pt', 'Igreja Paroquial de São Mamede'),
('53f3ed93-c229-4a59-b447-3cd2afee4a7a', false, 'en', 'São Mamede Parish Church'),
('53f3ed93-c229-4a59-b447-3cd2afee4a7a', false, 'fr', 'Église Paroissiale de São Mamede'),
('53f3ed93-c229-4a59-b447-3cd2afee4a7a', false, 'es', 'Iglesia Parroquial de São Mamede'),
('1de61c17-eddb-4584-aa45-646f0b93f667', true,  'pt', 'Igreja Paroquial de São Paulo'),
('1de61c17-eddb-4584-aa45-646f0b93f667', false, 'en', 'São Paulo Parish Church'),
('1de61c17-eddb-4584-aa45-646f0b93f667', false, 'fr', 'Église Paroissiale de São Paulo'),
('1de61c17-eddb-4584-aa45-646f0b93f667', false, 'es', 'Iglesia Parroquial de São Paulo'),
('0af7212c-5bb0-4bbd-a322-ce3b041bf65b', true,  'pt', 'Igreja Paroquial de São Sebastião da Pedreira'),
('0af7212c-5bb0-4bbd-a322-ce3b041bf65b', false, 'en', 'São Sebastião da Pedreira Parish Churc'),
('0af7212c-5bb0-4bbd-a322-ce3b041bf65b', false, 'fr', 'Église Paroissiale de São Sebastião da Pedreira'),
('0af7212c-5bb0-4bbd-a322-ce3b041bf65b', false, 'es', 'Iglesia Parroquial de São Sebastião da Pedreira'),
('48c861d1-b2bb-416e-a180-7cacde0ce1f0', true,  'pt', 'Igreja do Sagrado Coração de Jesus'),
('48c861d1-b2bb-416e-a180-7cacde0ce1f0', false, 'en', 'Holly Heart of Jesus Church'),
('48c861d1-b2bb-416e-a180-7cacde0ce1f0', false, 'fr', 'Église du Sacré Coeur de Jésus'),
('48c861d1-b2bb-416e-a180-7cacde0ce1f0', false, 'es', 'Iglesia del Sagrado Corazón de Jesus'),
('cc672fcb-57f8-46e1-99ad-42bd69a538aa', true,  'pt', 'Igreja de Santa Beatriz da Silva'),
('cc672fcb-57f8-46e1-99ad-42bd69a538aa', false, 'en', 'Santa Beatriz da Silva Church'),
('cc672fcb-57f8-46e1-99ad-42bd69a538aa', false, 'fr', 'Église de Santa Beatriz da Silva'),
('cc672fcb-57f8-46e1-99ad-42bd69a538aa', false, 'es', 'Iglesia de Santa Beatriz da Silva'),
('b2c2449d-d788-42bc-afaa-32b7da54464e', true,  'pt', 'Igreja de Santa Maria Madalena'),
('b2c2449d-d788-42bc-afaa-32b7da54464e', false, 'en', 'Santa Maria Madalena Churc'),
('b2c2449d-d788-42bc-afaa-32b7da54464e', false, 'fr', 'Église de Santa Maria Madalena'),
('b2c2449d-d788-42bc-afaa-32b7da54464e', false, 'es', 'Iglesia de Santa Maria Madalena'),
('f5bc50d1-7399-44a3-a480-f010940abc3c', true,  'pt', 'Igreja de Santo António'),
('f5bc50d1-7399-44a3-a480-f010940abc3c', false, 'en', 'Santo António Church'),
('f5bc50d1-7399-44a3-a480-f010940abc3c', false, 'fr', 'Église de Santo António'),
('f5bc50d1-7399-44a3-a480-f010940abc3c', false, 'es', 'Iglesia de Santo António'),
('d67bf5bb-9445-46ff-851b-de3d1e6a1894', true,  'pt', 'Igreja de São Domingos'),
('d67bf5bb-9445-46ff-851b-de3d1e6a1894', false, 'en', 'São Domingos Church'),
('d67bf5bb-9445-46ff-851b-de3d1e6a1894', false, 'fr', 'Église de São Domingos'),
('d67bf5bb-9445-46ff-851b-de3d1e6a1894', false, 'es', 'Iglesia de São Domingos'),
('0e76d13f-ad31-4d5d-88fa-e5c5827f33ec', true,  'pt', 'Igreja de São João Baptista - Igreja Paroquial do Lumiar'),
('0e76d13f-ad31-4d5d-88fa-e5c5827f33ec', false, 'en', 'São João Baptista Church - Lumiar Parish Church'),
('0e76d13f-ad31-4d5d-88fa-e5c5827f33ec', false, 'fr', 'Église de São João Baptista - Église Paroissiale du Lumiar'),
('0e76d13f-ad31-4d5d-88fa-e5c5827f33ec', false, 'es', 'Iglesia de São João Baptista - Iglesia Parroquial del Lumiar'),
('599a8652-b31f-405c-898f-b73f38cebdee', true,  'pt', 'Igreja de São José - Olivais Sul'),
('599a8652-b31f-405c-898f-b73f38cebdee', false, 'en', 'São José Church - Olivais Sul'),
('599a8652-b31f-405c-898f-b73f38cebdee', false, 'fr', 'Église de São José - Olivais Sul'),
('599a8652-b31f-405c-898f-b73f38cebdee', false, 'es', 'Iglesia de São José - Olivais Sul'),
('05f7cc95-58cd-4d58-8dcb-840e700fec98', true,  'pt', 'Igreja de São José dos Carpinteiros'),
('05f7cc95-58cd-4d58-8dcb-840e700fec98', false, 'en', 'São José dos Carpinteiros Church'),
('05f7cc95-58cd-4d58-8dcb-840e700fec98', false, 'fr', 'Église de São José dos Carpinteiros'),
('05f7cc95-58cd-4d58-8dcb-840e700fec98', false, 'es', 'Iglesia de São José dos Carpinteiros'),
('efc0774c-5a99-4b44-be95-3350eda0f68d', true,  'pt', 'Igreja de São Vicente de Fora - Patriarcado de Lisboa'),
('efc0774c-5a99-4b44-be95-3350eda0f68d', false, 'en', 'São Vicente de Fora Church - Lisbon Patriarchy'),
('efc0774c-5a99-4b44-be95-3350eda0f68d', false, 'fr', 'Église de São Vicente de Fora - Patriarcat de Lisbonne'),
('efc0774c-5a99-4b44-be95-3350eda0f68d', false, 'es', 'Iglesia de São Vicente de Fora - Patriarcado de Lisboa'),
('5a1de34e-6b4f-41e8-a6b4-e2b7939819cc', true,  'pt', 'IURD - Igreja Universal do Reino de Deus - Sede Nacional'),
('5a1de34e-6b4f-41e8-a6b4-e2b7939819cc', false, 'en', 'Universal Church of the Kingdom of God - National Headquarters'),
('5a1de34e-6b4f-41e8-a6b4-e2b7939819cc', false, 'fr', 'Église Universelle du Royaume de Dieu - Siège National'),
('5a1de34e-6b4f-41e8-a6b4-e2b7939819cc', false, 'es', 'Iglesia Universal del Reino de Dios - Sede Nacional'),
('0004314a-9804-43e4-a82f-d5777929e547', true,  'pt', 'Mesquita Central de Lisboa'),
('0004314a-9804-43e4-a82f-d5777929e547', false, 'en', 'Lisbon Central Mosque'),
('0004314a-9804-43e4-a82f-d5777929e547', false, 'fr', 'Mosquée Centrale de Lisbonne'),
('0004314a-9804-43e4-a82f-d5777929e547', false, 'es', 'Mezquita Central de Lisboa'),
('1670cef2-5033-48b3-8d4a-55a5e6a6cf6c', true,  'pt', 'Mosteiro de São Dinis'),
('1670cef2-5033-48b3-8d4a-55a5e6a6cf6c', false, 'en', 'São Dinis Monastery'),
('1670cef2-5033-48b3-8d4a-55a5e6a6cf6c', false, 'fr', 'Monastère de São Dinis'),
('1670cef2-5033-48b3-8d4a-55a5e6a6cf6c', false, 'es', 'Monasterio de São Dinis'),
('384bf88d-9122-4061-83c9-7d98cec21fed', true,  'pt', 'Museu e Igreja de São Roque'),
('384bf88d-9122-4061-83c9-7d98cec21fed', false, 'en', 'São Roque Museum and Church'),
('384bf88d-9122-4061-83c9-7d98cec21fed', false, 'fr', 'Musée et Église de São Roque'),
('384bf88d-9122-4061-83c9-7d98cec21fed', false, 'es', 'Museo y Iglesia de São Roque'),
('2c8212fe-d742-4697-8dd0-ae2f6085b6a5', true,  'pt', 'Nunciatura Apostólica da Santa Sé'),
('2c8212fe-d742-4697-8dd0-ae2f6085b6a5', false, 'en', 'Portuguese Holy See Apostolic'),
('2c8212fe-d742-4697-8dd0-ae2f6085b6a5', false, 'fr', 'Nonciature Apostolique du Saint-Siège au Portugal'),
('2c8212fe-d742-4697-8dd0-ae2f6085b6a5', false, 'es', 'Nunciatura Apostólica de la Santa Sede de Portugal'),
('ec66e647-10cd-472a-a082-a5f188d8a4d9', true,  'pt', 'Paróquia de São Tomás de Aquino'),
('ec66e647-10cd-472a-a082-a5f188d8a4d9', false, 'en', 'São Tomás de Aquino Parish'),
('ec66e647-10cd-472a-a082-a5f188d8a4d9', false, 'fr', 'Paroisse de São Tomás de Aquino'),
('ec66e647-10cd-472a-a082-a5f188d8a4d9', false, 'es', 'Parroquia de São Tomás de Aquino'),
('62c8bc79-b261-4e9b-8818-559ecc130e65', true,  'pt', 'Sé Patriarcal de Lisboa'),
('62c8bc79-b261-4e9b-8818-559ecc130e65', false, 'en', 'Lisbon''s Cathedral'),
('62c8bc79-b261-4e9b-8818-559ecc130e65', false, 'fr', 'Cathédrale Patriarcale de Lisbonne'),
('62c8bc79-b261-4e9b-8818-559ecc130e65', false, 'es', 'Catedral de Lisboa'),
('bb44d643-21b9-4580-8fb0-6fc4eb64643e', true,  'pt', 'Sinagoga Portuguesa Shaaré Tikvah'),
('bb44d643-21b9-4580-8fb0-6fc4eb64643e', false, 'en', 'Shaaré Tikvah Portuguese Synagogue'),
('bb44d643-21b9-4580-8fb0-6fc4eb64643e', false, 'fr', 'Synagogue Portugaise Shaaré Tikvah');

INSERT INTO poi (id, type, world_coord, web_url) VALUES
('d03341d6-138d-4e50-865e-618b2d69c7e0', 'court', '(38.773832, -9.096356)', 'http://www.portaldasnacoes.pt/Campus-de-Justica-de-Lisboa-Contactos/'),
('0f06dd6e-86dd-461a-921f-c42f78ef1b79', 'court', '(38.732219, -9.157538)', 'http://www.cm-lisboa.pt/equipamentos/equipamento/info/palacio-da-justica-tribunal-civel-de-lisboa'),
('80396f99-71b3-4d2a-8cd8-6de37de1c5a4', 'court', '(38.714593, -9.144602)', 'http://www.stadministrativo.pt/'),
('24104d8f-2643-4b6b-9865-75711dc9a7e9', 'court', '(38.708593, -9.136480)', 'http://www.stj.pt/'),
('bb936604-a194-4876-8818-85fb9cdb7456', 'court', '(38.723819, -9.151131)', 'https://www.tribunalarbitraldesporto.pt/'),
('10065138-8983-409f-a48e-81cd62acbd86', 'court', '(38.707829, -9.138784)', 'http://www.trl.mj.pt/inicio/home.php');

INSERT INTO poi_name (id, main, lang, name) VALUES
('d03341d6-138d-4e50-865e-618b2d69c7e0', true,  'pt', 'Campus de Justiça de Lisboa'),
('d03341d6-138d-4e50-865e-618b2d69c7e0', false, 'en', 'Lisbon Justice Campus'),
('d03341d6-138d-4e50-865e-618b2d69c7e0', false, 'fr', 'Campus de la Justice à Lisbonne'),
('d03341d6-138d-4e50-865e-618b2d69c7e0', false, 'es', 'Campus de Justicia de Lisboa'),
('0f06dd6e-86dd-461a-921f-c42f78ef1b79', true,  'pt', 'Palácio da Justiça'),
('0f06dd6e-86dd-461a-921f-c42f78ef1b79', false, 'en', 'Justice Palace'),
('0f06dd6e-86dd-461a-921f-c42f78ef1b79', false, 'fr', 'Palais de Justice'),
('0f06dd6e-86dd-461a-921f-c42f78ef1b79', false, 'es', 'Palacio de la Justicia'),
('80396f99-71b3-4d2a-8cd8-6de37de1c5a4', true,  'pt', 'Supremo Tribunal Administrativo'),
('80396f99-71b3-4d2a-8cd8-6de37de1c5a4', false, 'en', 'Administrative Supreme Court'),
('80396f99-71b3-4d2a-8cd8-6de37de1c5a4', false, 'fr', 'Cour Administrative Suprême'),
('24104d8f-2643-4b6b-9865-75711dc9a7e9', true,  'pt', 'Supremo Tribunal de Justiça'),
('24104d8f-2643-4b6b-9865-75711dc9a7e9', false, 'en', 'Supreme Court of Justice'),
('24104d8f-2643-4b6b-9865-75711dc9a7e9', false, 'fr', 'Cour Suprême de Justice'),
('24104d8f-2643-4b6b-9865-75711dc9a7e9', false, 'es', 'Supremo Tribunal de Justicia'),
('bb936604-a194-4876-8818-85fb9cdb7456', true,  'pt', 'TAD - Tribunal Arbitral do Desporto'),
('bb936604-a194-4876-8818-85fb9cdb7456', false, 'en', 'Sports Arbitration Court'),
('bb936604-a194-4876-8818-85fb9cdb7456', false, 'fr', 'Cour d''Arbitrage pour le Sport'),
('bb936604-a194-4876-8818-85fb9cdb7456', false, 'es', 'Tribunal Arbitral del Deporte'),
('10065138-8983-409f-a48e-81cd62acbd86', true,  'pt', 'Tribunal da Relação de Lisboa'),
('10065138-8983-409f-a48e-81cd62acbd86', false, 'en', 'Lisbon Court of Appeal'),
('10065138-8983-409f-a48e-81cd62acbd86', false, 'fr', 'Cour d''Appel de Lisbonne'),
('10065138-8983-409f-a48e-81cd62acbd86', false, 'es', 'Tribunal de Apelación de Lisboa');

INSERT INTO poi (id, type, world_coord, web_url) VALUES
('e36bf67f-40ba-46e9-82b8-c08e06a455af', 'dinning', '(38.710663, -9.142010)', 'https://www.lisbonlux.com/lisbon-cafes/cafe-a-brasileira.html'),
('ef1ec800-be3c-45ef-8b65-047ab155fae9', 'dinning', '(38.736356, -9.134048)', 'http://www.cafeimperio.pt/'),
('5198ac3b-2f5c-42b0-8b3d-fb6159fa533c', 'dinning', '(38.715885, -9.140034)', 'http://www.casadoalentejo.com.pt/'),
('e7a7a0e0-7571-46af-8dde-3150957f807c', 'dinning', '(38.731091, -9.134680)', 'http://www.portugalia.pt/');

INSERT INTO poi_name (id, main, lang, name) VALUES
('e36bf67f-40ba-46e9-82b8-c08e06a455af', true,  'pt', 'A Brasileira'),
('e36bf67f-40ba-46e9-82b8-c08e06a455af', false, 'en', 'Café A Brasileira'),
('e36bf67f-40ba-46e9-82b8-c08e06a455af', false, 'fr', 'Café A Brasileira'),
('e36bf67f-40ba-46e9-82b8-c08e06a455af', false, 'es', 'Cafetería A Brasileira'),
('ef1ec800-be3c-45ef-8b65-047ab155fae9', true,  'pt', 'Café Império'),
('5198ac3b-2f5c-42b0-8b3d-fb6159fa533c', true,  'pt', 'Casa do Alentejo'),
('5198ac3b-2f5c-42b0-8b3d-fb6159fa533c', false, 'en', 'Casa do Alentejo Restaurant'),
('5198ac3b-2f5c-42b0-8b3d-fb6159fa533c', false, 'fr', 'Restaurant Casa do Alentejo'),
('5198ac3b-2f5c-42b0-8b3d-fb6159fa533c', false, 'es', 'Restaurante Casa do Alentejo'),
('e7a7a0e0-7571-46af-8dde-3150957f807c', true,  'pt', 'Portugália Cervejaria Almirante Reis'),
('e7a7a0e0-7571-46af-8dde-3150957f807c', false, 'en', 'Portugália Brewery'),
('e7a7a0e0-7571-46af-8dde-3150957f807c', false, 'fr', 'Brasserie Portugália'),
('e7a7a0e0-7571-46af-8dde-3150957f807c', false, 'es', 'Cervecería Portugália');

INSERT INTO poi (id, type, world_coord, web_url) VALUES
('7d5aaca3-990b-4022-a697-bf5f8415e82f', 'embassy', '(38.719447, -9.145712)', 'http://www.exteriores.gob.es/Portal/en/Paginas/inicio.aspx'),
('7070f2a1-1a1f-4612-ab95-26d813e52801', 'embassy', '(38.7103883, -9.1436105)', 'http://cglisboa.itamaraty.gov.br/pt-br/'),
('e0f525f7-62a7-48ef-ab51-d28ae33a225f', 'embassy', '(38.732742, -9.150303)', 'https://www.embaixada-africadosul.pt/index.php/en/'),
('0fe76a87-a9d9-432e-844a-97315062e913', 'embassy', '(38.7213117, -9.1408158)', 'http://www.lissabon.diplo.de/'),
('70bf0bf4-ab6a-430b-b1cd-5b8940077854', 'embassy', '(38.7444647, -9.146984)', 'http://www.embaixadadeangola.pt/'),
('fd598792-f25c-4a4e-969d-649b8de2125d', 'embassy', '(38.736856, -9.156640)', 'http://www.exteriores.gob.es/embajadas/lisboa/es/Paginas/inicio.aspx'),
('876a7879-60f5-4d7b-bcd5-3f1f413c7998', 'embassy', '(38.7367628, -9.1417021)', 'http://eport.cancilleria.gov.ar/'),
('0756332d-b4f4-4f22-95fc-63c9504e7640', 'embassy', '(38.721400, -9.146024)', 'http://portugal.embassy.gov.au/'),
('1230a84a-2767-4d47-9088-7c60e276e67e', 'embassy', '(38.731141, -9.150060)', 'http://www.embest.pt/por'),
('c5c2779f-4e61-4cc7-90d5-df5e40485e56', 'embassy', '(38.7248133, -9.1544465)', 'http://portugal.diplomatie.belgium.be/en'),
('ce5f3f97-91cc-445f-8cdd-2ac2c90392ba', 'embassy', '(38.742164, -9.164499)', 'http://lisboa.itamaraty.gov.br/pt-br/'),
('e0fb3193-9b7d-4125-b0c2-514392907adc', 'embassy', '(38.721311, -9.145855)', 'http://www.canadainternational.gc.ca/portugal/'),
('7dc944cc-4cbf-43a0-87b9-0d1613e17d04', 'embassy', '(38.7371844, -9.1445991)', 'http://www.emb-chile.pt/'),
('79452d46-dc95-431a-96ef-b416db233c3f', 'embassy', '(38.737192, -9.147396)', 'http://overseas.mofa.go.kr/pt-pt/index.do'),
('b730828b-354f-4cb2-8d58-80399340eace', 'embassy', '(38.722851, -9.148565)', 'http://www.mfa.gov.cy/mfa/embassies/embassy_lisbon.nsf/DMLindex_ol/DMLindex_ol?OpenDocument'),
('752b3e82-0039-4f34-9fff-c43a90ec03c9', 'embassy', '(38.720345, -9.149134)', 'http://portugal.um.dk/'),
('fcac7d46-1b44-4743-9634-1bf10d88e5b3', 'embassy', '(38.7441093, -9.163324)', 'https://pt.usembassy.gov/pt/'),
('d820a8d8-147d-489c-9c63-d2cc4c79dc99', 'embassy', '(38.723911, -9.136992)', 'http://www.amblisbona.esteri.it/Ambasciata_Lisbona/pt/'),
('01837454-c6eb-4aa6-8294-c61a10ef15f5', 'embassy', '(38.734572, -9.148443)', 'http://embassies.gov.il/lisboa/Pages/default.aspx'),
('a605d9f6-5a2f-4cc6-b206-7011abe86a06', 'embassy', '(38.722801, -9.148957)', 'http://www.embaixadas.net/1/12786/Paraguai-em-Lisboa'),
('f0254709-86ee-42ef-b9c4-64577298a81a', 'embassy', '(38.723747, -9.152152)', 'http://embaixadaperu.pt/'),
('75c393a8-cb7f-4ffa-bbb1-5fd600a1f4c1', 'embassy', '(38.716171, -9.157340)', 'https://www.gov.uk/world/organisations/british-embassy-lisbon.pt'),
('986bdfa2-71d5-47d3-9d0d-8aad97a3d670', 'embassy', '(38.734552, -9.138841)', 'http://www.embrussia.ru/'),
('8e592b8b-f8b3-4f8e-9a6e-80e172f16f93', 'embassy', '(38.727832, -9.145276)', 'http://portugal.embajada.gob.ve/');

INSERT INTO poi_name (id, main, lang, name) VALUES
('7d5aaca3-990b-4022-a697-bf5f8415e82f', true,  'pt', 'Consulado de Espanha'),
('7d5aaca3-990b-4022-a697-bf5f8415e82f', false, 'en', 'Consulate of Spain'),
('7d5aaca3-990b-4022-a697-bf5f8415e82f', false, 'fr', 'Consulat d''Espagne'),
('7d5aaca3-990b-4022-a697-bf5f8415e82f', false, 'es', 'Consulado de España'),
('7070f2a1-1a1f-4612-ab95-26d813e52801', true,  'pt', 'Consulado Geral do Brasil'),
('7070f2a1-1a1f-4612-ab95-26d813e52801', false, 'en', 'Consulate General of Brazil'),
('7070f2a1-1a1f-4612-ab95-26d813e52801', false, 'fr', 'Consulat Général du Brésil'),
('7070f2a1-1a1f-4612-ab95-26d813e52801', false, 'es', 'Consulado General de Brasil'),
('e0f525f7-62a7-48ef-ab51-d28ae33a225f', true,  'pt', 'Embaixada da África do Sul'),
('e0f525f7-62a7-48ef-ab51-d28ae33a225f', false, 'en', 'Embassy of South Africa'),
('e0f525f7-62a7-48ef-ab51-d28ae33a225f', false, 'fr', 'Ambassade d''Afrique du Sud'),
('e0f525f7-62a7-48ef-ab51-d28ae33a225f', false, 'es', 'Embajada de la Sudáfrica'),
('0fe76a87-a9d9-432e-844a-97315062e913', true,  'pt', 'Embaixada da Alemanha'),
('0fe76a87-a9d9-432e-844a-97315062e913', false, 'en', 'Embassy of Germany'),
('0fe76a87-a9d9-432e-844a-97315062e913', false, 'fr', 'Ambassade d''Allemagne'),
('0fe76a87-a9d9-432e-844a-97315062e913', false, 'es', 'Embajada de Alemania'),
('70bf0bf4-ab6a-430b-b1cd-5b8940077854', true,  'pt', 'Embaixada de Angola'),
('70bf0bf4-ab6a-430b-b1cd-5b8940077854', false, 'en', 'Embassy of Angola'),
('70bf0bf4-ab6a-430b-b1cd-5b8940077854', false, 'fr', 'Ambassade d''Angola'),
('70bf0bf4-ab6a-430b-b1cd-5b8940077854', false, 'es', 'Embajada de Angola'),
('876a7879-60f5-4d7b-bcd5-3f1f413c7998', true,  'pt', 'Embaixada da Argentina'),
('876a7879-60f5-4d7b-bcd5-3f1f413c7998', false, 'en', 'Embassy of Argentina'),
('876a7879-60f5-4d7b-bcd5-3f1f413c7998', false, 'fr', 'Ambassade d''Argentine'),
('876a7879-60f5-4d7b-bcd5-3f1f413c7998', false, 'es', 'Embajada de la Argentina'),
('0756332d-b4f4-4f22-95fc-63c9504e7640', true,  'pt', 'Embaixada da Austrália'),
('0756332d-b4f4-4f22-95fc-63c9504e7640', false, 'en', 'Embassy of Australia'),
('0756332d-b4f4-4f22-95fc-63c9504e7640', false, 'fr', 'Ambassade de l''Australie'),
('0756332d-b4f4-4f22-95fc-63c9504e7640', false, 'es', 'Embajada de Australia'),
('c5c2779f-4e61-4cc7-90d5-df5e40485e56', true,  'pt', 'Embaixada da Bélgica'),
('c5c2779f-4e61-4cc7-90d5-df5e40485e56', false, 'en', 'Embassy of Belgium'),
('c5c2779f-4e61-4cc7-90d5-df5e40485e56', false, 'fr', 'Ambassade de Belgique'),
('c5c2779f-4e61-4cc7-90d5-df5e40485e56', false, 'es', 'Embajada de la Bélgica'),
('ce5f3f97-91cc-445f-8cdd-2ac2c90392ba', true,  'pt', 'Embaixada do Brasil'),
('ce5f3f97-91cc-445f-8cdd-2ac2c90392ba', false, 'en', 'Embassy of Brazil'),
('ce5f3f97-91cc-445f-8cdd-2ac2c90392ba', false, 'fr', 'Ambassade du Brésil'),
('ce5f3f97-91cc-445f-8cdd-2ac2c90392ba', false, 'es', 'Embajada de Brasil'),
('e0fb3193-9b7d-4125-b0c2-514392907adc', true,  'pt', 'Embaixada do Canadá'),
('e0fb3193-9b7d-4125-b0c2-514392907adc', false, 'en', 'Embassy of Canada'),
('e0fb3193-9b7d-4125-b0c2-514392907adc', false, 'fr', 'Ambassade du Canada'),
('e0fb3193-9b7d-4125-b0c2-514392907adc', false, 'es', 'Embajada de Canadá'),
('7dc944cc-4cbf-43a0-87b9-0d1613e17d04', true,  'pt', 'Embaixada do Chile'),
('7dc944cc-4cbf-43a0-87b9-0d1613e17d04', false, 'en', 'Embassy of Chile'),
('7dc944cc-4cbf-43a0-87b9-0d1613e17d04', false, 'fr', 'Ambassade du Chili'),
('7dc944cc-4cbf-43a0-87b9-0d1613e17d04', false, 'es', 'Embajada del Chile'),
('b730828b-354f-4cb2-8d58-80399340eace', true,  'pt', 'Embaixada do Chipre'),
('b730828b-354f-4cb2-8d58-80399340eace', false, 'en', 'Embassy of Cyprus'),
('b730828b-354f-4cb2-8d58-80399340eace', false, 'fr', 'Ambassade de Chypre'),
('b730828b-354f-4cb2-8d58-80399340eace', false, 'es', 'Embajada del Chipre'),
('79452d46-dc95-431a-96ef-b416db233c3f', true,  'pt', 'Embaixada da Coreia do Sul'),
('79452d46-dc95-431a-96ef-b416db233c3f', false, 'en', 'Embassy of South Korea'),
('79452d46-dc95-431a-96ef-b416db233c3f', false, 'fr', 'Ambassade de Corée du Sud'),
('79452d46-dc95-431a-96ef-b416db233c3f', false, 'es', 'Embajada de la Corea del Sur'),
('752b3e82-0039-4f34-9fff-c43a90ec03c9', true,  'pt', 'Embaixada da Dinamarca'),
('752b3e82-0039-4f34-9fff-c43a90ec03c9', false, 'en', 'Embassy of Denmark'),
('752b3e82-0039-4f34-9fff-c43a90ec03c9', false, 'fr', 'Ambassade du Danemark'),
('752b3e82-0039-4f34-9fff-c43a90ec03c9', false, 'es', 'Embajada de Dinamarca'),
('fd598792-f25c-4a4e-969d-649b8de2125d', true,  'pt', 'Embaixada de Espanha'),
('fd598792-f25c-4a4e-969d-649b8de2125d', false, 'en', 'Embassy of Spain'),
('fd598792-f25c-4a4e-969d-649b8de2125d', false, 'fr', 'Ambassade d''Espagne'),
('fd598792-f25c-4a4e-969d-649b8de2125d', false, 'es', 'Embajada de España'),
('fcac7d46-1b44-4743-9634-1bf10d88e5b3', true,  'pt', 'Embaixada dos Estados Unidos da América'),
('fcac7d46-1b44-4743-9634-1bf10d88e5b3', false, 'en', 'Embassy of the United States of America'),
('fcac7d46-1b44-4743-9634-1bf10d88e5b3', false, 'fr', 'Ambassade des États-Unis d''Amérique'),
('fcac7d46-1b44-4743-9634-1bf10d88e5b3', false, 'es', 'Embajada de los Estados Unidos de América'),
('1230a84a-2767-4d47-9088-7c60e276e67e', true,  'pt', 'Embaixada da Estónia'),
('1230a84a-2767-4d47-9088-7c60e276e67e', false, 'en', 'Embassy of Estonia'),
('1230a84a-2767-4d47-9088-7c60e276e67e', false, 'fr', 'Ambassade d''Estonie'),
('1230a84a-2767-4d47-9088-7c60e276e67e', false, 'es', 'Embajada de la Estonia'),
('d820a8d8-147d-489c-9c63-d2cc4c79dc99', true,  'pt', 'Embaixada de Itália'),
('d820a8d8-147d-489c-9c63-d2cc4c79dc99', false, 'en', 'Embassy of Italy'),
('d820a8d8-147d-489c-9c63-d2cc4c79dc99', false, 'fr', 'Ambassade d''Italie'),
('d820a8d8-147d-489c-9c63-d2cc4c79dc99', false, 'es', 'Embajada de Italia'),
('01837454-c6eb-4aa6-8294-c61a10ef15f5', true,  'pt', 'Embaixada de Israel'),
('01837454-c6eb-4aa6-8294-c61a10ef15f5', false, 'en', 'Embassy of Israel'),
('01837454-c6eb-4aa6-8294-c61a10ef15f5', false, 'fr', 'Ambassade d''Israël'),
('01837454-c6eb-4aa6-8294-c61a10ef15f5', false, 'es', 'Embajada de Israel'),
('a605d9f6-5a2f-4cc6-b206-7011abe86a06', true,  'pt', 'Embaixada do Paraguai'),
('a605d9f6-5a2f-4cc6-b206-7011abe86a06', false, 'en', 'Embassy of Paraguay'),
('a605d9f6-5a2f-4cc6-b206-7011abe86a06', false, 'fr', 'Ambassade du Paraguay'),
('a605d9f6-5a2f-4cc6-b206-7011abe86a06', false, 'es', 'Embajada del Paraguay'),
('f0254709-86ee-42ef-b9c4-64577298a81a', true,  'pt', 'Embaixada do Peru'),
('f0254709-86ee-42ef-b9c4-64577298a81a', false, 'en', 'Embassy of Peru'),
('f0254709-86ee-42ef-b9c4-64577298a81a', false, 'fr', 'Ambassade du Pérou'),
('f0254709-86ee-42ef-b9c4-64577298a81a', false, 'es', 'Embajada del Perú'),
('75c393a8-cb7f-4ffa-bbb1-5fd600a1f4c1', true,  'pt', 'Embaixada do Reino Unido'),
('75c393a8-cb7f-4ffa-bbb1-5fd600a1f4c1', false, 'en', 'Embassy of the United Kingdom'),
('75c393a8-cb7f-4ffa-bbb1-5fd600a1f4c1', false, 'fr', 'Ambassade du Royaume-Uni'),
('75c393a8-cb7f-4ffa-bbb1-5fd600a1f4c1', false, 'es', 'Embajada del Reino Unido'),
('986bdfa2-71d5-47d3-9d0d-8aad97a3d670', true,  'pt', 'Embaixada da Rússia'),
('986bdfa2-71d5-47d3-9d0d-8aad97a3d670', false, 'en', 'Embassy of the Russian Federation'),
('986bdfa2-71d5-47d3-9d0d-8aad97a3d670', false, 'fr', 'Ambassade de la Russie'),
('986bdfa2-71d5-47d3-9d0d-8aad97a3d670', false, 'es', 'Embajada de Rusia'),
('8e592b8b-f8b3-4f8e-9a6e-80e172f16f93', true,  'pt', 'Embaixada da Venezuela'),
('8e592b8b-f8b3-4f8e-9a6e-80e172f16f93', false, 'en', 'Embassy of Venezuela'),
('8e592b8b-f8b3-4f8e-9a6e-80e172f16f93', false, 'fr', 'Ambassade du Venezuela'),
('8e592b8b-f8b3-4f8e-9a6e-80e172f16f93', false, 'es', 'Embajada de la Venezuela');

INSERT INTO poi (id, type, world_coord, web_url) VALUES
('0db3e48f-a532-47b8-a020-34bd3b632eb3', 'fire-station', '(38.758374, -9.109371)', 'http://www.bombeiroscaboruivo.com/'),
('98a8ee2c-6bad-4d96-ae9c-e0c1a20bc74f', 'fire-station', '(38.725119, -9.147859)', 'http://www.bvlisbonenses.pt/'),
('dc43ce78-282f-45aa-ab66-860e3b4a4383', 'fire-station', '(38.756608, -9.140320)', 'http://www.cm-lisboa.pt/viver/seguranca/regimento-de-sapadores-bombeiros'),
('f4adc09c-55c0-4225-804d-415ac6542460', 'fire-station', '(38.733281, -9.142751)', 'http://www.cm-lisboa.pt/viver/seguranca/regimento-de-sapadores-bombeiros'),
('f765b4e9-4456-475c-b12e-3b4c5e9a7745', 'fire-station', '(38.786843, -9.177378)', 'http://www.bvodivelas.com/sitemega/email.html');


INSERT INTO poi_name (id, main, lang, name) VALUES
('0db3e48f-a532-47b8-a020-34bd3b632eb3', true,  'pt', 'Bombeiros Voluntários de Cabo Ruivo'),
('0db3e48f-a532-47b8-a020-34bd3b632eb3', false, 'en', 'Cabo Ruivo Voluntary Firemen'),
('0db3e48f-a532-47b8-a020-34bd3b632eb3', false, 'fr', 'Pompiers Volontaires de Cabo Ruivo'),
('0db3e48f-a532-47b8-a020-34bd3b632eb3', false, 'es', 'Bomberos Voluntarios de Cabo Ruivo'),
('98a8ee2c-6bad-4d96-ae9c-e0c1a20bc74f', true,  'pt', 'Bombeiros Voluntários Lisbonenses'),
('98a8ee2c-6bad-4d96-ae9c-e0c1a20bc74f', false, 'en', 'Lisbon Voluntary Fire Department'),
('98a8ee2c-6bad-4d96-ae9c-e0c1a20bc74f', false, 'fr', 'Pompiers Volontaires Lisboètes'),
('98a8ee2c-6bad-4d96-ae9c-e0c1a20bc74f', false, 'es', 'Bomberos Voluntarios Lisboetas'),
('dc43ce78-282f-45aa-ab66-860e3b4a4383', true,  'pt', 'Regimento de Sapadores Bombeiros – Quartel de Alvalade'),
('dc43ce78-282f-45aa-ab66-860e3b4a4383', false, 'en', 'Fire Brigade Regiment - Alvalade Fire Station'),
('dc43ce78-282f-45aa-ab66-860e3b4a4383', false, 'fr', 'Régiment de Sapeurs-Pompiers - Brigade d''Alvalade'),
('dc43ce78-282f-45aa-ab66-860e3b4a4383', false, 'es', 'Cuerpo de Bomberos - Cuartel de Alvalade'),
('f4adc09c-55c0-4225-804d-415ac6542460', true,  'pt', 'Regimento de Sapadores Bombeiros – Quartel Defensores de Chaves'),
('f4adc09c-55c0-4225-804d-415ac6542460', false, 'en', 'Fire Brigade Regiment - Defensores de Chaves Fire Station'),
('f4adc09c-55c0-4225-804d-415ac6542460', false, 'fr', 'Régiment de Sapeurs-Pompiers - Brigade Defensores de Chaves'),
('f4adc09c-55c0-4225-804d-415ac6542460', false, 'es', 'Regimiento de Zapadores Bomberos - Cuartel Defensores de Chaves'),
('f765b4e9-4456-475c-b12e-3b4c5e9a7745', true,  'pt', 'Bombeiros Voluntários de Odivelas'),
('f765b4e9-4456-475c-b12e-3b4c5e9a7745', false, 'en', 'Odivelas Voluntary Firemen'),
('f765b4e9-4456-475c-b12e-3b4c5e9a7745', false, 'fr', 'Pompiers Volontaires d''Odivelas'),
('f765b4e9-4456-475c-b12e-3b4c5e9a7745', false, 'es', 'Bomberos Voluntarios de Odivelas');

INSERT INTO poi (id, type, world_coord, web_url) VALUES
('89dfb58d-ef07-4873-be00-a9480e0fc280', 'government', '(38.726050, -9.139059)', 'http://academiamilitar.pt/'),
('b65ab1a8-7a45-4f2f-8948-d30c0429f1a9', 'government', '(38.770244, -9.159556)', 'https://academiaportuguesadahistoria.gov.pt/'),
('ecdadb37-1744-43d4-81ee-66a89f724997', 'government', '(38.748914, -9.139577)', 'http://www.arslvt.min-saude.pt/'),
('17e5274f-997d-4997-8a90-52c986f854aa', 'government', '(38.750246, -9.171219)', 'https://www.ama.gov.pt/'),
('d4f5fc94-9251-4618-b6aa-1574d69b2a85', 'government', '(38.722319, -9.131119)', 'https://www.acm.gov.pt/'),
('d8a11814-4005-4fb2-8dc1-71d39fa2d148', 'government', '(38.732260, -9.142074)', 'http://www.act.gov.pt/(pt-PT)/Paginas/default.aspx'),
('1d25a73c-5984-4fa7-813f-52b78b1c68dd', 'government', '(38.772753, -9.126934)', 'http://www.anac.pt/'),
('fe47c911-d950-47e4-b62e-9440113d7614', 'government', '(38.737319, -9.163065)', 'https://www.anacom.pt/'),
('267e60b8-6a8e-4210-b369-0fff62e82031', 'government', '(38.758245, -9.148109)', 'http://www.infarmed.pt/'),
('5a245bd4-ecbb-49b8-8daf-73bd2b4de6d8', 'government', '(38.722972, -9.153444)', 'http://www.asae.gov.pt/'),
('e8f25775-15e2-407f-b7c4-19703bc100b7', 'government', '(38.777744, -9.113520)', 'https://www.igeoe.pt/index.php?id=1'),
('1a666f7e-d533-4c6a-a24a-852dab77aa52', 'government', '(38.748188, -9.147542)', 'http://www.seg-social.pt/noticias/-/asset_publisher/9N8j/content/atendimento-por-marcacao-no-centro-nacional-de-pensoes'),
('86f59edb-6eca-48c2-a294-eddc2d995add', 'government', '(38.742935, -9.176030)', 'http://www.cpj.pt/'),
('8c1e3495-2865-4ef8-8dfe-29ee9757a4d4', 'government', '(38.721574, -9.151114)', 'http://www.ccdr-lvt.pt/pt/'),
('5fb3615a-d514-4cc0-889d-b1a90691cbb4', 'government', '(38.739659, -9.125034)', 'http://cite.gov.pt/'),
('1d429964-86ba-41b2-8d8c-efef14a3c1b7', 'government', '(38.741852, -9.149793)', 'http://www.cmvm.pt/pt/Pages/home.aspx'),
('30a49870-747f-4c22-8ec6-a370ac9e6b68', 'government', '(38.7506592, -9.1454052)', 'http://www.cnedu.pt/pt/'),
('a44bc559-4cc3-49b0-8ed0-23ccdba20f41', 'government', '(38.723343, -9.149991)', 'https://www.csm.org.pt/'),
('4cb15f31-8310-4b89-97c0-f7bae91b7841', 'government', '(38.742297, -9.132243)', 'http://www.dgadr.gov.pt'),
('9c5bd274-0b15-4b8d-ae53-2ef8df9b6174', 'government', '(38.750595, -9.148629)', 'http://www.dgv.min-agricultura.pt/portal/page/portal/DGV'),
('0b521751-c713-4d28-9735-98be8ee27a96', 'government', '(38.737571, -9.150964)', 'http://www.dgae.gov.pt/'),
('2a39d0e9-1815-4df3-97fc-afedd2bc420f', 'government', '(38.743782, -9.149030)', 'http://www.dgeg.gov.pt/'),
('94dd6387-22d6-4f63-a7c3-968d135e1a9c', 'government', '(38.735034, -9.146304)', 'http://www.dges.gov.pt/pt'),
('7d096b9e-94be-453c-adb0-75edb17ad75a', 'government', '(38.753592, -9.143706)', 'https://www.dgeste.mec.pt/'),
('936cc66d-b22d-465c-b7a9-6ce465e5d387', 'government', '(38.7363676, -9.1356928)', 'https://www.dgs.pt/'),
('acd0f2da-9b83-467e-b199-1428f350bf05', 'government', '(38.720048, -9.156186)', 'http://www.seg-social.pt/dgss-direccao-geral-da-seguranca-social'),
('75e49789-1585-418a-a119-c31a45d17f3d', 'government', '(38.720882, -9.145539)', 'http://www.egeac.pt/'),
('40cce56e-80d1-4698-9894-9607d7f5cd1c', 'government', '(38.756937, -9.112006)', 'http://www.carris.pt/'),
('a14620a8-31f7-4cc4-b8ab-69e770cdcd4c', 'government', '(38.713228, -9.124838)', 'http://www.exercito.pt/pt/quem-somos/organizacao/ceme'),
('d1bc35f9-8cae-4c4d-a6fe-8da665e9a383', 'government', '(38.737447, -9.1430641)', 'https://www.incm.pt/'),
('4deafa7c-a807-4f5f-a261-f4362b0fc219', 'government', '(38.722227, -9.131115)', 'http://www.igf.gov.pt/'),
('cbe5b2ce-f30c-40ce-b8cc-72bb931f64f5', 'government', '(38.718149, -9.157686)', 'http://www.iave.pt/'),
('af46bf3a-d14c-4dd4-849d-8074552411c8', 'government', '(38.738768, -9.148815)', 'http://www.imt-ip.pt/'),
('cc043ea5-3c3b-401c-ad9b-b4e93de05241', 'government', '(38.778446, -9.114076)', 'https://www.exercito.pt/pt/quem-somos/organizacao/ceme/cmdlog/lmpqf'),
('40828a3e-8e5a-4072-b0e0-50ce5c867dda', 'government', '(38.708075, -9.135402)', 'https://www.portugal.gov.pt/pt/gc21/area-de-governo/administracao-interna'),
('349ac28d-91bd-4752-911c-4219c0eee77b', 'government', '(38.707674, -9.137701)', 'https://www.portugal.gov.pt/pt/gc21/area-de-governo/agricultura-florestas-e-desenvolvimento-rural'),
('90cd2cf2-0b72-4362-baca-3a283d45aa04', 'government', '(38.710034, -9.144711)', 'https://www.portugal.gov.pt/pt/gc21/area-de-governo/ministro-adjunto-e-da-economia'),
('5febe8fa-5f59-49d8-a4da-580738de1c00', 'government', '(38.707845, -9.133935)', 'https://www.portugal.gov.pt/pt/gc21/area-de-governo/financas'),
('26ce37be-4d1a-438d-94ca-da5663d8b6c1', 'government', '(38.708359, -9.137159)', 'https://www.portugal.gov.pt/pt/gc21/area-de-governo/justica'),
('35c9a963-81b4-4a52-af50-fe822e6412cc', 'government', '(38.736166, -9.144126)', 'https://www.portugal.gov.pt/pt/gc21/area-de-governo/saude'),
('7970628e-8a70-41c8-aaba-317f3543024f', 'government', '(38.7415357, -9.1379847)', 'https://www.portugal.gov.pt/pt/gc21/area-de-governo/trabalho-solidariedade-e-seguranca-social'),
('526fd868-f86c-4bb0-a7b2-b349f2d8ea6e', 'government', '(38.782724, -9.120745)', 'https://www.exercito.pt/pt/quem-somos/organizacao/ceme/cmdlog/dmt/rtransp'),
('60e50948-9055-418f-8656-d4adfe31e773', 'government', '(38.719311, -9.153493)', 'http://www.ministeriopublico.pt/'),
('b4f150af-3131-4ad9-bd04-72bb2712bc9d', 'government', '(38.720075, -9.147169)', 'https://ec.europa.eu/portugal/about-us/contact_pt'),
('2fba3aee-fa6f-458a-8609-529338e02bed', 'government', '(38.739778, -9.146759)', 'http://spms.min-saude.pt/'),
('65715c8b-ab6f-41ca-81b5-fcf283498acc', 'government', '(38.740014, -9.146751)', 'http://www.tcontas.pt/index.shtm');

INSERT INTO poi_name (id, main, lang, name) VALUES
('89dfb58d-ef07-4873-be00-a9480e0fc280', true,  'pt', 'Academia Militar - Sede'),
('89dfb58d-ef07-4873-be00-a9480e0fc280', false, 'en', 'Military Academy - Headquarters'),
('89dfb58d-ef07-4873-be00-a9480e0fc280', false, 'fr', 'Académie Militaire - Siège'),
('b65ab1a8-7a45-4f2f-8948-d30c0429f1a9', true,  'pt', 'Academia Portuguesa da História'),
('b65ab1a8-7a45-4f2f-8948-d30c0429f1a9', false, 'en', 'Portuguese Academy of History'),
('b65ab1a8-7a45-4f2f-8948-d30c0429f1a9', false, 'fr', 'Académie Portugaise d''Histoire'),
('b65ab1a8-7a45-4f2f-8948-d30c0429f1a9', false, 'es', 'Academia Portuguesa de la Historia'),
('ecdadb37-1744-43d4-81ee-66a89f724997', true,  'pt', 'ARSLVT - Administração Regional de Saúde de Lisboa e Vale do Tejo'),
('ecdadb37-1744-43d4-81ee-66a89f724997', false, 'en', 'Regional Health Administration of Lisbon and the Tagus Valley'),
('ecdadb37-1744-43d4-81ee-66a89f724997', false, 'fr', 'Administration Régionale de Santé de Lisbonne et la Vallée du Tage'),
('ecdadb37-1744-43d4-81ee-66a89f724997', false, 'es', 'Administración Regional de Salud de Lisboa y Valle del Tajo'),
('17e5274f-997d-4997-8a90-52c986f854aa', true,  'pt', 'AMA - Agência para a Modernização Administrativa'),
('17e5274f-997d-4997-8a90-52c986f854aa', false, 'en', 'Agency for Administrative Modernisation'),
('17e5274f-997d-4997-8a90-52c986f854aa', false, 'fr', 'Agence pour la Modernisation Administrative'),
('17e5274f-997d-4997-8a90-52c986f854aa', false, 'es', 'Agencia para la Modernización Administrativa'),
('d4f5fc94-9251-4618-b6aa-1574d69b2a85', true,  'pt', 'Alto Comissariado para as Migrações - Centro Nacional de Apoio a Imigrantes'),
('d4f5fc94-9251-4618-b6aa-1574d69b2a85', false, 'en', 'High Commissariat for Migrations - National Centre for Immigrant Support'),
('d4f5fc94-9251-4618-b6aa-1574d69b2a85', false, 'fr', 'Haut Commissariat pour les Migrations - Centre National de Soutien à l''Intégration des Migrants'),
('d4f5fc94-9251-4618-b6aa-1574d69b2a85', false, 'es', 'Alto Comisionado para las Migraciones - Centro Nacional de Apoyo a los Inmigrantes'),
('d8a11814-4005-4fb2-8dc1-71d39fa2d148', true,  'pt', 'ACT - Autoridade para as Condições do Trabalho'),
('d8a11814-4005-4fb2-8dc1-71d39fa2d148', false, 'en', 'Authority for Work Conditions'),
('d8a11814-4005-4fb2-8dc1-71d39fa2d148', false, 'fr', 'Autorité pour les Conditions de Travail'),
('d8a11814-4005-4fb2-8dc1-71d39fa2d148', false, 'es', 'Autoridad para las Condiciones de Trabajo'),
('1d25a73c-5984-4fa7-813f-52b78b1c68dd', true,  'pt', 'ANAC - Autoridade Nacional de Aviação Civil'),
('1d25a73c-5984-4fa7-813f-52b78b1c68dd', false, 'en', 'Portuguese Civil Aviation Authority'),
('1d25a73c-5984-4fa7-813f-52b78b1c68dd', false, 'fr', 'Autorité Portugaise d''Aviation Civile'),
('1d25a73c-5984-4fa7-813f-52b78b1c68dd', false, 'es', 'Autoridad Portuguesa de Aviación Civil'),
('fe47c911-d950-47e4-b62e-9440113d7614', true,  'pt', 'ANACOM - Autoridade Nacional de Comunicações'),
('fe47c911-d950-47e4-b62e-9440113d7614', false, 'en', 'National Communications Authority'),
('fe47c911-d950-47e4-b62e-9440113d7614', false, 'fr', 'Autorité Nationale des Communications'),
('fe47c911-d950-47e4-b62e-9440113d7614', false, 'es', 'Autoridad Nacional de Comunicaciones'),
('267e60b8-6a8e-4210-b369-0fff62e82031', true,  'pt', 'INFARMED – Autoridade Nacional do Medicamento e Produtos de Saúde'),
('267e60b8-6a8e-4210-b369-0fff62e82031', false, 'en', 'INFARMED - National Authority for Medication and Health Products'),
('267e60b8-6a8e-4210-b369-0fff62e82031', false, 'fr', 'INFARMED - Autorité Nationale du Médicament e des Produits de Santé'),
('267e60b8-6a8e-4210-b369-0fff62e82031', false, 'es', 'INFARMED - Autoridad Nacional del Medicamentos y Productos de Salud'),
('5a245bd4-ecbb-49b8-8daf-73bd2b4de6d8', true,  'pt', 'ASAE - Autoridade de Segurança Alimentar e Económica'),
('5a245bd4-ecbb-49b8-8daf-73bd2b4de6d8', false, 'en', 'Authority for Economic and Food Safety'),
('5a245bd4-ecbb-49b8-8daf-73bd2b4de6d8', false, 'fr', 'Autorité pour la Sécurité Alimentaire et Économique'),
('5a245bd4-ecbb-49b8-8daf-73bd2b4de6d8', false, 'es', 'Autoridad de Seguridad Alimentaria y Económica'),
('e8f25775-15e2-407f-b7c4-19703bc100b7', true,  'pt', 'CIGeoE - Centro de Informação Geoespacial do Exército'),
('e8f25775-15e2-407f-b7c4-19703bc100b7', false, 'en', 'Geospatial Information Centre of the Army'),
('e8f25775-15e2-407f-b7c4-19703bc100b7', false, 'fr', 'Centre d''Information Géospatiale de l''Armée'),
('e8f25775-15e2-407f-b7c4-19703bc100b7', false, 'es', 'Centro de Información Geoespacial del Ejército'),
('1a666f7e-d533-4c6a-a24a-852dab77aa52', true,  'pt', 'Centro Nacional de Pensões'),
('1a666f7e-d533-4c6a-a24a-852dab77aa52', false, 'en', 'National Pensions Center'),
('1a666f7e-d533-4c6a-a24a-852dab77aa52', false, 'fr', 'Centre National des Pensions de Retraite'),
('1a666f7e-d533-4c6a-a24a-852dab77aa52', false, 'es', 'Centro Nacional de Pensiones'),
('86f59edb-6eca-48c2-a294-eddc2d995add', true,  'pt', 'Centro Protocolar de Formação Profissional para o Sector da Justiça'),
('86f59edb-6eca-48c2-a294-eddc2d995add', false, 'en', 'Vocational Training Protocol Center for the Justice Sector'),
('86f59edb-6eca-48c2-a294-eddc2d995add', false, 'fr', 'Centre de Protocole pour la Formation Professionnelle du Secteur de la Justice'),
('86f59edb-6eca-48c2-a294-eddc2d995add', false, 'es', 'Centro Protocolario de Formación Profesional para el Sector de la Justicia'),
('8c1e3495-2865-4ef8-8dfe-29ee9757a4d4', true,  'pt', 'CCDR-LVT - Comissão de Coordenação e Desenvolvimento Regional de Lisboa e Vale do Tejo'),
('8c1e3495-2865-4ef8-8dfe-29ee9757a4d4', false, 'en', 'Lisbon and Tagus Valley Coordinating Committee for Regional Development'),
('8c1e3495-2865-4ef8-8dfe-29ee9757a4d4', false, 'fr', 'Commission de Coordination et pour le Développement Régional de Lisbonne'),
('8c1e3495-2865-4ef8-8dfe-29ee9757a4d4', false, 'es', 'Comisión de Coordinación y Desarrollo Regional de Lisboa y Valle del Tajo'),
('5fb3615a-d514-4cc0-889d-b1a90691cbb4', true,  'pt', 'CITE - Comissão para a Igualdade no Trabalho e no Emprego'),
('5fb3615a-d514-4cc0-889d-b1a90691cbb4', false, 'en', 'Commission for Equality in Labour and Employment'),
('5fb3615a-d514-4cc0-889d-b1a90691cbb4', false, 'fr', 'Commission pour l''Égalité dans le Travail et l''Emploi'),
('5fb3615a-d514-4cc0-889d-b1a90691cbb4', false, 'es', 'Comisión  para la Igualdad en el Trabajo y en el Empleo'),
('1d429964-86ba-41b2-8d8c-efef14a3c1b7', true,  'pt', 'CMVM - Comissão do Mercado de Valores Mobiliários'),
('1d429964-86ba-41b2-8d8c-efef14a3c1b7', false, 'en', 'Stock Market Regulator'),
('1d429964-86ba-41b2-8d8c-efef14a3c1b7', false, 'fr', 'Commission du Marché des Valeurs Mobilières'),
('1d429964-86ba-41b2-8d8c-efef14a3c1b7', false, 'es', 'Comisión del Mercado de Valores Mobiliarios'),
('30a49870-747f-4c22-8ec6-a370ac9e6b68', true,  'pt', 'Conselho Nacional de Educação'),
('30a49870-747f-4c22-8ec6-a370ac9e6b68', false, 'en', 'National Council of Education'),
('30a49870-747f-4c22-8ec6-a370ac9e6b68', false, 'fr', 'Conseil National de l''Éducation'),
('30a49870-747f-4c22-8ec6-a370ac9e6b68', false, 'es', 'Consejo Nacional de Educación'),
('a44bc559-4cc3-49b0-8ed0-23ccdba20f41', true,  'pt', 'Conselho Superior da Magistratura'),
('a44bc559-4cc3-49b0-8ed0-23ccdba20f41', false, 'en', 'Supreme Judicial Council'),
('a44bc559-4cc3-49b0-8ed0-23ccdba20f41', false, 'fr', 'Conseil Supérieur de la Magistrature'),
('a44bc559-4cc3-49b0-8ed0-23ccdba20f41', false, 'es', 'Consejo Superior de la Magistratura'),
('4cb15f31-8310-4b89-97c0-f7bae91b7841', true,  'pt', 'DGADR - Direção-Geral de Agricultura e Desenvolvimento Rural'),
('4cb15f31-8310-4b89-97c0-f7bae91b7841', false, 'en', 'Directorate-General of Agriculture and Rural Development'),
('4cb15f31-8310-4b89-97c0-f7bae91b7841', false, 'fr', 'Direction Générale de l''Agriculture et du Développement Rural'),
('4cb15f31-8310-4b89-97c0-f7bae91b7841', false, 'es', 'Dirección General de da Agricultura y Desarrollo Rural'),
('9c5bd274-0b15-4b8d-ae53-2ef8df9b6174', true,  'pt', 'DGAV - Direção-Geral de Alimentação e Veterinária'),
('9c5bd274-0b15-4b8d-ae53-2ef8df9b6174', false, 'en', 'Directorate-General for Feeding and Veterinary'),
('9c5bd274-0b15-4b8d-ae53-2ef8df9b6174', false, 'fr', 'Direction Générale d''Alimentation et Vétérinaire'),
('9c5bd274-0b15-4b8d-ae53-2ef8df9b6174', false, 'es', 'Dirección General de Alimentación y Veterinaria'),
('0b521751-c713-4d28-9735-98be8ee27a96', true,  'pt', 'DGAE - Direção-Geral das Atividades Económicas'),
('0b521751-c713-4d28-9735-98be8ee27a96', false, 'en', 'Directorate-General of Economic Activities'),
('0b521751-c713-4d28-9735-98be8ee27a96', false, 'fr', 'Direction Générale des Activités Économiques'),
('0b521751-c713-4d28-9735-98be8ee27a96', false, 'es', 'Dirección General de las Actividades Económicas'),
('2a39d0e9-1815-4df3-97fc-afedd2bc420f', true,  'pt', 'DGEG - Direção-Geral de Energia e Geologia'),
('2a39d0e9-1815-4df3-97fc-afedd2bc420f', false, 'en', 'Directorate-General for Energy and Geology'),
('2a39d0e9-1815-4df3-97fc-afedd2bc420f', false, 'fr', 'Direction Générale de l''Énergie et de la Géologie'),
('2a39d0e9-1815-4df3-97fc-afedd2bc420f', false, 'es', 'Dirección General de Energía y Geología'),
('94dd6387-22d6-4f63-a7c3-968d135e1a9c', true,  'pt', 'DGES - Direção-Geral do Ensino Superior'),
('94dd6387-22d6-4f63-a7c3-968d135e1a9c', false, 'en', 'General Directorate of Higher Education'),
('94dd6387-22d6-4f63-a7c3-968d135e1a9c', false, 'fr', 'Direction Générale de l''Enseignement Supérieur'),
('94dd6387-22d6-4f63-a7c3-968d135e1a9c', false, 'es', 'Dirección General de la Enseñanza Superior'),
('7d096b9e-94be-453c-adb0-75edb17ad75a', true,  'pt', 'DGEstE - Direção-Geral dos Estabelecimentos Escolares'),
('7d096b9e-94be-453c-adb0-75edb17ad75a', false, 'en', 'Directorate-General of Educational Establishments'),
('7d096b9e-94be-453c-adb0-75edb17ad75a', false, 'fr', 'Direction Générale d''Établissements Scolaires'),
('7d096b9e-94be-453c-adb0-75edb17ad75a', false, 'es', 'Dirección General de las Instalaciones Sscolares'),
('936cc66d-b22d-465c-b7a9-6ce465e5d387', true,  'pt', 'DGS - Direção-Geral da Saúde'),
('936cc66d-b22d-465c-b7a9-6ce465e5d387', false, 'en', 'Directorate General of Health'),
('936cc66d-b22d-465c-b7a9-6ce465e5d387', false, 'fr', 'Direction Générale de la Santé'),
('936cc66d-b22d-465c-b7a9-6ce465e5d387', false, 'es', 'Dirección General de Salud'),
('acd0f2da-9b83-467e-b199-1428f350bf05', true,  'pt', 'DGSS - Direção-Geral da Segurança Social'),
('acd0f2da-9b83-467e-b199-1428f350bf05', false, 'en', 'Directorate General for Social Security'),
('acd0f2da-9b83-467e-b199-1428f350bf05', false, 'fr', 'Direction Générale de la Sécurité Sociale'),
('acd0f2da-9b83-467e-b199-1428f350bf05', false, 'es', 'Dirección General de la Seguridad Social'),
('75e49789-1585-418a-a119-c31a45d17f3d', true,  'pt', 'EGEAC - Empresa de Gestão de Equipamentos e Animação Cultural'),
('75e49789-1585-418a-a119-c31a45d17f3d', false, 'en', 'Cultural Entertainment and Equipments Management Company'),
('75e49789-1585-418a-a119-c31a45d17f3d', false, 'fr', 'Société de Gestion des Équipements et de l''Animation Culturelle'),
('75e49789-1585-418a-a119-c31a45d17f3d', false, 'es', 'Compañía de Gestión de Equipamientos y Animación Cultural'),
('40cce56e-80d1-4698-9894-9607d7f5cd1c', true,  'pt', 'Estação Cabo Ruivo Carris'),
('40cce56e-80d1-4698-9894-9607d7f5cd1c', false, 'en', 'Cabo Ruivo Carris Bus Park'),
('40cce56e-80d1-4698-9894-9607d7f5cd1c', false, 'fr', 'Parc de Carris de Cabo Ruivo'),
('40cce56e-80d1-4698-9894-9607d7f5cd1c', false, 'es', 'Parque de Autobuses de la Carris de Cabo Ruivo'),
('a14620a8-31f7-4cc4-b8ab-69e770cdcd4c', true,  'pt', 'Estado-Maior do Exército'),
('a14620a8-31f7-4cc4-b8ab-69e770cdcd4c', false, 'en', 'Joint Chief of Staff of the Army'),
('a14620a8-31f7-4cc4-b8ab-69e770cdcd4c', false, 'fr', 'État-Major de l''Armée'),
('a14620a8-31f7-4cc4-b8ab-69e770cdcd4c', false, 'es', 'Estado Mayor del Ejército'),
('d1bc35f9-8cae-4c4d-a6fe-8da665e9a383', true,  'pt', 'INCM - Imprensa Nacional-Casa da Moeda'),
('d1bc35f9-8cae-4c4d-a6fe-8da665e9a383', false, 'en', 'National Mint'),
('d1bc35f9-8cae-4c4d-a6fe-8da665e9a383', false, 'fr', 'Presse Nationale-Maison de la Monnaie'),
('d1bc35f9-8cae-4c4d-a6fe-8da665e9a383', false, 'es', 'Prensa Nacional-Casa de la Moneda'),
('4deafa7c-a807-4f5f-a261-f4362b0fc219', true,  'pt', 'IGF - Inspecção-Geral de Finanças'),
('4deafa7c-a807-4f5f-a261-f4362b0fc219', false, 'en', 'Inspectorate-General of Finance'),
('4deafa7c-a807-4f5f-a261-f4362b0fc219', false, 'fr', 'Inspection Générale des Finances'),
('4deafa7c-a807-4f5f-a261-f4362b0fc219', false, 'es', 'Inspección General de Finanzas'),
('cbe5b2ce-f30c-40ce-b8cc-72bb931f64f5', true,  'pt', 'IAVE - Instituto de Avaliação Educativa'),
('cbe5b2ce-f30c-40ce-b8cc-72bb931f64f5', false, 'en', 'Institute of Educational Evaluation'),
('cbe5b2ce-f30c-40ce-b8cc-72bb931f64f5', false, 'fr', 'Institut d''Évaluation Éducative'),
('cbe5b2ce-f30c-40ce-b8cc-72bb931f64f5', false, 'es', 'Instituto de Evaluación Educativa'),
('af46bf3a-d14c-4dd4-849d-8074552411c8', true,  'pt', 'IMT - Instituto da Mobilidade e dos Transportes - Direção Regional de Lisboa e Vale do Tejo'),
('af46bf3a-d14c-4dd4-849d-8074552411c8', false, 'en', 'Mobility and Transport Institute - Lisbon Regional Directorate'),
('af46bf3a-d14c-4dd4-849d-8074552411c8', false, 'fr', 'Institut pour la Mobilité et les Transports - Direction Régionale de Lisbonne'),
('af46bf3a-d14c-4dd4-849d-8074552411c8', false, 'es', 'Instituto de Movilidad y Transporte - Dirección Regional de Lisboa'),
('cc043ea5-3c3b-401c-ad9b-b4e93de05241', true,  'pt', 'LMPQF - Laboratório Militar de Produtos Químicos e Farmacêuticos'),
('cc043ea5-3c3b-401c-ad9b-b4e93de05241', false, 'en', 'Military Laboratory of Chemical and Pharmaceutical Products'),
('cc043ea5-3c3b-401c-ad9b-b4e93de05241', false, 'fr', 'Laboratoire Militaire de Produits Chimiques et Pharmaceutiques'),
('cc043ea5-3c3b-401c-ad9b-b4e93de05241', false, 'es', 'Laboratorio Militar de Productos Químicos y Farmacéuticos'),
('526fd868-f86c-4bb0-a7b2-b349f2d8ea6e', true,  'pt', 'Quartel do RALIS - Regimento de Transportes'),
('526fd868-f86c-4bb0-a7b2-b349f2d8ea6e', false, 'en', 'RALIS Barracks - Transports Regiment'),
('526fd868-f86c-4bb0-a7b2-b349f2d8ea6e', false, 'fr', 'Caserne du RALIS - Régiment des Transports'),
('526fd868-f86c-4bb0-a7b2-b349f2d8ea6e', false, 'es', 'Cuartel del RALIS - Regimento de Transportes'),
('60e50948-9055-418f-8656-d4adfe31e773', true,  'pt', 'Procuradoria-Geral da República'),
('60e50948-9055-418f-8656-d4adfe31e773', false, 'en', 'General Attorney Office'),
('60e50948-9055-418f-8656-d4adfe31e773', false, 'fr', 'Procureur Général de la République - Siège'),
('60e50948-9055-418f-8656-d4adfe31e773', false, 'es', 'Procuraduría General de la República - Sede'),
('b4f150af-3131-4ad9-bd04-72bb2712bc9d', true,  'pt', 'Representação da Comissão Europeia em Portugal'),
('b4f150af-3131-4ad9-bd04-72bb2712bc9d', false, 'en', 'European Commission Representation in Portugal'),
('b4f150af-3131-4ad9-bd04-72bb2712bc9d', false, 'fr', 'Représentation de la Commission Européenne au Portugal'),
('b4f150af-3131-4ad9-bd04-72bb2712bc9d', false, 'es', 'Representación de la Comisión Europea en Portugal'),
('2fba3aee-fa6f-458a-8609-529338e02bed', true,  'pt', 'SPMS - Serviços Partilhados do Ministério da Saúde'),
('2fba3aee-fa6f-458a-8609-529338e02bed', false, 'en', 'Shared Services of the Ministry of Health'),
('2fba3aee-fa6f-458a-8609-529338e02bed', false, 'fr', 'Services Partagés du Ministère de la Santé'),
('2fba3aee-fa6f-458a-8609-529338e02bed', false, 'es', 'Servicios Compartidos del Ministerio de la Salud'),
('65715c8b-ab6f-41ca-81b5-fcf283498acc', true,  'pt', 'Tribunal de Contas - Sede'),
('65715c8b-ab6f-41ca-81b5-fcf283498acc', false, 'en', 'Court of Auditors - Headquarters'),
('65715c8b-ab6f-41ca-81b5-fcf283498acc', false, 'fr', 'Cour des Comptes - Siège'),
('65715c8b-ab6f-41ca-81b5-fcf283498acc', false, 'es', 'Tribunal de Cuentas - Sede');

INSERT INTO poi (id, type, world_coord, web_url) VALUES
('7902b21c-4624-4373-a0f1-214ce120b917', 'health-center', '(38.749354, -9.1470045)', 'http://www.saojoaodedeus.pt/'),
('f1638313-9b9e-4952-b52a-74e659b73f75', 'health-center', '(38.712728, -9.135696)', 'http://www.clinicasaocristovao.pt/'),
('d90f0b43-49da-4ca8-8db2-b4e04522f8ee', 'health-center', '(38.764626, -9.200260)', 'https://bicsp.min-saude.pt/pt/biufs/3/30029/3114551/Pages/default.aspx'),
('1b01a2e5-cc3d-423a-a326-a1fd7c655469', 'health-center', '(38.739578, -9.169008)', 'https://bicsp.min-saude.pt/pt/biufs/3/30028/3113851/Pages/default.aspx'),
('c9117ee8-f31c-4f80-9370-d0e1671be6ad', 'health-center', '(38.7365023, -9.1313583)', 'https://bicsp.min-saude.pt/pt/biufs/3/30027/3110200/Pages/default.aspx'),
('52ae96ff-0e2e-431c-95de-40bfb1231a61', 'health-center', '(38.772204, -9.161022)', 'https://bicsp.min-saude.pt/pt/biufs/3/30028/3112100/Pages/default.aspx'),
('7729fa91-f1ae-4b12-9919-c28df6d2ea57', 'health-center', '(38.786082, -9.178749)', 'https://bicsp.min-saude.pt/pt/biufs/3/30029/3112501/Pages/default.aspx'),
('0f4bf6b8-73ef-421a-bf1f-16ab85ac0c0a', 'health-center', '(38.772510, -9.118259)', 'https://bicsp.min-saude.pt/pt/biufs/3/30027/3112700/Pages/default.aspx'),
('fe26f82b-089e-470f-a6bf-19af7362f991', 'health-center', '(38.724132, -9.134607)', 'https://bicsp.min-saude.pt/pt/biufs/3/30027/3112900/Pages/default.aspx'),
('3a8cca9b-df56-40ce-aadc-6bd62d5beae7', 'health-center', '(38.739578, -9.169008)', 'https://bicsp.min-saude.pt/pt/biufs/3/30028/3113800/Pages/default.aspx'),
('58970596-5bd0-4196-b32c-1019cfbec995', 'health-center', '(38.754827, -9.218001)', 'https://bicsp.min-saude.pt/pt/biufs/3/30014/3114272/Pages/default.aspx'),
('d63958dd-9b2a-4ee0-8148-4968a1212d68', 'health-center', '(38.717634, -9.152878)', 'https://bicsp.min-saude.pt/pt/biufs/3/30027/3114471/Pages/default.aspx'),
('e9999f03-f085-4d4b-94c3-cde7234896b1', 'health-center', '(38.716141, -9.136847)', 'https://bicsp.min-saude.pt/pt/biufs/3/30027/3111772/Pages/default.aspx'),
('1b048159-0055-4f08-a05d-14e9050c1489', 'health-center', '(38.763860, -9.209281)', 'https://bicsp.min-saude.pt/pt/biufs/3/30014/3114201/Pages/default.aspx'),
('da1e6033-7b05-4afa-a58c-91fe3aafa41c', 'health-center', '(38.760584, -9.193474)', 'https://bicsp.min-saude.pt/pt/biufs/3/30028/3111172/Pages/default.aspx'),
('b34d8615-f80a-4e29-b469-f9a80c8c2e98', 'health-center', '(38.793676, -9.177632)', 'https://bicsp.min-saude.pt/pt/biufs/3/30029/3112572/Pages/default.aspx'),
('7c77cbfb-bc7d-4040-906a-95a450c4b146', 'health-center', '(38.7365023, -9.1313583)', 'https://bicsp.min-saude.pt/pt/biufs/3/30027/3110291/Pages/default.aspx'),
('872b89d3-9bc6-45d4-8ff8-fcd35e7c961b', 'health-center', '(38.760710, -9.193620)', 'https://bicsp.min-saude.pt/pt/biufs/3/30029/3114571/Pages/default.aspx'),
('40aa5cdd-69da-48bb-a706-9e09583d23cb', 'health-center', '(38.723570, -9.131911)', 'https://bicsp.min-saude.pt/pt/biufs/3/30027/3112971/Pages/default.aspx');

INSERT INTO poi_name (id, main, lang, name) VALUES
('7902b21c-4624-4373-a0f1-214ce120b917', true,  'pt', 'Clínica de São João de Deus'),
('7902b21c-4624-4373-a0f1-214ce120b917', false, 'en', 'São João de Deus Clinic'),
('7902b21c-4624-4373-a0f1-214ce120b917', false, 'fr', 'Clinique São João de Deus'),
('f1638313-9b9e-4952-b52a-74e659b73f75', true,  'pt', 'Clínica de São Cristóvão'),
('f1638313-9b9e-4952-b52a-74e659b73f75', false, 'en', 'São Cristóvão Clinic'),
('f1638313-9b9e-4952-b52a-74e659b73f75', false, 'fr', 'Clinique de São Cristóvão'),
('d90f0b43-49da-4ca8-8db2-b4e04522f8ee', true,  'pt', 'Unidade de Cuidados na Comunidade Nostra Pontinha'),
('d90f0b43-49da-4ca8-8db2-b4e04522f8ee', false, 'en', 'Nostra Pontinha Community Care Unit'),
('d90f0b43-49da-4ca8-8db2-b4e04522f8ee', false, 'fr', 'Unité de Soins Communautaires Nostra Pontinha'),
('d90f0b43-49da-4ca8-8db2-b4e04522f8ee', false, 'es', 'Unidad de Cuidados en la Comunidad Nostra Pontinha'),
('1b01a2e5-cc3d-423a-a326-a1fd7c655469', true,  'pt', 'Unidade de Cuidados na Comunidade de Sete Rios'),
('1b01a2e5-cc3d-423a-a326-a1fd7c655469', false, 'en', 'Sete Rios Community Care Unit'),
('1b01a2e5-cc3d-423a-a326-a1fd7c655469', false, 'fr', 'Unité de Soins Communautaires de Sete Rios'),
('1b01a2e5-cc3d-423a-a326-a1fd7c655469', false, 'es', 'Unidad de Cuidados en la Comunidad de Sete Rios'),
('c9117ee8-f31c-4f80-9370-d0e1671be6ad', true,  'pt', 'Unidade de Cuidados de Saúde Personalizados da Alameda'),
('c9117ee8-f31c-4f80-9370-d0e1671be6ad', false, 'en', 'Alameda Personalized Healthcare Unit'),
('c9117ee8-f31c-4f80-9370-d0e1671be6ad', false, 'fr', 'Unité de Soins de Santé Personnalisés d''Alameda'),
('c9117ee8-f31c-4f80-9370-d0e1671be6ad', false, 'es', 'Unidad de Cuidados de Salud Personalizada de la Alameda'),
('52ae96ff-0e2e-431c-95de-40bfb1231a61', true,  'pt', 'Unidade de Cuidados de Saúde Personalizados do Lumiar'),
('52ae96ff-0e2e-431c-95de-40bfb1231a61', false, 'en', 'Lumiar Personalized Healthcare Unit'),
('52ae96ff-0e2e-431c-95de-40bfb1231a61', false, 'fr', 'Unité de Soins de Santé Personnalisés du Lumiar'),
('52ae96ff-0e2e-431c-95de-40bfb1231a61', false, 'es', 'Unidad de Cuidados de Salud Personalizada del Lumiar'),
('7729fa91-f1ae-4b12-9919-c28df6d2ea57', true,  'pt', 'Unidade de Cuidados de Saúde Personalizados do Olaio'),
('7729fa91-f1ae-4b12-9919-c28df6d2ea57', false, 'en', 'Olaio Personalized Healthcare Unit'),
('7729fa91-f1ae-4b12-9919-c28df6d2ea57', false, 'fr', 'Unité de Soins de Santé Personnalisés de''Olaio'),
('7729fa91-f1ae-4b12-9919-c28df6d2ea57', false, 'es', 'Unidad de Cuidados de Salud Personalizada del Olaio')
('0f4bf6b8-73ef-421a-bf1f-16ab85ac0c0a', true,  'pt', 'Unidade de Cuidados de Saúde Personalizados dos Olivais'),
('0f4bf6b8-73ef-421a-bf1f-16ab85ac0c0a', false, 'en', 'Olivais Personalized Healthcare Unit'),
('0f4bf6b8-73ef-421a-bf1f-16ab85ac0c0a', false, 'fr', 'Unité de Soins de Santé Personnalisés de''Olivais'),
('0f4bf6b8-73ef-421a-bf1f-16ab85ac0c0a', false, 'es', 'Unidad de Cuidados de Salud Personalizada de los Olivais'),
('fe26f82b-089e-470f-a6bf-19af7362f991', true,  'pt', 'Unidade de Cuidados de Saúde Personalizados da Penha de França'),
('fe26f82b-089e-470f-a6bf-19af7362f991', false, 'en', 'Penha de França Personalized Healthcare Unit'),
('fe26f82b-089e-470f-a6bf-19af7362f991', false, 'fr', 'Unité de Soins de Santé Personnalisés de Penha de França'),
('fe26f82b-089e-470f-a6bf-19af7362f991', false, 'es', 'Unidad de Cuidados de Salud Personalizada de la Penha de França'),
('3a8cca9b-df56-40ce-aadc-6bd62d5beae7', true,  'pt', 'Unidade de Cuidados de Saúde Personalizados de Sete Rios'),
('3a8cca9b-df56-40ce-aadc-6bd62d5beae7', false, 'en', 'Sete Rios Personalized Healthcare Unit'),
('3a8cca9b-df56-40ce-aadc-6bd62d5beae7', false, 'fr', 'Unité de Soins de Santé Personnalisés de Sete Rios'),
('3a8cca9b-df56-40ce-aadc-6bd62d5beae7', false, 'es', 'Unidad de Cuidados de Salud Personalizada de Sete Rios'),
('58970596-5bd0-4196-b32c-1019cfbec995', true,  'pt', 'Unidade de Saúde Familiar Amato Lusitano'),
('58970596-5bd0-4196-b32c-1019cfbec995', false, 'en', 'Amato Lusitano Family Health Unit'),
('58970596-5bd0-4196-b32c-1019cfbec995', false, 'fr', 'Unité de Santé Familiale Amato Lusitano'),
('58970596-5bd0-4196-b32c-1019cfbec995', false, 'es', 'Unidad de Salud Familiar Amato Lusitano'),
('d63958dd-9b2a-4ee0-8148-4968a1212d68', true,  'pt', 'Unidade de Saúde Familiar do Arco'),
('d63958dd-9b2a-4ee0-8148-4968a1212d68', false, 'en', 'Arco Family Health Unit'),
('d63958dd-9b2a-4ee0-8148-4968a1212d68', false, 'fr', 'Unité de Santé Familiale d''Arco'),
('d63958dd-9b2a-4ee0-8148-4968a1212d68', false, 'es', 'Unidad de Salud Familiar del Arco'),
('e9999f03-f085-4d4b-94c3-cde7234896b1', true,  'pt', 'Unidade de Saúde Familiar da Baixa'),
('e9999f03-f085-4d4b-94c3-cde7234896b1', false, 'en', 'Baixa Family Health Unit'),
('e9999f03-f085-4d4b-94c3-cde7234896b1', false, 'fr', 'Unité de Santé Familiale de la Baixa'),
('e9999f03-f085-4d4b-94c3-cde7234896b1', false, 'es', 'Unidad de Salud Familiar de la Baixa'),
('1b048159-0055-4f08-a05d-14e9050c1489', true,  'pt', 'Unidade de Saúde Familiar da Brandoa'),
('1b048159-0055-4f08-a05d-14e9050c1489', false, 'en', 'Brandoa Family Health Unit'),
('1b048159-0055-4f08-a05d-14e9050c1489', false, 'fr', 'Unité de Santé Familiale de la Brandoa'),
('1b048159-0055-4f08-a05d-14e9050c1489', false, 'es', 'Unidad de Salud Familiar de la Brandoa'),
('da1e6033-7b05-4afa-a58c-91fe3aafa41c', true,  'pt', 'Unidade de Saúde Familiar Carnide Quer'),
('da1e6033-7b05-4afa-a58c-91fe3aafa41c', false, 'en', 'Carnide Quer Family Health Unit'),
('da1e6033-7b05-4afa-a58c-91fe3aafa41c', false, 'fr', 'Unité de Santé Familiale Carnide Quer'),
('da1e6033-7b05-4afa-a58c-91fe3aafa41c', false, 'es', 'Unidad de Salud Familiar Carnide Quer'),
('b34d8615-f80a-4e29-b469-f9a80c8c2e98', true,  'pt', 'Unidade de Saúde Familiar do Cruzeiro'),
('b34d8615-f80a-4e29-b469-f9a80c8c2e98', false, 'en', 'Cruzeiro Family Health Unit'),
('b34d8615-f80a-4e29-b469-f9a80c8c2e98', false, 'fr', 'Unité de Santé Familiale du Cruzeiro'),
('b34d8615-f80a-4e29-b469-f9a80c8c2e98', false, 'es', 'Unidad de Salud Familiar del Cruzeiro'),
('7c77cbfb-bc7d-4040-906a-95a450c4b146', true,  'pt', 'Unidade de Saúde Familiar da Fonte Luminosa'),
('7c77cbfb-bc7d-4040-906a-95a450c4b146', false, 'en', 'Fonte Luminosa Family Health Unit'),
('7c77cbfb-bc7d-4040-906a-95a450c4b146', false, 'fr', 'Unité de Santé Familiale de la Fonte Luminosa'),
('7c77cbfb-bc7d-4040-906a-95a450c4b146', false, 'es', 'Unidad de Salud Familiar de la Fonte Luminosa'),
('872b89d3-9bc6-45d4-8ff8-fcd35e7c961b', true,  'pt', 'Unidade de Saúde Familiar Novo Mirante'),
('872b89d3-9bc6-45d4-8ff8-fcd35e7c961b', false, 'en', 'Novo Mirante Family Health Unit'),
('872b89d3-9bc6-45d4-8ff8-fcd35e7c961b', false, 'fr', 'Unité de Santé Familiale Novo Mirante'),
('872b89d3-9bc6-45d4-8ff8-fcd35e7c961b', false, 'es', 'Unidad de Salud Familiar Novo Mirante'),
('40aa5cdd-69da-48bb-a706-9e09583d23cb', true,  'pt', 'Unidade de Saúde Familiar da Sétima Colina'),
('40aa5cdd-69da-48bb-a706-9e09583d23cb', false, 'en', 'Sétima Colina Family Health Unit'),
('40aa5cdd-69da-48bb-a706-9e09583d23cb', false, 'fr', 'Unité de Santé Familiale de la Sétima Colina'),
('40aa5cdd-69da-48bb-a706-9e09583d23cb', false, 'es', 'Unidad de Salud Familiar de la Sétima Colina');

INSERT INTO poi (id, type, world_coord, web_url) VALUES
('79a47b44-ed96-4a6f-a60b-d8290319748f', 'hotel', '(38.746005, -9.156137)', 'http://domusnostra.net/wordpress/'),
('9ee45123-4628-4c78-b767-3caba5a398b3', 'hotel', '(38.746843, -9.166670)', 'http://laranjeiras.org/'),
('921c2f82-43ba-4f05-886d-e012221b90f3', 'hotel', '(38.777824, -9.097471)', 'https://na.tecnico.ulisboa.pt/rdp/'),
('9bb2dafb-6e6f-4f28-b448-72ed516fa0ac', 'hotel', '(38.745880, -9.156654)', 'http://www2.ucp.pt/site/custom/template/ucptpl_livrhome.asp?sspageid=2362&lang=1'),
('4c886c43-9ba7-4316-a7ba-5db9257c1007', 'hotel', '(38.766996, -9.159545)', 'https://www.sas.ulisboa.pt/index.php'),
('b1bf594d-80f0-4ddd-b1ea-8074e90d8b90', 'hotel', '(38.747018, -9.166819)', 'http://montesclaros.pt/');

INSERT INTO poi_name (id, main, lang, name) VALUES
('79a47b44-ed96-4a6f-a60b-d8290319748f', true,  'pt', 'Domus Nostra - Residência de Estudantes Universitárias'),
('79a47b44-ed96-4a6f-a60b-d8290319748f', false, 'en', 'Domus Nostra - Feminine Students Residence'),
('79a47b44-ed96-4a6f-a60b-d8290319748f', false, 'fr', 'Domus Nostra - Résidence Universitaire Féminine'),
('79a47b44-ed96-4a6f-a60b-d8290319748f', false, 'es', 'Domus Nostra - Albergue Estudiantil Uiversitario'),
('9ee45123-4628-4c78-b767-3caba5a398b3', true,  'pt', 'Laranjeiras - Residência de Estudantes'),
('9ee45123-4628-4c78-b767-3caba5a398b3', false, 'en', 'Laranjeiras - Student Residence'),
('9ee45123-4628-4c78-b767-3caba5a398b3', false, 'fr', 'Laranjeiras - Résidence Universitaire'),
('9ee45123-4628-4c78-b767-3caba5a398b3', false, 'es', 'Laranjeiras - Albergue Estudiantil'),
('921c2f82-43ba-4f05-886d-e012221b90f3', true,  'pt', 'Residência de Estudantes Eng.º Duarte Pacheco - IST'),
('921c2f82-43ba-4f05-886d-e012221b90f3', false, 'en', 'Eng.º Duarte Pacheco Student Residence'),
('921c2f82-43ba-4f05-886d-e012221b90f3', false, 'fr', 'Résidence Universitaire Eng.º Duarte Pacheco'),
('921c2f82-43ba-4f05-886d-e012221b90f3', false, 'es', 'Albergue Estudiantil Eng.º Duarte Pacheco - IST'),
('9bb2dafb-6e6f-4f28-b448-72ed516fa0ac', true,  'pt', 'Residência Universitária Feminina - Universidade Católica Portuguesa'),
('9bb2dafb-6e6f-4f28-b448-72ed516fa0ac', false, 'en', 'Feminine Students Residence - Portuguese Catholic University'),
('9bb2dafb-6e6f-4f28-b448-72ed516fa0ac', false, 'fr', 'Résidence Universitaire Féminine - Université Catholique Portugaise'),
('9bb2dafb-6e6f-4f28-b448-72ed516fa0ac', false, 'es', 'Residencia Universitaria Femenina - Universidad Católica Portuguesa'),
('4c886c43-9ba7-4316-a7ba-5db9257c1007', true,  'pt', 'Residência Universitária do Lumiar'),
('4c886c43-9ba7-4316-a7ba-5db9257c1007', false, 'en', 'Lumiar University Housing'),
('4c886c43-9ba7-4316-a7ba-5db9257c1007', false, 'fr', 'Résidence Universitaire de Lumiar'),
('4c886c43-9ba7-4316-a7ba-5db9257c1007', false, 'es', 'Residencia Universitaria del Lumiar'),
('b1bf594d-80f0-4ddd-b1ea-8074e90d8b90', true,  'pt', 'Residência Universitária Montes Claros'),
('b1bf594d-80f0-4ddd-b1ea-8074e90d8b90', false, 'en', 'Montes Claros University Residence'),
('b1bf594d-80f0-4ddd-b1ea-8074e90d8b90', false, 'fr', 'Résidence Universitaire Montes Claros'),
('b1bf594d-80f0-4ddd-b1ea-8074e90d8b90', false, 'es', 'Albergue Estudiantil Montes Claros');

INSERT INTO poi (id, type, world_coord, web_url) VALUES
('f1662f40-2ddc-4ad3-9d9f-8dc6b2827f05', 'hospital', '(38.7458258, -9.1752687)', 'http://www.hospitalcruzvermelha.pt/'),
('6cac8f6b-5fec-4b6b-acc7-59e50e6e119d', 'hospital', '(38.758061, -9.099260)', 'https://www.saudecuf.pt/unidades/descobertas'),
('54077a6f-a224-4eb4-977c-36cb511b8444', 'hospital', '(38.741552, -9.151942)', 'http://www.chlc.min-saude.pt/'),
('ba4597ad-7f3d-47d5-b60c-7f73106da588', 'hospital', '(38.728282, -9.139364)', 'http://www.chlc.min-saude.pt/'),
('8fba00d5-a976-40d0-83c4-fb6616578a7b', 'hospital', '(38.758025, -9.1466045)', 'http://www.chpl.pt/'),
('2576bd73-09a3-491b-9a68-bd5dcafc7db8', 'hospital', '(38.7492513, -9.179053)', 'https://www.lusiadas.pt/pt/unidades/HospitalLisboa/Paginas/home.aspx'),
('d30e2208-56c2-454c-b355-58e1f244942f', 'hospital', '(38.7562244, -9.1926376)', 'http://www.hospitaldaluz.pt/pt/'),
('26919f0e-6896-440b-9957-95c756eb3937', 'hospital', '(38.708636, -9.141424)', 'http://www.hospitaldaordemterceira.pt/'),
('7e937244-6b2c-416e-8bd3-149955823453', 'hospital', '(38.7654068, -9.159558)', 'http://www.chln.min-saude.pt/'),
('7a5ce272-7b3f-4b57-b995-000da60b9058', 'hospital', '(38.713479, -9.145810)', 'http://www.hslouis.pt/'),
('50c205c1-437f-49bd-b45c-6eff94b43bd9', 'hospital', '(38.768220, -9.114666)', 'https://pics.sams.pt/UnidadesSaude/Paginas/HospitalSAMS.aspx'),
('96a143a1-d9a0-4cc3-8bdb-c9606bfdae36', 'hospital', '(38.748496, -9.160695)', 'http://www.chln.min-saude.pt/'),
('07f6312e-f626-4ff2-8b55-9fa54b82901b', 'hospital', '(38.7228813, -9.147215)', 'http://www.chlc.min-saude.pt/'),
('1f5659c5-e36f-4ea3-b367-314599c52cb7', 'hospital', '(38.721875, -9.142503)', 'http://www.chlc.min-saude.pt/'),
('0d6993d8-fb73-4a81-8197-9bec2ddbf655', 'hospital', '(38.7171209, -9.1370871)', 'http://www.chlc.min-saude.pt/'),
('fab4ae30-54ce-48a4-bc2b-8286fb6eaa77', 'hospital', '(38.732496, -9.147118)', 'http://www.chlc.min-saude.pt/'),
('6ab38527-aa22-4ddf-aaed-1c5e15ba339a', 'hospital', '(38.765801, -9.155277)', 'https://www.nephrocare.pt/clinicas-de-dialise/clinic/lisbon-and-tagus-valley/lisboa-lumiar.html');

INSERT INTO poi_name (id, main, lang, name) VALUES
('f1662f40-2ddc-4ad3-9d9f-8dc6b2827f05', true,  'pt', 'Hospital da Cruz Vermelha'),
('f1662f40-2ddc-4ad3-9d9f-8dc6b2827f05', false, 'en', 'Red Cross Hospital'),
('f1662f40-2ddc-4ad3-9d9f-8dc6b2827f05', false, 'fr', 'Hôpital de la Croix Rouge'),
('f1662f40-2ddc-4ad3-9d9f-8dc6b2827f05', false, 'es', 'Hospital de la Cruz Roja'),
('6cac8f6b-5fec-4b6b-acc7-59e50e6e119d', true,  'pt', 'Hospital CUF Descobertas'),
('6cac8f6b-5fec-4b6b-acc7-59e50e6e119d', false, 'en', 'CUF Descobertas Hospital'),
('6cac8f6b-5fec-4b6b-acc7-59e50e6e119d', false, 'fr', 'Hôpital CUF Descobertas'),
('54077a6f-a224-4eb4-977c-36cb511b8444', true,  'pt', 'Hospital Curry Cabral - Centro Hospitalar Lisboa Central'),
('54077a6f-a224-4eb4-977c-36cb511b8444', false, 'en', 'Curry Cabral Hospital - Central Lisbon Hospital Center'),
('54077a6f-a224-4eb4-977c-36cb511b8444', false, 'fr', 'Hôpital Curry Cabral - Centre Hospitalier Lisbonne Central'),
('54077a6f-a224-4eb4-977c-36cb511b8444', false, 'es', 'Hospital Curry Cabral - Centro Hospitalario Lisboa Central'),
('ba4597ad-7f3d-47d5-b60c-7f73106da588', true,  'pt', 'Hospital de Dona Estefânia - Centro Hospitalar Lisboa Central'),
('ba4597ad-7f3d-47d5-b60c-7f73106da588', false, 'en', 'Dona Estefânia Hospital - Central Lisbon Hospital Center'),
('ba4597ad-7f3d-47d5-b60c-7f73106da588', false, 'fr', 'Hôpital de Dona Estefânia - Centre Hospitalier Lisbonne Central'),
('ba4597ad-7f3d-47d5-b60c-7f73106da588', false, 'es', 'Hospital de Dona Estefânia - Centro Hospitalario Lisboa Central'),
('8fba00d5-a976-40d0-83c4-fb6616578a7b', true,  'pt', 'Hospital Júlio de Matos - Centro Hospitalar Psiquiátrico de Lisboa'),
('8fba00d5-a976-40d0-83c4-fb6616578a7b', false, 'en', 'Júlio de Matos Hospital - Lisbon Psychiatric Hospital Center'),
('8fba00d5-a976-40d0-83c4-fb6616578a7b', false, 'fr', 'Hôpital Júlio de Matos - Centre Hospitalier Psychiatrique de Lisbonne'),
('8fba00d5-a976-40d0-83c4-fb6616578a7b', false, 'es', 'Hospital Júlio de Matos - Centro Hospitalario Psiquiátrico de Lisboa'),
('2576bd73-09a3-491b-9a68-bd5dcafc7db8', true,  'pt', 'Hospital dos Lusíadas'),
('2576bd73-09a3-491b-9a68-bd5dcafc7db8', false, 'en', 'Lusíadas Hospital'),
('2576bd73-09a3-491b-9a68-bd5dcafc7db8', false, 'fr', 'Hôpital des Lusíadas'),
('2576bd73-09a3-491b-9a68-bd5dcafc7db8', false, 'es', 'Hospital de los Lusíadas'),
('d30e2208-56c2-454c-b355-58e1f244942f', true,  'pt', 'Hospital da Luz Lisboa'),
('d30e2208-56c2-454c-b355-58e1f244942f', false, 'en', 'Lisbon Luz Hospital'),
('d30e2208-56c2-454c-b355-58e1f244942f', false, 'fr', 'Hôpital de Luz'),
('d30e2208-56c2-454c-b355-58e1f244942f', false, 'es', 'Hospital de la Luz'),
('26919f0e-6896-440b-9957-95c756eb3937', true,  'pt', 'Hospital da Ordem Terceira'),
('26919f0e-6896-440b-9957-95c756eb3937', false, 'en', 'Ordem Terceira Hospital'),
('26919f0e-6896-440b-9957-95c756eb3937', false, 'fr', 'Hôpital d''Ordem Terceira'),
('26919f0e-6896-440b-9957-95c756eb3937', false, 'es', 'Hospital de la Ordem Terceira'),
('7e937244-6b2c-416e-8bd3-149955823453', true,  'pt', 'Hospital Pulido Valente - Centro Hospitalar Lisboa Norte'),
('7e937244-6b2c-416e-8bd3-149955823453', false, 'en', 'Pulido Valente Hospital - North Lisbon Hospital Center'),
('7e937244-6b2c-416e-8bd3-149955823453', false, 'fr', 'Hôpital Pulido Valente - Centre Hospitalier Lisbonne Nord'),
('7e937244-6b2c-416e-8bd3-149955823453', false, 'es', 'Hospital Pulido Valente - Centro Hospitalario Lisboa Norte'),
('7a5ce272-7b3f-4b57-b995-000da60b9058', true,  'pt', 'Hospital Saint Louis'),
('7a5ce272-7b3f-4b57-b995-000da60b9058', false, 'en', 'Saint Louis Hospital'),
('7a5ce272-7b3f-4b57-b995-000da60b9058', false, 'fr', 'Hôpital Saint Louis'),
('50c205c1-437f-49bd-b45c-6eff94b43bd9', true,  'pt', 'Hospital do SAMS'),
('50c205c1-437f-49bd-b45c-6eff94b43bd9', false, 'en', 'SAMS Hospital'),
('50c205c1-437f-49bd-b45c-6eff94b43bd9', false, 'fr', 'Hôpital du SAMS'),
('50c205c1-437f-49bd-b45c-6eff94b43bd9', false, 'es', 'Hospital del SAMS'),
('96a143a1-d9a0-4cc3-8bdb-c9606bfdae36', true,  'pt', 'Hospital de Santa Maria - Centro Hospitalar Lisboa Norte'),
('96a143a1-d9a0-4cc3-8bdb-c9606bfdae36', false, 'en', 'Santa Maria Hospital - North Lisbon Hospital Center'),
('96a143a1-d9a0-4cc3-8bdb-c9606bfdae36', false, 'fr', 'Hôpital de Santa Maria - Centre Hospitalier Lisbonne Nord'),
('96a143a1-d9a0-4cc3-8bdb-c9606bfdae36', false, 'es', 'Hospital de Santa Maria - Centro Hospitalario Lisboa Norte'),
('07f6312e-f626-4ff2-8b55-9fa54b82901b', true,  'pt', 'Hospital de Santa Marta - Centro Hospitalar Lisboa Central'),
('07f6312e-f626-4ff2-8b55-9fa54b82901b', false, 'en', 'Santa Marta Hospital - Central Lisbon Hospital Center'),
('07f6312e-f626-4ff2-8b55-9fa54b82901b', false, 'fr', 'Hôpital de Santa Marta - Centre Hospitalier Lisbonne Central'),
('07f6312e-f626-4ff2-8b55-9fa54b82901b', false, 'es', 'Hospital de Santa Marta - Centro Hospitalario Lisboa Central'),
('1f5659c5-e36f-4ea3-b367-314599c52cb7', true,  'pt', 'Hospital de Santo António dos Capuchos - Centro Hospitalar Lisboa Central'),
('1f5659c5-e36f-4ea3-b367-314599c52cb7', false, 'en', 'Santo António dos Capuchos Hospital - Central Lisbon Hospital Center'),
('1f5659c5-e36f-4ea3-b367-314599c52cb7', false, 'fr', 'Hôpital de Santo António dos Capuchos - Centre Hospitalier Lisbonne Central'),
('1f5659c5-e36f-4ea3-b367-314599c52cb7', false, 'es', 'Hôpital de Santo António dos Capuchos - Centro Hospitalario Lisboa Central'),
('0d6993d8-fb73-4a81-8197-9bec2ddbf655', true,  'pt', 'Hospital de São José - Centro Hospitalar Lisboa Central'),
('0d6993d8-fb73-4a81-8197-9bec2ddbf655', false, 'en', 'São José Hospital - Central Lisbon Hospital Center'),
('0d6993d8-fb73-4a81-8197-9bec2ddbf655', false, 'fr', 'Hôpital de São José - Centre Hospitalier Lisbonne Central'),
('0d6993d8-fb73-4a81-8197-9bec2ddbf655', false, 'es', 'Hospital de São José - Centro Hospitalario Lisboa Central'),
('fab4ae30-54ce-48a4-bc2b-8286fb6eaa77', true,  'pt', 'Maternidade Dr. Alfredo da Costa - Centro Hospitalar Lisboa Central'),
('fab4ae30-54ce-48a4-bc2b-8286fb6eaa77', false, 'en', 'Dr. Alfredo da Costa Maternity - Central Lisbon Hospital Center'),
('fab4ae30-54ce-48a4-bc2b-8286fb6eaa77', false, 'fr', 'Maternité Dr. Alfredo da Costa - Centre Hospitalier Lisbonne Central'),
('fab4ae30-54ce-48a4-bc2b-8286fb6eaa77', false, 'es', 'Maternidad Dr. Alfredo da Costa - Centro Hospitalario Lisboa Central'),
('6ab38527-aa22-4ddf-aaed-1c5e15ba339a', true,  'pt', 'NephroCare Lumiar - Clínica de Diálise'),
('6ab38527-aa22-4ddf-aaed-1c5e15ba339a', false, 'en', 'NephroCare Lumiar - Dialysis Clinic'),
('6ab38527-aa22-4ddf-aaed-1c5e15ba339a', false, 'fr', 'NephroCare Lumiar - Clinique de Dialyse'),
('6ab38527-aa22-4ddf-aaed-1c5e15ba339a', false, 'es', 'NephroCare Lumiar - Centro de Diálisis');

INSERT INTO poi (id, type, world_coord, web_url) VALUES
('4f2ae1cb-bbb4-4018-893a-1cf1729ae86e', 'institute', '(38.721204, -9.140754)', 'https://www.goethe.de/'),
('8f6ff271-3c30-428a-b919-6b66c5a264d3', 'institute', '(38.731781, -9.148407)', 'http://www.iasfa.pt/'),
('18f225fc-777a-470e-b432-e8366ad73702', 'institute', '(38.75769, -9.158319)', 'http://ibeb.ciencias.ulisboa.pt/pt/'),
('e3aaf4a2-138e-4bfd-9d92-97e3ef5c9f8f', 'institute', '(38.767899, -9.156031)', 'http://www.ica-ip.pt/pt/'),
('c5853b7f-2b80-4ad5-8c49-9d7defda163c', 'institute', '(38.735832, -9.144989)', 'http://www.icnf.pt/'),
('d0e5d574-3c50-4060-bc48-fb6dc9b64d45', 'institute', '(38.725050, -9.148677)', 'http://www.instituto-camoes.pt/'),
('2af5b50f-c96e-4b30-8af2-57612881f92a', 'institute', '(38.729922, -9.139792)', 'http://www.inete.pt/'),
('b2aee9b4-c3eb-436a-826e-abd95ae6ce20', 'institute', '(38.761020, -9.156424)', 'http://www.ifap.min-agricultura.pt/portal/page/portal/ifap_publico'),
('d2077011-b054-49b1-ae9b-cae81becde34', 'institute', '(38.7489663, -9.1503436)', 'http://www.institutogregoriano.pt/portal/'),
('74be1d0f-49bd-482e-9eaa-4f2853d8efab', 'institute', '(38.737742, -9.160178)', 'http://www.portaldahabitacao.pt/pt/ihru/'),
('a71f210e-7770-4e1c-b986-02968fdd5be4', 'institute', '(38.731437, -9.142573)', 'http://www.inem.pt/'),
('75b8b62d-1a38-45ec-bafa-ffed9519e2b9', 'institute', '(38.738528, -9.137671)', 'http://www.ine.pt'),
('cb958cf2-62ca-40ff-97ba-1f8340f08dde', 'institute', '(38.719842, -9.138378)', 'http://www.inmlcf.mj.pt/'),
('1b9d9126-2224-48b2-a366-85ee1b705888', 'institute', '(38.708649, -9.132028)', 'http://www.marcasepatentes.pt/index.php?section=1'),
('43c2d079-e08a-419b-b1e5-96d96d87a322', 'institute', '(38.7643785, -9.1641535)', 'http://www.insa.pt/'),
('56e66f1c-80b0-44c2-bc46-c3fa3be617ad', 'institute', '(38.722063, -9.144295)', 'http://www.institutogamapinto.com/'),
('f04b71f8-c606-4eed-b0da-743dc5d3afd4', 'institute', '(38.778200, -9.098314)', 'http://www.ipdj.pt/'),
('c883204c-0fba-44c4-850f-a278be91624e', 'institute', '(38.733324, -9.139538)', 'https://www.ipf.pt/site/'),
('106c48a3-afeb-41c4-9a5f-cd9d5ba98588', 'institute', '(38.739914, -9.161377)', 'http://www.ipolisboa.min-saude.pt/'),
('5f910425-505e-4fec-9d86-c18505f9864f', 'institute', '(38.734689, -9.141675)', 'http://www.ipri.pt/index.php/pt/'),
('b60eee19-a47e-4def-a174-9c6458137650', 'institute', '(38.739432, -9.153649)', 'http://www.ipr.pt/'),
('cc997f0d-f6b2-44bd-a27e-079e7e5dca49', 'institute', '(38.767985, -9.157151)', 'http://www.ipr.pt/'),
('ecc7feda-2b13-442e-910a-6859a62fff01', 'institute', '(38.721792, -9.149698)', 'http://www.ivv.gov.pt/np4/home.html'),
('bd8137cd-582e-423a-a307-dc7205351489', 'institute', '(38.75871, -9.1411614)', 'http://www.lnec.pt/pt/');

INSERT INTO poi_name (id, main, lang, name) VALUES
('4f2ae1cb-bbb4-4018-893a-1cf1729ae86e', true,  'pt', 'Goethe-Institut Lisboa'),
('8f6ff271-3c30-428a-b919-6b66c5a264d3', true,  'pt', 'IASFA - Instituto de Ação Social das Forças Armadas'),
('8f6ff271-3c30-428a-b919-6b66c5a264d3', false, 'en', 'Armed Forces'' Social Services Institute'),
('8f6ff271-3c30-428a-b919-6b66c5a264d3', false, 'fr', 'Institut d''Action Sociale des Forces Armées'),
('8f6ff271-3c30-428a-b919-6b66c5a264d3', false, 'es', 'Instituto de Acción Social de la Fuerzas Armadas'),
('18f225fc-777a-470e-b432-e8366ad73702', true,  'pt', 'IBEB - Instituto de Biofísica e Engenharia Biomédica'),
('18f225fc-777a-470e-b432-e8366ad73702', false, 'en', 'Biophysics and Biomedical Engineering Institute'),
('18f225fc-777a-470e-b432-e8366ad73702', false, 'fr', 'Institut de Biophysique et d''Ingénierie Biomédicale'),
('18f225fc-777a-470e-b432-e8366ad73702', false, 'es', 'Instituto de Biofísica y Ingeniería Biomédica'),
('e3aaf4a2-138e-4bfd-9d92-97e3ef5c9f8f', true,  'pt', 'ICA - Instituto do Cinema e do Audiovisual'),
('e3aaf4a2-138e-4bfd-9d92-97e3ef5c9f8f', false, 'en', 'Institute of Cinema and Audiovisual'),
('e3aaf4a2-138e-4bfd-9d92-97e3ef5c9f8f', false, 'fr', 'Institut du Cinéma et de l''Audiovisuel'),
('e3aaf4a2-138e-4bfd-9d92-97e3ef5c9f8f', false, 'es', 'Instituto del Cine y del Audiovisual'),
('c5853b7f-2b80-4ad5-8c49-9d7defda163c', true,  'pt', 'ICNF - Instituto da Conservação da Natureza e das Florestas'),
('c5853b7f-2b80-4ad5-8c49-9d7defda163c', false, 'en', 'Institute for the Conservation of Nature and Forests'),
('c5853b7f-2b80-4ad5-8c49-9d7defda163c', false, 'fr', 'Institut pour la Conservation de la Nature et des Forêts'),
('c5853b7f-2b80-4ad5-8c49-9d7defda163c', false, 'es', 'Instituto de Conservación de la Naturaleza y de los Bosques'),
('d0e5d574-3c50-4060-bc48-fb6dc9b64d45', true,  'pt', 'Camões - Instituto da Cooperação e da Língua'),
('d0e5d574-3c50-4060-bc48-fb6dc9b64d45', false, 'en', 'Camões - Institute of Cooperation and Language'),
('d0e5d574-3c50-4060-bc48-fb6dc9b64d45', false, 'fr', 'Camões - Institut de la Coopération et de la Langue'),
('d0e5d574-3c50-4060-bc48-fb6dc9b64d45', false, 'es', 'Camões - Instituto de la Cooperación y de la Lengua'),
('2af5b50f-c96e-4b30-8af2-57612881f92a', true,  'pt', 'INETE - Instituto de Educação Técnica'),
('2af5b50f-c96e-4b30-8af2-57612881f92a', false, 'en', 'Institute of Technical Education'),
('2af5b50f-c96e-4b30-8af2-57612881f92a', false, 'fr', 'Institut d''Éducation Technique'),
('2af5b50f-c96e-4b30-8af2-57612881f92a', false, 'es', 'Instituto Educación Técnica'),
('b2aee9b4-c3eb-436a-826e-abd95ae6ce20', true,  'pt', 'IFAP - Instituto de Financiamento da Agricultura e Pescas'),
('b2aee9b4-c3eb-436a-826e-abd95ae6ce20', false, 'en', 'Institute of Finance for Agriculture and Fisheries'),
('b2aee9b4-c3eb-436a-826e-abd95ae6ce20', false, 'fr', 'Institut de Financement de l''Agriculture et des Pêches'),
('b2aee9b4-c3eb-436a-826e-abd95ae6ce20', false, 'es', 'Instituto de Financiación de la Agricultura y la Pesca'),
('d2077011-b054-49b1-ae9b-cae81becde34', true,  'pt', 'IGL - Instituto Gregoriano de Lisboa'),
('d2077011-b054-49b1-ae9b-cae81becde34', false, 'en', 'Gregorian Institute of Lisbon'),
('d2077011-b054-49b1-ae9b-cae81becde34', false, 'fr', 'Institut Grégorien de Lisbonne'),
('74be1d0f-49bd-482e-9eaa-4f2853d8efab', true,  'pt', 'IHRU - Instituto da Habitação e da Reabilitação Urbana'),
('74be1d0f-49bd-482e-9eaa-4f2853d8efab', false, 'en', 'Institute of Housing and Urban Renewal'),
('74be1d0f-49bd-482e-9eaa-4f2853d8efab', false, 'fr', 'Institut pour le Logement et la Réhabilitation Urbaine'),
('74be1d0f-49bd-482e-9eaa-4f2853d8efab', false, 'es', 'Instituto de la Vivienda y de la Rehabilitación Urbana'),
('a71f210e-7770-4e1c-b986-02968fdd5be4', true,  'pt', 'INEM - Instituto Nacional de Emergência Médica'),
('a71f210e-7770-4e1c-b986-02968fdd5be4', false, 'en', 'National Medical Emergency Institute'),
('a71f210e-7770-4e1c-b986-02968fdd5be4', false, 'fr', 'Institut National d''Urgence Médicale'),
('a71f210e-7770-4e1c-b986-02968fdd5be4', false, 'es', 'Instituto Nacional de Emergencia Médica'),
('75b8b62d-1a38-45ec-bafa-ffed9519e2b9', true,  'pt', 'INE - Instituto Nacional de Estatística'),
('75b8b62d-1a38-45ec-bafa-ffed9519e2b9', false, 'en', 'National Statistics Institute'),
('75b8b62d-1a38-45ec-bafa-ffed9519e2b9', false, 'fr', 'Institut National de la Statistique'),
('75b8b62d-1a38-45ec-bafa-ffed9519e2b9', false, 'es', 'Instituto Nacional de Estadística'),
('cb958cf2-62ca-40ff-97ba-1f8340f08dde', true,  'pt', 'INMLCF - Instituto Nacional de Medicina Legal e Ciências Forenses - Delegação do Sul'),
('cb958cf2-62ca-40ff-97ba-1f8340f08dde', false, 'en', 'National Institute of Forensic Medicine and Forensic Sciences - South Delegation'),
('cb958cf2-62ca-40ff-97ba-1f8340f08dde', false, 'fr', 'Institut National de Médecine Légale et des Sciences Médico-Légales - Délégation du Sud'),
('cb958cf2-62ca-40ff-97ba-1f8340f08dde', false, 'es', 'Instituto Nacional de Medicina Legal y Ciencias Forenses - Delegación del Sur'),
('1b9d9126-2224-48b2-a366-85ee1b705888', true,  'pt', 'INPI - Instituto Nacional da Propriedade Industrial'),
('1b9d9126-2224-48b2-a366-85ee1b705888', false, 'en', 'Portuguese Patent and Trademark Office'),
('1b9d9126-2224-48b2-a366-85ee1b705888', false, 'fr', 'Institut National de la Propriété Industrielle'),
('1b9d9126-2224-48b2-a366-85ee1b705888', false, 'es', 'Instituto Nacional de la Propiedad Industrial'),
('43c2d079-e08a-419b-b1e5-96d96d87a322', true,  'pt', 'Instituto Nacional de Saúde Dr. Ricardo Jorge'),
('43c2d079-e08a-419b-b1e5-96d96d87a322', false, 'en', 'Dr. Ricardo Jorge National Health Institute'),
('43c2d079-e08a-419b-b1e5-96d96d87a322', false, 'fr', 'Institut National de la Santé Dr. Ricardo Jorge'),
('43c2d079-e08a-419b-b1e5-96d96d87a322', false, 'es', 'Instituto Nacional de Salud Dr. Ricardo Jorge'),
('56e66f1c-80b0-44c2-bc46-c3fa3be617ad', true,  'pt', 'Instituto de Oftalmologia Dr. Gama Pinto'),
('56e66f1c-80b0-44c2-bc46-c3fa3be617ad', false, 'en', 'Dr. Gama Pinto Ophthalmology Institute'),
('56e66f1c-80b0-44c2-bc46-c3fa3be617ad', false, 'fr', 'Institut d''Ophtalmologie Dr. Gama Pinto'),
('56e66f1c-80b0-44c2-bc46-c3fa3be617ad', false, 'es', 'Instituto de Oftalmología Dr. Gama Pinto'),
('f04b71f8-c606-4eed-b0da-743dc5d3afd4', true,  'pt', 'IPDF - Instituto Português do Desporto e Juventude - Direção Regional de Lisboa'),
('f04b71f8-c606-4eed-b0da-743dc5d3afd4', false, 'en', 'Portuguese Institute of Youth and Sports - Lisbon Regional Directorate'),
('f04b71f8-c606-4eed-b0da-743dc5d3afd4', false, 'fr', 'Institut Portugais du Sport et de la Jeunesse - Direction Régionale de Lisbonne'),
('f04b71f8-c606-4eed-b0da-743dc5d3afd4', false, 'es', 'Instituto Portugués del Deporte y de la Juventud - Dirección Regional de Lisboa'),
('c883204c-0fba-44c4-850f-a278be91624e', true,  'pt', 'IPF - Instituto Português de Fotografia'),
('c883204c-0fba-44c4-850f-a278be91624e', false, 'en', 'Portuguese Institute of Photography'),
('c883204c-0fba-44c4-850f-a278be91624e', false, 'fr', 'Institut Portugais de la Photographie'),
('c883204c-0fba-44c4-850f-a278be91624e', false, 'es', 'Instituto Portugués de Fotografía'),
('106c48a3-afeb-41c4-9a5f-cd9d5ba98588', true,  'pt', 'IPO - Instituto Português de Oncologia'),
('106c48a3-afeb-41c4-9a5f-cd9d5ba98588', false, 'en', 'Portuguese Oncology Institute'),
('106c48a3-afeb-41c4-9a5f-cd9d5ba98588', false, 'fr', 'Institut Portugais d''Oncologie'),
('106c48a3-afeb-41c4-9a5f-cd9d5ba98588', false, 'es', 'Instituto Portugués de Oncología'),
('5f910425-505e-4fec-9d86-c18505f9864f', true,  'pt', 'IPRI - Instituto Português de Relações Internacionais'),
('5f910425-505e-4fec-9d86-c18505f9864f', false, 'en', 'Portuguese Institute of International Relations'),
('5f910425-505e-4fec-9d86-c18505f9864f', false, 'fr', 'Institut Portugais des Relations Internationales'),
('5f910425-505e-4fec-9d86-c18505f9864f', false, 'es', 'Instituto Portugués de Relaciones Internacionales'),
('b60eee19-a47e-4def-a174-9c6458137650', true,  'pt', 'IPR - Instituto Português de Reumatologia'),
('b60eee19-a47e-4def-a174-9c6458137650', false, 'en', 'Portuguese Rheumatology Institute'),
('b60eee19-a47e-4def-a174-9c6458137650', false, 'fr', 'Institut Portugais de Rhumatologie'),
('b60eee19-a47e-4def-a174-9c6458137650', false, 'es', 'Instituto Portugués de Reumatología'),
('cc997f0d-f6b2-44bd-a27e-079e7e5dca49', true,  'pt', 'IPR - Instituto Português de Reumatologia - Sede'),
('cc997f0d-f6b2-44bd-a27e-079e7e5dca49', false, 'en', 'Portuguese Institute of Rheumatology - Headquarters'),
('cc997f0d-f6b2-44bd-a27e-079e7e5dca49', false, 'fr', 'Institut Portugais de Rhumatologie - Siège'),
('cc997f0d-f6b2-44bd-a27e-079e7e5dca49', false, 'es', 'Instituto Portugués de Reumatología - Sede'),
('ecc7feda-2b13-442e-910a-6859a62fff01', true,  'pt', 'IVV - Instituto da Vinha e do Vinho'),
('ecc7feda-2b13-442e-910a-6859a62fff01', false, 'en', 'Grape and Wine Institute'),
('ecc7feda-2b13-442e-910a-6859a62fff01', false, 'fr', 'Institut de la Vigne et du Vin'),
('ecc7feda-2b13-442e-910a-6859a62fff01', false, 'es', 'Instituto de la Viña y del Vino'),
('bd8137cd-582e-423a-a307-dc7205351489', true,  'pt', 'LNEC - Laboratório Nacional de Engenharia Civil'),
('bd8137cd-582e-423a-a307-dc7205351489', false, 'en', 'National Laboratory of Civil Engineering'),
('bd8137cd-582e-423a-a307-dc7205351489', false, 'fr', 'Laboratoire National de Génie Civil'),
('bd8137cd-582e-423a-a307-dc7205351489', false, 'es', 'Laboratorio Nacional de Ingeniería Civil');

INSERT INTO poi (id, type, world_coord, web_url) VALUES
('f711a58b-42e0-43c1-b8b1-60dd3c7a7fbf', 'library', '(38.751041, -9.144199)', 'http://blx.cm-lisboa.pt/gca/index.php?id=379'),
('3fa511d7-fa7a-4b1b-8bf8-48ed996e4bf2', 'library', '(38.767349, -9.200926)', 'http://www.cm-odivelas.pt/index.php/biblioteca-municipal-d-dinis'),
('bd8dc77f-c39a-4f41-87eb-760153328490', 'library', '(38.772402, -9.104339)', 'http://blx.cm-lisboa.pt/gca/index.php?id=412'),
('1d3b6d54-c497-4a9a-bb3f-6e4b2bfef7dc', 'library', '(38.713536, -9.126920)', 'http://www.exercito.pt/pt/quem-somos/historia-e-cultura-militar/biblioteca'),
('a7029060-f352-49bb-925c-c546d47166cf', 'library', '(38.717870, -9.151859)', 'https://www.incm.pt/portal/contactos.jsp'),
('c4ab0790-a391-48c6-a31e-9acce5f3d6bf', 'library', '(38.763434, -9.113027)', 'http://blx.cm-lisboa.pt/gca/index.php?id=452'),
('ba133481-6a6e-4d0f-b41e-ec90f68dd8d2', 'library', '(38.759836, -9.169052)', 'http://blx.cm-lisboa.pt/gca/index.php?id=460'),
('0a4473d0-9a8a-46dc-a0e2-d4e5a39b312f', 'library', '(38.7413987, -9.14368)', 'http://blx.cm-lisboa.pt/gca/index.php?id=404'),
('ad8487a3-f0b9-4c21-adab-7b497aab075e', 'library', '(38.720616, -9.138317)', 'http://blx.cm-lisboa.pt/gca/?id=503'),
('f0fbcd9b-ee04-426c-a709-815e0c49ed81', 'library', '(38.746160, -9.158313)', 'http://blx.cm-lisboa.pt/gca/index.php?id=495'),
('98b2e6b4-9604-4aae-9bee-2f41ed67dd69', 'library', '(38.7511049, -9.1525841)', 'http://www.bnportugal.pt/index.php?option=com_content&view=frontpage&Itemid=1&lang=pt'),
('00a151c4-3817-4a39-8d4a-61bd1c06bb52', 'library', '(38.754849, -9.172712)', 'http://hemerotecadigital.cm-lisboa.pt/');

INSERT INTO poi_name (id, main, lang, name) VALUES
('f711a58b-42e0-43c1-b8b1-60dd3c7a7fbf', true,  'pt', 'Biblioteca dos Coruchéus'),
('f711a58b-42e0-43c1-b8b1-60dd3c7a7fbf', false, 'en', 'Coruchéus Library'),
('f711a58b-42e0-43c1-b8b1-60dd3c7a7fbf', false, 'fr', 'Bibliothèque de Coruchéus'),
('f711a58b-42e0-43c1-b8b1-60dd3c7a7fbf', false, 'es', 'Biblioteca de los Coruchéus'),
('3fa511d7-fa7a-4b1b-8bf8-48ed996e4bf2', true,  'pt', 'Biblioteca D. Dinis – Núcleo da Pontinha'),
('3fa511d7-fa7a-4b1b-8bf8-48ed996e4bf2', false, 'en', 'D. Dinis Library - Pontinha Branch'),
('3fa511d7-fa7a-4b1b-8bf8-48ed996e4bf2', false, 'fr', 'Bibliothèque D. Dinis - Pôle de Pontinha'),
('3fa511d7-fa7a-4b1b-8bf8-48ed996e4bf2', false, 'es', 'Biblioteca D. Dinis - Núcleo de la Pontinha'),
('bd8dc77f-c39a-4f41-87eb-760153328490', true,  'pt', 'Biblioteca David Mourão-Ferreira'),
('bd8dc77f-c39a-4f41-87eb-760153328490', false, 'en', 'David Mourão-Ferreira Library'),
('bd8dc77f-c39a-4f41-87eb-760153328490', false, 'fr', 'Bibliothèque David Mourão-Ferreira'),
('1d3b6d54-c497-4a9a-bb3f-6e4b2bfef7dc', true,  'pt', 'Biblioteca do Exército'),
('1d3b6d54-c497-4a9a-bb3f-6e4b2bfef7dc', false, 'en', 'Library of the Army'),
('1d3b6d54-c497-4a9a-bb3f-6e4b2bfef7dc', false, 'fr', 'Bibliothèque de l''Armée'),
('1d3b6d54-c497-4a9a-bb3f-6e4b2bfef7dc', false, 'es', 'Biblioteca del Ejército'),
('a7029060-f352-49bb-925c-c546d47166cf', true,  'pt', 'Biblioteca da Imprensa Nacional'),
('a7029060-f352-49bb-925c-c546d47166cf', false, 'en', 'National Press Library'),
('a7029060-f352-49bb-925c-c546d47166cf', false, 'fr', 'Bibliothèque de la Presse Nationale'),
('a7029060-f352-49bb-925c-c546d47166cf', false, 'es', 'Biblioteca de la Prensa Nacional'),
('c4ab0790-a391-48c6-a31e-9acce5f3d6bf', true,  'pt', 'Biblioteca dos Olivais'),
('c4ab0790-a391-48c6-a31e-9acce5f3d6bf', false, 'en', 'Olivais Library'),
('c4ab0790-a391-48c6-a31e-9acce5f3d6bf', false, 'fr', 'Bibliothèque d''Olivais'),
('c4ab0790-a391-48c6-a31e-9acce5f3d6bf', false, 'es', 'Biblioteca de los Olivais'),
('ba133481-6a6e-4d0f-b41e-ec90f68dd8d2', true,  'pt', 'Biblioteca Municipal Orlando Ribeiro'),
('ba133481-6a6e-4d0f-b41e-ec90f68dd8d2', false, 'en', 'Orlando Ribeiro Municipal Library'),
('ba133481-6a6e-4d0f-b41e-ec90f68dd8d2', false, 'fr', 'Bibliothèque Municipale Orlando Ribeiro'),
('0a4473d0-9a8a-46dc-a0e2-d4e5a39b312f', true,  'pt', 'Biblioteca Municipal Palácio Galveias'),
('0a4473d0-9a8a-46dc-a0e2-d4e5a39b312f', false, 'en', 'Palácio Galveias Municipal Library'),
('0a4473d0-9a8a-46dc-a0e2-d4e5a39b312f', false, 'fr', 'Bibliothèque Municipale du Palais Galveias'),
('0a4473d0-9a8a-46dc-a0e2-d4e5a39b312f', false, 'es', 'Biblioteca Municipal Palacio Galveias'),
('ad8487a3-f0b9-4c21-adab-7b497aab075e', true,  'pt', 'Biblioteca Municipal de São Lázaro'),
('ad8487a3-f0b9-4c21-adab-7b497aab075e', false, 'en', 'São Lázaro Public Library'),
('ad8487a3-f0b9-4c21-adab-7b497aab075e', false, 'fr', 'Bibliothèque Municipale de São Lázaro'),
('f0fbcd9b-ee04-426c-a709-815e0c49ed81', true,  'pt', 'Biblioteca-Museu República e Resistência'),
('f0fbcd9b-ee04-426c-a709-815e0c49ed81', false, 'en', 'Republic and Resistance Library and Museum'),
('f0fbcd9b-ee04-426c-a709-815e0c49ed81', false, 'fr', 'Bibliothèque-Musée República e Resistência'),
('f0fbcd9b-ee04-426c-a709-815e0c49ed81', false, 'es', 'Biblioteca-Museo República y Resistencia'),
('98b2e6b4-9604-4aae-9bee-2f41ed67dd69', true,  'pt', 'Biblioteca Nacional de Portugal'),
('98b2e6b4-9604-4aae-9bee-2f41ed67dd69', false, 'en', 'National Library of Portugal'),
('98b2e6b4-9604-4aae-9bee-2f41ed67dd69', false, 'fr', 'Bibliothèque Nationale du Portugal'),
('00a151c4-3817-4a39-8d4a-61bd1c06bb52', true,  'pt', 'Hemeroteca Municipal de Lisboa'),
('00a151c4-3817-4a39-8d4a-61bd1c06bb52', false, 'en', 'Lisbon Municipal Periodicals Library'),
('00a151c4-3817-4a39-8d4a-61bd1c06bb52', false, 'fr', 'Hémérothèque Municipale de Lisbonne');

INSERT INTO poi (id, type, world_coord, web_url) VALUES
('c86b65ea-4c47-42d9-8b13-93f16f85c388', 'market', '(38.731330, -9.144449)', 'http://www.cm-lisboa.pt/equipamentos/equipamento/info/mercado-31-de-janeiro'),
('1df16db9-5478-47da-962d-bebe1073b7b0', 'market', '(38.7366817, -9.1245505)', 'http://www.cm-lisboa.pt/equipamentos/equipamento/info/mercado-da-picheleira-alfacinha'),
('18af7682-36a0-4d8c-90f9-330d4c93af2d', 'market', '(38.7556462, -9.1399742)', 'http://www.jf-alvalade.pt/mercados/'),
('2e684db6-7f3b-4125-ba08-0fdb9f5056de', 'market', '(38.746776, -9.138772)', 'http://www.cm-lisboa.pt/equipamentos/equipamento/info/mercado-de-alvalade-sul'),
('d57e4cb4-82ef-4698-bdb3-43b2a339f78b', 'market', '(38.735245, -9.132655)', 'http://www.cm-lisboa.pt/equipamentos/equipamento/info/mercado-de-arroios'),
('9e926790-23f5-4a5f-b70e-b8c336615a9c', 'market', '(38.777074, -9.118647)', 'http://www.cm-lisboa.pt/equipamentos/equipamento/info/mercado-da-encarnacao-norte'),
('8dec9947-f26d-4696-8b95-5e875b13abe1', 'market', '(38.771915, -9.113400)', 'http://www.cm-lisboa.pt/equipamentos/equipamento/info/mercado-da-encarnacao-sul'),
('8fff2437-ef2a-4469-ade4-386c7d3a2b04', 'market', '(38.7222866, -9.1329329)', 'http://www.cm-lisboa.pt/en/equipments/equipment/info/mercado-do-forno-do-tijolo'),
('517b0ca5-8447-4e5d-9186-6215bdd7821b', 'market', '(38.773904, -9.161923)', 'http://www.cm-lisboa.pt/equipamentos/equipamento/info/mercado-do-lumiar'),
('512214e5-42c0-4973-a73e-108df75bed97', 'market', '(38.760252, -9.109853)', 'http://www.cm-lisboa.pt/equipamentos/equipamento/info/mercado-dos-olivais-sul-celula-e'),
('dd11ee9d-c995-430a-9cb8-9f62c0ee297a', 'market', '(38.715688, -9.125821)', 'http://www.cm-lisboa.pt/equipamentos/equipamento/info/mercado-de-santa-clara');

INSERT INTO poi_name (id, main, lang, name) VALUES
('c86b65ea-4c47-42d9-8b13-93f16f85c388', true,  'pt', 'Mercado 31 de Janeiro - Pólo do Saldanha da Junta de Freguesia de Arroios'),
('c86b65ea-4c47-42d9-8b13-93f16f85c388', false, 'en', '31 de Janeiro Market - Saldanha Delegation of the Arroios Parish Council'),
('c86b65ea-4c47-42d9-8b13-93f16f85c388', false, 'fr', 'Marché 31 de Janeiro - Délégation du Saldanha de l''Arrondissement d''Arroios'),
('c86b65ea-4c47-42d9-8b13-93f16f85c388', false, 'es', 'Mercado 31 de Janeiro - Delegación del Saldanha de la Junta del Barrio de Arroios'),
('1df16db9-5478-47da-962d-bebe1073b7b0', true,  'pt', 'Mercado Alfacinha'),
('1df16db9-5478-47da-962d-bebe1073b7b0', false, 'en', 'Alfacinha Market'),
('1df16db9-5478-47da-962d-bebe1073b7b0', false, 'fr', 'Marché Alfacinha'),
('18af7682-36a0-4d8c-90f9-330d4c93af2d', true,  'pt', 'Mercado de Alvalade Norte'),
('18af7682-36a0-4d8c-90f9-330d4c93af2d', false, 'en', 'Alvade North Market'),
('18af7682-36a0-4d8c-90f9-330d4c93af2d', false, 'fr', 'Marché d''Alvalade Nord'),
('2e684db6-7f3b-4125-ba08-0fdb9f5056de', true,  'pt', 'Mercado de Levante - Alvalade Sul'),
('2e684db6-7f3b-4125-ba08-0fdb9f5056de', false, 'en', 'Levante Market - Alvalade South'),
('2e684db6-7f3b-4125-ba08-0fdb9f5056de', false, 'fr', 'Marché de Levante - Alvalade Sud'),
('2e684db6-7f3b-4125-ba08-0fdb9f5056de', false, 'es', 'Mercado de Levante - Alvalade Sur'),
('d57e4cb4-82ef-4698-bdb3-43b2a339f78b', true,  'pt', 'Mercado de Arroios'),
('d57e4cb4-82ef-4698-bdb3-43b2a339f78b', false, 'en', 'Arroios Market'),
('d57e4cb4-82ef-4698-bdb3-43b2a339f78b', false, 'fr', 'Marché d''Arroios'),
('9e926790-23f5-4a5f-b70e-b8c336615a9c', true,  'pt', 'Mercado da Encarnação Norte'),
('9e926790-23f5-4a5f-b70e-b8c336615a9c', false, 'en', 'Encarnação North Market'),
('9e926790-23f5-4a5f-b70e-b8c336615a9c', false, 'fr', 'Marché d''Encarnação Nord'),
('9e926790-23f5-4a5f-b70e-b8c336615a9c', false, 'es', 'Mercado de la Encarnação Norte'),
('8dec9947-f26d-4696-8b95-5e875b13abe1', true,  'pt', 'Mercado da Encarnação Sul'),
('8dec9947-f26d-4696-8b95-5e875b13abe1', false, 'en', 'Encarnação South Market'),
('8dec9947-f26d-4696-8b95-5e875b13abe1', false, 'fr', 'Marché d''Encarnação Sud'),
('8dec9947-f26d-4696-8b95-5e875b13abe1', false, 'es', 'Mercado de la Encarnação Sur'),
('8fff2437-ef2a-4469-ade4-386c7d3a2b04', true,  'pt', 'Mercado do Forno do Tijolo'),
('8fff2437-ef2a-4469-ade4-386c7d3a2b04', false, 'en', 'Forno do Tijolo Market'),
('8fff2437-ef2a-4469-ade4-386c7d3a2b04', false, 'fr', 'Marché du Forno do Tijolo'),
('8fff2437-ef2a-4469-ade4-386c7d3a2b04', false, 'es', 'Mercado de lo Forno do Tijolo'),
('517b0ca5-8447-4e5d-9186-6215bdd7821b', true,  'pt', 'Mercado do Lumiar'),
('517b0ca5-8447-4e5d-9186-6215bdd7821b', false, 'en', 'Lumiar Market'),
('517b0ca5-8447-4e5d-9186-6215bdd7821b', false, 'fr', 'Marché du Lumiar'),
('517b0ca5-8447-4e5d-9186-6215bdd7821b', false, 'es', 'Mercado del Lumiar'),
('512214e5-42c0-4973-a73e-108df75bed97', true,  'pt', 'Mercado dos Olivais Sul'),
('512214e5-42c0-4973-a73e-108df75bed97', false, 'en', 'Olivais Sul Market'),
('512214e5-42c0-4973-a73e-108df75bed97', false, 'fr', 'Marché d''Olivais Sul'),
('dd11ee9d-c995-430a-9cb8-9f62c0ee297a', true,  'pt', 'Mercado de Santa Clara'),
('dd11ee9d-c995-430a-9cb8-9f62c0ee297a', false, 'en', 'Santa Clara Market'),
('dd11ee9d-c995-430a-9cb8-9f62c0ee297a', false, 'fr', 'Marché de Santa Clara');

INSERT INTO poi (id, type, world_coord, web_url) VALUES
('33385fc7-5245-4f13-bbff-ea45237e39bf', 'monument', '(38.708436, -9.136822)', 'http://www.cm-lisboa.pt/equipamentos/equipamento/info/arco-da-rua-augusta'),
('7ae33e2a-465f-40f9-ab73-06edd3c0226c', 'monument', '(38.706684, -9.136113)', 'http://www.lisbonne-idee.pt/p3015-cais-das-colunas-porta-nobre-entrada-lisboa.html'),
('5a08f402-0d69-4ca3-99d0-ee945d57d3b0', 'monument', '(38.709041, -9.132676)', 'https://www.josesaramago.org/'),
('f698efd0-8675-4dc6-a222-f971e6b514a7', 'monument', '(38.721710, -9.149138)', 'http://www.casa-museumedeirosealmeida.pt/'),
('5afd70c9-8a1a-41de-b8aa-45f4a6acae13', 'monument', '(38.7139092, -9.1334762)', 'http://castelodesaojorge.pt/pt/'),
('12d81ad8-42ec-4798-a0dc-452127d22a1f', 'monument', '(38.712141, -9.139363)', 'http://www.carris.pt/pt/ascensores-e-elevador/'),
('199bc767-d2cb-40f5-8450-2012bad98c13', 'monument', '(38.737307, -9.130439)', 'http://www.cm-lisboa.pt/equipamentos/equipamento/info/fonte-monumental-da-alameda'),
('b8676b89-fa59-491c-bfff-b14fee6a8eba', 'monument', '(38.742233, -9.142104)', 'http://www.cm-lisboa.pt/equipamentos/equipamento/info/galeria-via-veneto'),
('96d4ec39-5b68-465d-b152-102bc586f5a3', 'monument', '(38.786211, -9.170887)', 'http://www.patrimoniocultural.gov.pt/pt/patrimonio/patrimonio-imovel/pesquisa-do-patrimonio/classificado-ou-em-vias-de-classificacao/geral/view/72753/'),
('7e149431-2e6c-4ff9-acbf-1781d88bd529', 'monument', '(38.715176, -9.139215)', 'http://www.cm-lisboa.pt/equipamentos/equipamento/info/palacio-dos-condes-de-almadapalacio-da-independencia'),
('f30f8c44-e77a-4b1e-b0b7-21032522ec2e', 'monument', '(38.715735, -9.142312)', 'http://www.gmcs.pt/palaciofoz/'),
('fc7fd291-3aaf-4d30-a68f-b2dd542d1c99', 'monument', '(38.740328, -9.180409)', 'http://www.fronteira-alorna.pt/'),
('042ebf00-d50a-43cc-a95b-3c295dc73852', 'monument', '(38.744661, -9.16873)', 'http://www.cm-lisboa.pt/equipamentos/equipamento/info/palacio-na-estrada-das-laranjeiras-237-239b'),
('ca2e7be2-9ec8-44cf-8c74-623365fa6f52', 'monument', '(38.719524, -9.118253)', 'http://www.olgaroriz.com/'),
('86aa3c48-251c-4ae0-93d4-998d2790e234', 'monument', '(38.716021, -9.125061)', 'http://www.trienaldelisboa.com/contactos'),
('21c93420-3e1f-4ab3-a1f6-02df92ca014b', 'monument', '(38.728607, -9.147350)', 'http://www.palaciosottomayor.com/'),
('bf5a27e3-79cd-4f48-b2e7-41cd9228dbd4', 'monument', '(38.733931, -9.152257)', 'http://maislisboa.fcsh.unl.pt/um-palacio-as-portas-lisboa/'),
('84033437-1bc4-4d90-acd6-bf2f62ac6158', 'monument', '(38.715018, -9.124742)', 'http://www.patrimoniocultural.gov.pt/pt/museus-e-monumentos/dgpc/m/panteao-nacional/'),
('2a7a4b66-f36d-4641-b9c3-b178e9aa5a32', 'monument', '(38.765849, -9.095061)', 'http://www.cm-lisboa.pt/equipamentos/equipamento/info/pavilhao-de-portugal'),
('83c03dbf-5c77-406d-b1d7-851bb810a132', 'monument', '(38.758257, -9.2244424)', 'http://www.cm-amadora.pt/cultura/patrimonio/764-outros-monumentos-qt-assentista.html'),
('b820a164-1dae-4788-b0b1-22f39aac5aeb', 'monument', '(38.774792, -9.091831)', 'https://www.visitlisboa.com/pt-pt/ver-fazer/patrimonio-cultura/apenas-em-lisboa/torre-vasco-da-gama');

INSERT INTO poi_name (id, main, lang, name) VALUES
('33385fc7-5245-4f13-bbff-ea45237e39bf', true,  'pt', 'Arco da Rua Augusta'),
('33385fc7-5245-4f13-bbff-ea45237e39bf', false, 'en', 'Augusta Street Arch'),
('33385fc7-5245-4f13-bbff-ea45237e39bf', false, 'fr', 'Arc de la Rue Augusta'),
('33385fc7-5245-4f13-bbff-ea45237e39bf', false, 'es', 'Arco de la Rua Augusta'),
('7ae33e2a-465f-40f9-ab73-06edd3c0226c', true,  'pt', 'Cais das Colunas'),
('7ae33e2a-465f-40f9-ab73-06edd3c0226c', false, 'en', 'Columns Pier'),
('7ae33e2a-465f-40f9-ab73-06edd3c0226c', false, 'fr', 'Quai des Colonnes'),
('7ae33e2a-465f-40f9-ab73-06edd3c0226c', false, 'es', 'Muelle de las Columnas'),
('5a08f402-0d69-4ca3-99d0-ee945d57d3b0', true,  'pt', 'Casa dos Bicos – Fundação José Saramago'),
('5a08f402-0d69-4ca3-99d0-ee945d57d3b0', false, 'en', 'Casa dos Bicos - José Saramago Foundation'),
('5a08f402-0d69-4ca3-99d0-ee945d57d3b0', false, 'fr', 'Casa dos Bicos - Fondation José Saramago'),
('5a08f402-0d69-4ca3-99d0-ee945d57d3b0', false, 'es', 'Casa dos Bicos - Fundación José Saramago'),
('f698efd0-8675-4dc6-a222-f971e6b514a7', true,  'pt', 'Casa-Museu Medeiros e Almeida'),
('f698efd0-8675-4dc6-a222-f971e6b514a7', false, 'en', 'Medeiros e Almeida House-Museum'),
('f698efd0-8675-4dc6-a222-f971e6b514a7', false, 'fr', 'Maison-Musée Medeiros e Almeida'),
('f698efd0-8675-4dc6-a222-f971e6b514a7', false, 'es', 'Casa-Museo Medeiros e Almeida'),
('5afd70c9-8a1a-41de-b8aa-45f4a6acae13', true,  'pt', 'Castelo de São Jorge'),
('5afd70c9-8a1a-41de-b8aa-45f4a6acae13', false, 'en', 'São Jorge Castle'),
('5afd70c9-8a1a-41de-b8aa-45f4a6acae13', false, 'fr', 'Château de São Jorge'),
('5afd70c9-8a1a-41de-b8aa-45f4a6acae13', false, 'es', 'Castillo de São Jorge'),
('12d81ad8-42ec-4798-a0dc-452127d22a1f', true,  'pt', 'Elevador de Santa Justa'),
('12d81ad8-42ec-4798-a0dc-452127d22a1f', false, 'en', 'Santa Justa Lift'),
('12d81ad8-42ec-4798-a0dc-452127d22a1f', false, 'fr', 'Ascenseur de Santa Justa'),
('12d81ad8-42ec-4798-a0dc-452127d22a1f', false, 'es', 'Ascensor de Santa Justa'),
('199bc767-d2cb-40f5-8450-2012bad98c13', true,  'pt', 'Fonte Luminosa'),
('199bc767-d2cb-40f5-8450-2012bad98c13', false, 'en', 'Luminous Fountain'),
('199bc767-d2cb-40f5-8450-2012bad98c13', false, 'fr', 'Fontaine Lumineuse'),
('199bc767-d2cb-40f5-8450-2012bad98c13', false, 'es', 'Fuente Luminosa'),
('b8676b89-fa59-491c-bfff-b14fee6a8eba', true,  'pt', 'Galeria Via Veneto'),
('b8676b89-fa59-491c-bfff-b14fee6a8eba', false, 'en', 'Via Veneto Gallery'),
('b8676b89-fa59-491c-bfff-b14fee6a8eba', false, 'fr', 'Galerie Via Veneto'),
('b8676b89-fa59-491c-bfff-b14fee6a8eba', false, 'es', 'Galería Via Veneto'),
('96d4ec39-5b68-465d-b152-102bc586f5a3', true,  'pt', 'Padrão do Senhor Roubado'),
('96d4ec39-5b68-465d-b152-102bc586f5a3', false, 'en', 'Senhor Roubado Monument'),
('96d4ec39-5b68-465d-b152-102bc586f5a3', false, 'fr', 'Monument du Senhor Roubado'),
('96d4ec39-5b68-465d-b152-102bc586f5a3', false, 'es', 'Padrón del Senhor Roubado'),
('7e149431-2e6c-4ff9-acbf-1781d88bd529', true,  'pt', 'Palácio da Independência'),
('7e149431-2e6c-4ff9-acbf-1781d88bd529', false, 'en', 'Palace of Independence'),
('7e149431-2e6c-4ff9-acbf-1781d88bd529', false, 'fr', 'Palais de l''Indépendance'),
('7e149431-2e6c-4ff9-acbf-1781d88bd529', false, 'es', 'Palacio de la Independencia'),
('f30f8c44-e77a-4b1e-b0b7-21032522ec2e', true,  'pt', 'Palácio Foz - Museu Nacional do Desporto'),
('f30f8c44-e77a-4b1e-b0b7-21032522ec2e', false, 'en', 'Foz Palace - National Museum of Sports'),
('f30f8c44-e77a-4b1e-b0b7-21032522ec2e', false, 'fr', 'Palais Foz - Musée National du Sport'),
('f30f8c44-e77a-4b1e-b0b7-21032522ec2e', false, 'es', 'Palacio Foz - Museo National del Deporte'),
('fc7fd291-3aaf-4d30-a68f-b2dd542d1c99', true,  'pt', 'Palácio Fronteira'),
('fc7fd291-3aaf-4d30-a68f-b2dd542d1c99', false, 'en', 'Fronteira Palace'),
('fc7fd291-3aaf-4d30-a68f-b2dd542d1c99', false, 'fr', 'Palace Fronteira'),
('fc7fd291-3aaf-4d30-a68f-b2dd542d1c99', false, 'es', 'Palacio Fronteira'),
('042ebf00-d50a-43cc-a95b-3c295dc73852', true,  'pt', 'Palácio das Laranjeiras'),
('042ebf00-d50a-43cc-a95b-3c295dc73852', false, 'en', 'Laranjeiras Palace'),
('042ebf00-d50a-43cc-a95b-3c295dc73852', false, 'fr', 'Palace de Laranjeiras'),
('042ebf00-d50a-43cc-a95b-3c295dc73852', false, 'es', 'Palacio de las Laranjeiras'),
('ca2e7be2-9ec8-44cf-8c74-623365fa6f52', true,  'pt', 'Palácio Pancas Palha - Companhia Olga Roriz'),
('ca2e7be2-9ec8-44cf-8c74-623365fa6f52', false, 'en', 'Pancas Palha Palace - Olga Roriz Dance Company'),
('ca2e7be2-9ec8-44cf-8c74-623365fa6f52', false, 'fr', 'Palais Pancas Palha - Compagnie de Danse Olga Roriz'),
('ca2e7be2-9ec8-44cf-8c74-623365fa6f52', false, 'es', 'Palacio Pancas Palha - Compañia Olga Roriz'),
('86aa3c48-251c-4ae0-93d4-998d2790e234', true,  'pt', 'Palácio Sinel de Cordes - Trienal de Arquitectura de Lisboa'),
('86aa3c48-251c-4ae0-93d4-998d2790e234', false, 'en', 'Sinel de Cordes Palace - Lisbon Architecture Triennale'),
('86aa3c48-251c-4ae0-93d4-998d2790e234', false, 'fr', 'Palais Sinel de Cordes - Triennale d''Architecture de Lisbonne'),
('86aa3c48-251c-4ae0-93d4-998d2790e234', false, 'es', 'Palacio Sinel de Cordes - Trienal de Arquitetura de Lisboa'),
('21c93420-3e1f-4ab3-a1f6-02df92ca014b', true,  'pt', 'Palácio Sotto Mayor'),
('21c93420-3e1f-4ab3-a1f6-02df92ca014b', false, 'en', 'Sotto Mayor Palace'),
('21c93420-3e1f-4ab3-a1f6-02df92ca014b', false, 'fr', 'Palace Sotto Mayor'),
('21c93420-3e1f-4ab3-a1f6-02df92ca014b', false, 'es', 'Palacio Sotto Mayor'),
('bf5a27e3-79cd-4f48-b2e7-41cd9228dbd4', true,  'pt', 'Palácio Vilalva'),
('bf5a27e3-79cd-4f48-b2e7-41cd9228dbd4', false, 'en', 'Vilalva Palace'),
('bf5a27e3-79cd-4f48-b2e7-41cd9228dbd4', false, 'fr', 'Palais Vilalva'),
('bf5a27e3-79cd-4f48-b2e7-41cd9228dbd4', false, 'es', 'Palacio Vilalva'),
('84033437-1bc4-4d90-acd6-bf2f62ac6158', true,  'pt', 'Panteão Nacional'),
('84033437-1bc4-4d90-acd6-bf2f62ac6158', false, 'en', 'National Pantheon'),
('84033437-1bc4-4d90-acd6-bf2f62ac6158', false, 'fr', 'Panthéon National'),
('84033437-1bc4-4d90-acd6-bf2f62ac6158', false, 'es', 'Panteón Nacional'),
('2a7a4b66-f36d-4641-b9c3-b178e9aa5a32', true,  'pt', 'Pavilhão de Portugal'),
('2a7a4b66-f36d-4641-b9c3-b178e9aa5a32', false, 'en', 'Portugal Pavilion'),
('2a7a4b66-f36d-4641-b9c3-b178e9aa5a32', false, 'fr', 'Pavillon du Portugal'),
('2a7a4b66-f36d-4641-b9c3-b178e9aa5a32', false, 'es', 'Pabellón de Portugal'),
('83c03dbf-5c77-406d-b1d7-851bb810a132', true,  'pt', 'Quinta do Assentista'),
('83c03dbf-5c77-406d-b1d7-851bb810a132', false, 'en', 'Assentista Manor'),
('83c03dbf-5c77-406d-b1d7-851bb810a132', false, 'fr', 'Farme du Assentista'),
('83c03dbf-5c77-406d-b1d7-851bb810a132', false, 'es', 'Casa Señorial del Assentista'),
('b820a164-1dae-4788-b0b1-22f39aac5aeb', true,  'pt', 'Torre Vasco da Gama'),
('b820a164-1dae-4788-b0b1-22f39aac5aeb', false, 'en', 'Vasco da Gama Tower'),
('b820a164-1dae-4788-b0b1-22f39aac5aeb', false, 'fr', 'Tour Vasco da Gama');

INSERT INTO poi (id, type, world_coord, web_url) VALUES
('6291f396-8395-4a76-b3b9-3762dd04f022', 'museum', '(38.732615, -9.146425)', 'http://www.patrimoniocultural.gov.pt/pt/museus-e-monumentos/rede-portuguesa/m/casa-museu-dr-anastacio-goncalves/'),
('6d2220d6-b228-4350-a896-5ecbe5b85c97', 'museum', '(38.720850, -9.148714)', 'http://www.cinemateca.pt/'),
('9dbecdcf-d1c8-4d40-ad9f-03ddf55daa88', 'museum', '(38.707903, -9.135357)', 'https://lisboastorycentre.pt/'),
('f77d5477-a971-49e6-a683-1ae7b2763480', 'museum', '(38.719829, -9.119948)', 'http://www.epal.pt/EPAL/menu/museu-da-%C3%A1gua'),
('4a3b2447-2b20-4b68-8be1-0c1f43ba9668', 'museum', '(38.710178, -9.132554)', 'http://www.museudoaljube.pt/'),
('1773e514-d85b-40d8-8d29-142e0bc502d6', 'museum', '(38.712143, -9.140244)', 'http://www.museuarqueologicodocarmo.pt/'),
('180e88bd-a9b1-454c-83db-8a57bec18246', 'museum', '(38.751423, -9.184345)', 'http://museubenfica.slbenfica.pt/'),
('41589c3b-ca7b-4c30-8c19-ab86509fdc00', 'museum', '(38.737831, -9.153553)', 'https://gulbenkian.pt/museu/'),
('1d7026b7-6d67-47cc-92a6-ddff9b9027c6', 'museum', '(38.742846, -9.168330)', 'http://direcaomuseudascri.wixsite.com/museudascriancas'),
('43d5120a-a401-47c4-9db3-975ad481ebaf', 'museum', '(38.707866, -9.150392)', 'http://www.fpc.pt/pt/'),
('7a8cf0fd-f3ee-4441-a6af-a69622af74c1', 'museum', '(38.708622, -9.138871)', 'http://www.museudodinheiro.pt/destaques'),
('77f75929-f2c3-48ad-929c-ddb777da5673', 'museum', '(38.709120, -9.136841)', 'http://www.mude.pt/'),
('da944b02-6ae8-4454-a5f2-03edad7d41cf', 'museum', '(38.711135, -9.127605)', 'http://www.museudofado.pt/'),
('498707a2-d093-4980-a5b8-a45a75a7cc0a', 'museum', '(38.713208, -9.149856)', 'http://www.lneg.pt/MuseuGeologico/'),
('7ba14fab-645c-4f57-9b38-bc16dc86718a', 'museum', '(38.758551, -9.156418)', 'http://www.museudelisboa.pt/equipamentos/palacio-pimenta.html'),
('f30e1e6b-d537-4fa0-a496-85e75c20cc63', 'museum', '(38.706779, -9.137273)', 'http://www.museudelisboa.pt/equipamentos/torreao-poente.html'),
('f6a5d88d-1be5-4e48-ba08-00a4418cb15b', 'museum', '(38.721471, -9.155830)', 'http://www.epal.pt/EPAL/menu/museu-da-%C3%A1gua'),
('55c7d4b2-c4fe-4dc2-8368-e0c5ed41952c', 'museum', '(38.713001, -9.124413)', 'https://www.exercito.pt/pt/quem-somos/organizacao/ceme/vceme/dhcm/lisboa'),
('4520b1f5-1464-487c-9aaa-0155a9af6567', 'museum', '(38.708461, -9.141180)', 'http://www.museuartecontemporanea.gov.pt/'),
('adbce7f5-a9f1-475e-9720-0d17caa07e34', 'museum', '(38.717695, -9.150834)', 'http://www.museus.ulisboa.pt/pt-pt'),
('4f036f03-6128-424a-916e-2586625fac58', 'museum', '(38.7498529, -9.1800773)', 'http://www.museunacionaldamusica.gov.pt/'),
('d0f0b4dc-0ed3-43d9-865b-647e7a699136', 'museum', '(38.7748027, -9.1667685)', 'http://www.museudoteatroedanca.gov.pt/'),
('66b53368-48b6-4ebe-acfb-450c29e05835', 'museum', '(38.7752043, -9.1648585)', 'http://www.museudotraje.gov.pt/'),
('3a908bba-9a07-4871-96ce-3a69809103a6', 'museum', '(38.7588532, -9.1541892)', 'http://museubordalopinheiro.cm-lisboa.pt/'),
('9d9d421e-1daa-4e8b-b751-dc8d89afb31e', 'museum', '(38.762317, -9.095602)', 'http://www.pavconhecimento.pt/home/');


INSERT INTO poi_name (id, main, lang, name) VALUES
('6291f396-8395-4a76-b3b9-3762dd04f022', true,  'pt', 'Casa-Museu Dr. Anastácio Gonçalves'),
('6291f396-8395-4a76-b3b9-3762dd04f022', false, 'en', 'Dr. Anastácio Gonçalves House-Museum'),
('6291f396-8395-4a76-b3b9-3762dd04f022', false, 'fr', 'Maison-Musée Dr. Anastácio Gonçalves'),
('6291f396-8395-4a76-b3b9-3762dd04f022', false, 'es', 'Casa-Museo Dr. Anastácio Gonçalves'),
('6d2220d6-b228-4350-a896-5ecbe5b85c97', true,  'pt', 'Cinemateca Portuguesa - Museu do Cinema'),
('6d2220d6-b228-4350-a896-5ecbe5b85c97', false, 'en', 'Portuguese Cinematheque - Museum of Cinema'),
('6d2220d6-b228-4350-a896-5ecbe5b85c97', false, 'fr', 'Cinémathèque Portugaise - Musée du Cinéma'),
('6d2220d6-b228-4350-a896-5ecbe5b85c97', false, 'es', 'Cinémathèque Portugaise - Museo del Cine'),
('9dbecdcf-d1c8-4d40-ad9f-03ddf55daa88', true,  'pt', 'Lisboa Story Centre'),
('f77d5477-a971-49e6-a683-1ae7b2763480', true,  'pt', 'Museu da Água - Estação Elevatória a Vapor dos Barbadinhos'),
('f77d5477-a971-49e6-a683-1ae7b2763480', false, 'en', 'Water Museum - Barbadinhos Steam Pumping Station'),
('f77d5477-a971-49e6-a683-1ae7b2763480', false, 'fr', 'Musée de l''Eau - Station de Pompage à Vapeur des Barbadinhos'),
('f77d5477-a971-49e6-a683-1ae7b2763480', false, 'es', 'Museo del Agua - Estación Elevadora de Vapor de los Barbadinhos'),
('4a3b2447-2b20-4b68-8be1-0c1f43ba9668', true,  'pt', 'Museu do Aljube - Resistência e Liberdade'),
('4a3b2447-2b20-4b68-8be1-0c1f43ba9668', false, 'en', 'Aljube Museum - Resistance and Freedom'),
('4a3b2447-2b20-4b68-8be1-0c1f43ba9668', false, 'fr', 'Musée de l''Aljube - Résistance et Liberté'),
('4a3b2447-2b20-4b68-8be1-0c1f43ba9668', false, 'es', 'Museo del Aljube - Resistencia y Libertad'),
('1773e514-d85b-40d8-8d29-142e0bc502d6', true,  'pt', 'MAC - Museu Arqueológico do Carmo - Ruínas do Convento do Carmo'),
('1773e514-d85b-40d8-8d29-142e0bc502d6', false, 'en', 'Carmo Archaeological Museum - Carmo''s Convent Ruins'),
('1773e514-d85b-40d8-8d29-142e0bc502d6', false, 'fr', 'Musée Archéologique du Carmo - Ruines du Couvent du Carmo'),
('1773e514-d85b-40d8-8d29-142e0bc502d6', false, 'es', 'Museo Arqueológico del Carmo - Ruinas del Convento del Carmo'),
('180e88bd-a9b1-454c-83db-8a57bec18246', true,  'pt', 'Museu Benfica - Cosme Damião'),
('180e88bd-a9b1-454c-83db-8a57bec18246', false, 'en', 'Benfica - Cosme Damião Museum'),
('180e88bd-a9b1-454c-83db-8a57bec18246', false, 'fr', 'Musée Benfica - Cosme Damião'),
('180e88bd-a9b1-454c-83db-8a57bec18246', false, 'es', 'Museo Benfica - Cosme Damião'),
('41589c3b-ca7b-4c30-8c19-ab86509fdc00', true,  'pt', 'Museu Calouste Gulbenkian'),
('41589c3b-ca7b-4c30-8c19-ab86509fdc00', false, 'en', 'Calouste Gulbenkian Museum'),
('41589c3b-ca7b-4c30-8c19-ab86509fdc00', false, 'fr', 'Musée Calouste Gulbenkian'),
('41589c3b-ca7b-4c30-8c19-ab86509fdc00', false, 'es', 'Museo Calouste Gulbenkian'),
('1d7026b7-6d67-47cc-92a6-ddff9b9027c6', true,  'pt', 'Museu das Crianças'),
('1d7026b7-6d67-47cc-92a6-ddff9b9027c6', false, 'en', 'Children''s Museum'),
('1d7026b7-6d67-47cc-92a6-ddff9b9027c6', false, 'fr', 'Musée des Enfants'),
('1d7026b7-6d67-47cc-92a6-ddff9b9027c6', false, 'es', 'Museo de los Niños'),
('43d5120a-a401-47c4-9db3-975ad481ebaf', true,  'pt', 'Fundação Portuguesa das Comunicações - Museu das Comunicações'),
('43d5120a-a401-47c4-9db3-975ad481ebaf', false, 'en', 'Portuguese Communications Foundation - Communications Museum'),
('43d5120a-a401-47c4-9db3-975ad481ebaf', false, 'fr', 'Fondation Portugaise des Communications - Musée des Communications'),
('43d5120a-a401-47c4-9db3-975ad481ebaf', false, 'es', 'Fundación Portuguesa de las Comunicaciones - Museo de las Comunicaciones'),
('7a8cf0fd-f3ee-4441-a6af-a69622af74c1', true,  'pt', 'Museu do Dinheiro'),
('7a8cf0fd-f3ee-4441-a6af-a69622af74c1', false, 'en', 'Money Museum'),
('7a8cf0fd-f3ee-4441-a6af-a69622af74c1', false, 'fr', 'Musée de l''Argent'),
('7a8cf0fd-f3ee-4441-a6af-a69622af74c1', false, 'es', 'Museo del Dinero'),
('77f75929-f2c3-48ad-929c-ddb777da5673', true,  'pt', 'MUDE - Museu do Design e da Moda'),
('77f75929-f2c3-48ad-929c-ddb777da5673', false, 'en', 'MUDE - Museum of Design and Fashion'),
('77f75929-f2c3-48ad-929c-ddb777da5673', false, 'fr', 'MUDE - Musée du Design et de la Mode'),
('77f75929-f2c3-48ad-929c-ddb777da5673', false, 'es', 'MUDE - Museo del Diseño y de la Moda'),
('da944b02-6ae8-4454-a5f2-03edad7d41cf', true,  'pt', 'Museu do Fado'),
('da944b02-6ae8-4454-a5f2-03edad7d41cf', false, 'en', 'Fado Museum'),
('da944b02-6ae8-4454-a5f2-03edad7d41cf', false, 'fr', 'Musée du Fado'),
('da944b02-6ae8-4454-a5f2-03edad7d41cf', false, 'es', 'Museo del Fado'),
('498707a2-d093-4980-a5b8-a45a75a7cc0a', true,  'pt', 'Museu Geológico'),
('498707a2-d093-4980-a5b8-a45a75a7cc0a', false, 'en', 'Geological Museum'),
('498707a2-d093-4980-a5b8-a45a75a7cc0a', false, 'fr', 'Musée Géologique'),
('498707a2-d093-4980-a5b8-a45a75a7cc0a', false, 'es', 'Museo Geológico'),
('7ba14fab-645c-4f57-9b38-bc16dc86718a', true,  'pt', 'Museu de Lisboa - Palácio Pimenta'),
('7ba14fab-645c-4f57-9b38-bc16dc86718a', false, 'en', 'Lisbon Museum - Pimenta Palace'),
('7ba14fab-645c-4f57-9b38-bc16dc86718a', false, 'fr', 'Musée de Lisbonne - Palace Pimenta'),
('7ba14fab-645c-4f57-9b38-bc16dc86718a', false, 'es', 'Museo de Lisboa - Palacio Pimenta'),
('f30e1e6b-d537-4fa0-a496-85e75c20cc63', true,  'pt', 'Museu de Lisboa - Torreão Poente'),
('f30e1e6b-d537-4fa0-a496-85e75c20cc63', false, 'en', 'Lisbon Museum - West Tower'),
('f30e1e6b-d537-4fa0-a496-85e75c20cc63', false, 'fr', 'Musée de Lisbonne - Tour Ouest'),
('f30e1e6b-d537-4fa0-a496-85e75c20cc63', false, 'es', 'Museo de Lisboa - Torreón Oeste'),
('f6a5d88d-1be5-4e48-ba08-00a4418cb15b', true,  'pt', 'Museu da Mãe d''Água'),
('f6a5d88d-1be5-4e48-ba08-00a4418cb15b', false, 'en', 'Mãe d''Água Museum'),
('f6a5d88d-1be5-4e48-ba08-00a4418cb15b', false, 'fr', 'Musée Mãe d''Água'),
('f6a5d88d-1be5-4e48-ba08-00a4418cb15b', false, 'es', 'Museo de la Mãe d''Água'),
('55c7d4b2-c4fe-4dc2-8368-e0c5ed41952c', true,  'pt', 'Museu Militar de Lisboa'),
('55c7d4b2-c4fe-4dc2-8368-e0c5ed41952c', false, 'en', 'Military Museum of Lisbon'),
('55c7d4b2-c4fe-4dc2-8368-e0c5ed41952c', false, 'fr', 'Musée Militaire de Lisbonne'),
('55c7d4b2-c4fe-4dc2-8368-e0c5ed41952c', false, 'es', 'Museo Militar de Lisboa'),
('4520b1f5-1464-487c-9aaa-0155a9af6567', true,  'pt', 'MNAC - Museu Nacional de Arte Contemporânea - Museu do Chiado'),
('4520b1f5-1464-487c-9aaa-0155a9af6567', false, 'en', 'National Museum of Contemporary Art - Chiado Museum'),
('4520b1f5-1464-487c-9aaa-0155a9af6567', false, 'fr', 'Musée National d''Art Contemporain - Musée du Chiado'),
('4520b1f5-1464-487c-9aaa-0155a9af6567', false, 'es', 'Museo Nacional de Arte Contemporáneo - Museo de Chiado'),
('adbce7f5-a9f1-475e-9720-0d17caa07e34', true,  'pt', 'Museu Nacional de História Natural e da Ciência'),
('adbce7f5-a9f1-475e-9720-0d17caa07e34', false, 'en', 'National Museum of Natural History and Science'),
('adbce7f5-a9f1-475e-9720-0d17caa07e34', false, 'fr', 'Musée National de l''Histoire Naturelle et de la Science'),
('adbce7f5-a9f1-475e-9720-0d17caa07e34', false, 'es', 'Museu Nacional de Historia Natural e de la Ciencia'),
('4f036f03-6128-424a-916e-2586625fac58', true,  'pt', 'MNM - Museu Nacional da Música'),
('4f036f03-6128-424a-916e-2586625fac58', false, 'en', 'National Museum of Music'),
('4f036f03-6128-424a-916e-2586625fac58', false, 'fr', 'Musée National de la Musique'),
('4f036f03-6128-424a-916e-2586625fac58', false, 'es', 'Museo Nacional de la Música'),
('d0f0b4dc-0ed3-43d9-865b-647e7a699136', true,  'pt', 'MNTD - Museu Nacional do Teatro e da Dança'),
('d0f0b4dc-0ed3-43d9-865b-647e7a699136', false, 'en', 'National Museum of Theater and Dance'),
('d0f0b4dc-0ed3-43d9-865b-647e7a699136', false, 'fr', 'Musée National du Théâtre et de la Danse'),
('d0f0b4dc-0ed3-43d9-865b-647e7a699136', false, 'es', 'Museo Nacional del Traje y de la Danza'),
('66b53368-48b6-4ebe-acfb-450c29e05835', true,  'pt', 'Museu Nacional do Traje'),
('66b53368-48b6-4ebe-acfb-450c29e05835', false, 'en', 'National Museum of Costume'),
('66b53368-48b6-4ebe-acfb-450c29e05835', false, 'fr', 'Musée National du Costume'),
('66b53368-48b6-4ebe-acfb-450c29e05835', false, 'es', 'Museo Nacional del Traje'),
('3a908bba-9a07-4871-96ce-3a69809103a6', true,  'pt', 'Museu Rafael Bordalo Pinheiro'),
('3a908bba-9a07-4871-96ce-3a69809103a6', false, 'en', 'Rafael Bordalo Pinheiro Museum'),
('3a908bba-9a07-4871-96ce-3a69809103a6', false, 'fr', 'Musée Rafael Bordalo Pinheiro'),
('3a908bba-9a07-4871-96ce-3a69809103a6', false, 'es', 'Museo Rafael Bordalo Pinheiro'),
('9d9d421e-1daa-4e8b-b751-dc8d89afb31e', true,  'pt', 'Pavilhão da Ciência e do Conhecimento'),
('9d9d421e-1daa-4e8b-b751-dc8d89afb31e', false, 'en', 'Pavilion of Science and Knowledge'),
('9d9d421e-1daa-4e8b-b751-dc8d89afb31e', false, 'fr', 'Pavillon de la Science et de la Connaissance'),
('9d9d421e-1daa-4e8b-b751-dc8d89afb31e', false, 'es', 'Pabellón de la Ciencia y del Conocimiento');

INSERT INTO poi (id, type, world_coord, web_url) VALUES
('95a0a746-3a05-4ae8-9c18-c30071723565', 'oceanarium', '(38.763543, -9.093752)', 'https://www.oceanario.pt/');

INSERT INTO poi_name (id, main, lang, name) VALUES
('95a0a746-3a05-4ae8-9c18-c30071723565', true,  'pt', 'Oceanário de Lisboa'),
('95a0a746-3a05-4ae8-9c18-c30071723565', false, 'en', 'Lisbon Oceanarium'),
('95a0a746-3a05-4ae8-9c18-c30071723565', false, 'fr', 'Oceanarium de Lisbonne'),
('95a0a746-3a05-4ae8-9c18-c30071723565', false, 'es', 'Oceanario de Lisboa');

INSERT INTO poi (id, type, world_coord, web_url) VALUES
('adaadf7f-6a0d-48ec-bec4-578d05bcc3c9', 'organization', '(38.7056651, -9.1421538)', 'http://www.emsa.europa.eu/'),
('29240be6-bd5c-496c-a0c0-b743eb5141a3', 'organization', '(38.739544, -9.146676)', 'https://www.igcp.pt/pt/'),
('2ad7c650-6bb3-4154-b48e-6ee95befbb57', 'organization', '(38.738432, -9.148336)', 'http://www.portugalglobal.pt/PT/Paginas/Index.aspx'),
('3943a124-e24b-4959-b884-8ccf334c3910', 'organization', '(38.7216, -9.135246)', 'http://www.ail.pt/Home.aspx'),
('824cd45e-a7be-4dd9-a2d2-3e8d236f373b', 'organization', '(38.738124, -9.136511)', 'http://www.aniet.pt/pt/contactos/'),
('8a22f723-9ee1-4c5d-a979-e541492ba8dd', 'organization', '(38.766682, -9.161590)', 'http://www.apcl.org.pt/'),
('ad9bf425-8907-404a-95e8-6ed03e0f6c98', 'organization', '(38.720589, -9.155960)', 'http://www.apd.org.pt'),
('4bfe1448-857a-41f7-8abf-dfcf0015a733', 'organization', '(38.753638, -9.1148641)', 'http://www.apec.pt/'),
('4fe364aa-8e16-427c-b732-f228c9c54007', 'organization', '(38.740409, -9.1253112)', 'http://www.apmveac.pt/v2/'),
('9c3e0904-94ce-4f91-8469-8ba5cd760ed0', 'organization', '(38.7549175, -9.1122664)', 'http://www.appt21.org.pt/'),
('7cbe876a-7879-4b93-b0f5-07aee7552488', 'organization', '(38.7469559, -9.1164845)', 'http://www.apedv.org.pt/'),
('ba856e8a-7cc4-4754-9bc8-a1fae2e73b55', 'organization', '(38.720064, -9.150831)', 'http://www.apdp.pt/'),
('dffa6501-438c-4192-86a8-387b7f641b81', 'organization', '(38.713626, -9.136214)', 'http://www.renovaramouraria.pt/'),
('8d986e9e-3b35-4c41-85dc-cca7a0704068', 'organization', '(38.734320, -9.149708)', 'http://azp.pt/'),
('e855e22d-6d58-4da9-a020-90156448b728', 'organization', '(38.721222, -9.150711)', 'https://www.acp.pt/'),
('6c42ae53-a597-4483-8b4c-a3504742900e', 'organization', '(38.718208, -9.143153)', 'http://www.ccila-portugal.com/'),
('ab25eedd-1bff-4208-bd12-e6c63968de6f', 'organization', '(38.7609074, -9.1921442)', 'http://www.casadoartista.net/'),
('c27b4fd9-6902-4a89-9a8e-103b7cf883b9', 'organization', '(38.732516, -9.155896)', 'http://www.akdn.org/'),
('8a1a095c-98c6-4951-9365-cc01027605b9', 'organization', '(38.741144, -9.167498)', 'https://casa-apoioaosemabrigo.org/index.php/'),
('9f67d8dc-b5db-41ad-bd72-455caf20e70a', 'organization', '(38.767768, -9.163126)', 'http://www.crinabel.pt/'),
('b7ce3592-c8d8-4884-aa5c-13b053f5b8f5', 'organization', '(38.750388, -9.191385)', 'http://www.cap.pt/'),
('af2d0895-384a-47e4-b389-b00f8a47cb4e', 'organization', '(38.707902, -9.140142)', 'http://www.cgtp.pt/'),
('fdecb6a3-7807-49d1-a072-889ca09a64b5', 'organization', '(38.740896, -9.142813)', 'http://www.culturgest.pt/'),
('56473e1c-48d8-409e-9b5a-76e99aa838ac', 'organization', '(38.716119, -9.135340)', 'http://www.inatel.pt/'),
('88b29adb-7988-4684-8340-b5b6b9b8d2b0', 'organization', '(38.722237, -9.155818)', 'http://fasvs.pt/'),
('2d6d4023-f48e-4f63-9b7e-60412aaed912', 'organization', '(38.737420, -9.154724)', 'https://gulbenkian.pt/'),
('b9362a84-d19b-46f4-bd1d-e5eae0e097fc', 'organization', '(38.7585727, -9.1537621)', 'www.fundacaocidadedelisboa.pt/'),
('f0214348-ad6e-4883-8478-257753bce064', 'organization', '(38.705122, -9.145273)', 'http://www.transtejo.pt/'),
('0c2bc9f5-63fc-4b5a-b3a7-5d2b68bac917', 'organization', '(38.717622, -9.138909)', 'http://www.inatel.pt/Fundacao/Pois/mapa.aspx'),
('9b859964-ed0f-47cd-926a-710470fc28bb', 'organization', '(38.777413, -9.162331)', 'http://invalidos.org/'),
('4563ffc4-9b5f-4821-a495-e28994716863', 'organization', '(38.751421, -9.189132)', 'https://www.lusa.pt/'),
('4e2e44f6-4032-41be-9381-798e028a74ac', 'organization', '(38.70569, -9.143006)', 'http://www.emcdda.europa.eu/'),
('5db33758-60b7-46ca-9581-bd8b75df2904', 'organization', '(38.715190, -9.138825)', 'https://portal.oa.pt/'),
('bf22b94f-3abf-455b-b8cf-af9883796359', 'organization', '(38.7077748, -9.145745)', 'http://www.arquitectos.pt/'),
('1b0acc1b-386d-44f4-8c8b-29b2074b2899', 'organization', '(38.728261, -9.148963)', 'http://www.ordemengenheiros.pt/pt/'),
('3147f5dd-2897-4a31-afe9-7960eda0d7a9', 'organization', '(38.714805, -9.140486)', 'https://www.oet.pt/portal/'),
('4560a90a-04a6-4116-84f4-2ba9309f546a', 'organization', '(38.749679, -9.148241)', 'https://www.omd.pt/'),
('30336f5e-aaca-4f8a-a2fe-9ee8abf6723d', 'organization', '(38.731210, -9.150064)', 'https://www.omv.pt/'),
('a23d1e05-c990-4f55-a07f-6f9178ab8fd9', 'organization', '(38.750356, -9.172799)', 'http://www.prp.pt/'),
('ba9a6011-6988-474a-b8d1-113a6d83f462', 'organization', '(38.713426, -9.142919)', 'http://www.scml.pt/'),
('3101c832-aec2-4f45-a489-ac82d08616f2', 'organization', '(38.716679, -9.140751)', 'http://www.socgeografialisboa.pt/'),
('ac9005c8-03fb-4c17-8e47-312d22ef7e3a', 'organization', '(38.7210381, -9.1494637)', 'http://www.snba.pt/'),
('158ec215-209d-4913-8e27-dc3d677784d5', 'organization', '(38.728561, -9.144368)', 'http://www.spautores.pt/'),
('4d54181b-34b5-4065-954d-95898d824bd1', 'organization', '(38.742070, -9.150159)', 'http://www.turismodeportugal.pt/'),
('8f2a93ea-d53e-431b-90b6-ca8875b93072', 'organization', '(38.720338, -9.149130)', 'http://www.uacs.pt/'),
('16a2e570-bf43-4cf6-bb3f-54560d698c45', 'organization', '(38.781487, -9.160635)', 'https://www.ugt.pt/'),
('018c49cd-04a2-4a7e-a055-32f4ae5a4ad6', 'organization', '(38.744477, -9.145243)', 'http://www.ump.pt/'),
('aa129ade-f739-4d5c-9838-6199ad8b351c', 'organization', '(38.740586, -9.171390)', 'http://www.uniaozoofila.org/'),
('3e281369-8ced-4606-b8ee-416c3c81f7fa', 'organization', '(38.730916, -9.151259)', 'http://www.unicef.pt/index.php');

INSERT INTO poi_name (id, main, lang, name) VALUES
('adaadf7f-6a0d-48ec-bec4-578d05bcc3c9', true,  'pt', 'AESM - Agência Europeia de Segurança Marítima'),
('adaadf7f-6a0d-48ec-bec4-578d05bcc3c9', false, 'en', 'European Maritime Safety Agency'),
('adaadf7f-6a0d-48ec-bec4-578d05bcc3c9', false, 'fr', 'Agence Européenne pour la Sécurité Maritime'),
('adaadf7f-6a0d-48ec-bec4-578d05bcc3c9', false, 'es', 'Agencia Europea de Seguridad Marítima'),
('29240be6-bd5c-496c-a0c0-b743eb5141a3', true,  'pt', 'IGCP - Agência de Gestão da Tesouraria e da Dívida Pública'),
('29240be6-bd5c-496c-a0c0-b743eb5141a3', false, 'en', 'Public Debt and Treasury Management Agency'),
('29240be6-bd5c-496c-a0c0-b743eb5141a3', false, 'fr', 'Agence de Gestion du Trésor et de la Dette Publique'),
('29240be6-bd5c-496c-a0c0-b743eb5141a3', false, 'es', 'Agencia de Gestión de Tesorería y Deuda Pública'),
('2ad7c650-6bb3-4154-b48e-6ee95befbb57', true,  'pt', 'AICEP - Agência para o Investimento e Comércio Externo de Portugal'),
('2ad7c650-6bb3-4154-b48e-6ee95befbb57', false, 'en', 'Foreign Investment and Trade Agency of Portugal'),
('2ad7c650-6bb3-4154-b48e-6ee95befbb57', false, 'fr', 'Agence pour l''Investissement et le Commerce Extérieur du Portugal'),
('2ad7c650-6bb3-4154-b48e-6ee95befbb57', false, 'es', 'Agencia para la Inversión y Comercio Exterior de Portugal'),
('3943a124-e24b-4959-b884-8ccf334c3910', true,  'pt', 'AIL - Associação dos Inquilinos Lisbonenses'),
('3943a124-e24b-4959-b884-8ccf334c3910', false, 'en', 'Lisbon Tenants'' Association'),
('3943a124-e24b-4959-b884-8ccf334c3910', false, 'fr', 'Association des Locataires Lisboètes'),
('3943a124-e24b-4959-b884-8ccf334c3910', false, 'es', 'Asociación de los Inquilinos Lisbonenses'),
('824cd45e-a7be-4dd9-a2d2-3e8d236f373b', true,  'pt', 'Associação Nacional da Indústria Extractiva e Transformadora'),
('824cd45e-a7be-4dd9-a2d2-3e8d236f373b', false, 'en', 'National Association of Mining and Manufacturing Industry'),
('824cd45e-a7be-4dd9-a2d2-3e8d236f373b', false, 'fr', 'Association Nationale de l''Industrie Extractive et Transformatrice'),
('824cd45e-a7be-4dd9-a2d2-3e8d236f373b', false, 'es', 'Asociación Nacional de la Industria extractiva y Transformadora'),
('8a22f723-9ee1-4c5d-a979-e541492ba8dd', true,  'pt', 'Associação de Paralisia Cerebral de Lisboa'),
('8a22f723-9ee1-4c5d-a979-e541492ba8dd', false, 'en', 'Lisbon Cerebral Palsy Association'),
('8a22f723-9ee1-4c5d-a979-e541492ba8dd', false, 'fr', 'Association de la Paralysie Cérébrale de Lisbonne'),
('8a22f723-9ee1-4c5d-a979-e541492ba8dd', false, 'es', 'Asociación de Parálisis Cerebral de Lisboa'),
('ad9bf425-8907-404a-95e8-6ed03e0f6c98', true,  'pt', 'Associação Portuguesa de Deficientes'),
('ad9bf425-8907-404a-95e8-6ed03e0f6c98', false, 'en', 'Portuguese Association for Handicapped People'),
('ad9bf425-8907-404a-95e8-6ed03e0f6c98', false, 'fr', 'Association Portugaise des Personnes Handicapées'),
('ad9bf425-8907-404a-95e8-6ed03e0f6c98', false, 'es', 'Asociación Portuguesa de Discapacitados'),
('4bfe1448-857a-41f7-8abf-dfcf0015a733', true,  'pt', 'APEC - Associação Portuguesa de Escolas de Condução'),
('4bfe1448-857a-41f7-8abf-dfcf0015a733', false, 'en', 'Portuguese Association of Driving Schools'),
('4bfe1448-857a-41f7-8abf-dfcf0015a733', false, 'fr', 'Association Portugaise des Écoles de Conduite'),
('4bfe1448-857a-41f7-8abf-dfcf0015a733', false, 'es', 'Asociación Portuguesa de Autoescuelas'),
('4fe364aa-8e16-427c-b732-f228c9c54007', true,  'pt', 'Associação Portuguesa de Médicos Veterinários Especialistas em Animais de Companhia'),
('4fe364aa-8e16-427c-b732-f228c9c54007', false, 'en', 'Portuguese Association of Pet Animals Veterinarians'),
('4fe364aa-8e16-427c-b732-f228c9c54007', false, 'fr', 'Association Portugaise de Médecins Vétérinaires Experts en Animaux de Compagnie'),
('4fe364aa-8e16-427c-b732-f228c9c54007', false, 'es', 'Asociación Portuguesa de Médicos Veterinarios Especialistas en Animales de Compañía'),
('9c3e0904-94ce-4f91-8469-8ba5cd760ed0', true,  'pt', 'Associação Portuguesa de Portadores de Trissomia 21'),
('9c3e0904-94ce-4f91-8469-8ba5cd760ed0', false, 'en', 'Portuguese Association of People with Trisomy 21'),
('9c3e0904-94ce-4f91-8469-8ba5cd760ed0', false, 'fr', 'Association Portugaise des Porteurs de Trisomie 21'),
('9c3e0904-94ce-4f91-8469-8ba5cd760ed0', false, 'es', 'Asociación Portuguesa de Portadores Trisomía 21'),
('7cbe876a-7879-4b93-b0f5-07aee7552488', true,  'pt', 'Associação Promotora de Emprego para Deficientes Visuais'),
('7cbe876a-7879-4b93-b0f5-07aee7552488', false, 'en', 'Employment-Promoting Association for the Visually Impaired'),
('7cbe876a-7879-4b93-b0f5-07aee7552488', false, 'fr', 'Association Promouvant d''Emploi pour les Handicapés Visuels'),
('7cbe876a-7879-4b93-b0f5-07aee7552488', false, 'es', 'Asociación Promotora de Empleo para Ciegos'),
('ba856e8a-7cc4-4754-9bc8-a1fae2e73b55', true,  'pt', 'Associação Protectora dos Diabéticos de Portugal'),
('ba856e8a-7cc4-4754-9bc8-a1fae2e73b55', false, 'en', 'Portuguese Protective Association of Diabetics'),
('ba856e8a-7cc4-4754-9bc8-a1fae2e73b55', false, 'fr', 'Association Protectrice des Diabétiques du Portugal'),
('ba856e8a-7cc4-4754-9bc8-a1fae2e73b55', false, 'es', 'Asociación Protectora de los Diabéticos de Portugal'),
('dffa6501-438c-4192-86a8-387b7f641b81', true,  'pt', 'Associação Renovar a Mouraria'),
('dffa6501-438c-4192-86a8-387b7f641b81', false, 'en', 'Renovar a Mouraria Association'),
('dffa6501-438c-4192-86a8-387b7f641b81', false, 'fr', 'Association Renovar a Mouraria'),
('dffa6501-438c-4192-86a8-387b7f641b81', false, 'es', 'Asociación Renovar a Mouraria'),
('8d986e9e-3b35-4c41-85dc-cca7a0704068', true,  'pt', 'Associação Zoófila Portuguesa - Hospital Veterinário'),
('8d986e9e-3b35-4c41-85dc-cca7a0704068', false, 'en', 'Portuguese Zoological Association - Veterinary Hospital'),
('8d986e9e-3b35-4c41-85dc-cca7a0704068', false, 'fr', 'Association Zoophile Portugaise - Hôpital Vétérinaire'),
('8d986e9e-3b35-4c41-85dc-cca7a0704068', false, 'es', 'Asociación Zoofila Portuguesa  - Hospital Veterinario'),
('e855e22d-6d58-4da9-a020-90156448b728', true,  'pt', 'ACP - Automóvel Club de Portugal'),
('e855e22d-6d58-4da9-a020-90156448b728', false, 'en', 'Automobile Club of Portugal'),
('e855e22d-6d58-4da9-a020-90156448b728', false, 'fr', 'Club Automobile du Portugal'),
('e855e22d-6d58-4da9-a020-90156448b728', false, 'es', 'Automóvil Club de Portugal'),
('6c42ae53-a597-4483-8b4c-a3504742900e', true,  'pt', 'Câmara de Comércio e Indústria Luso-Alemã'),
('6c42ae53-a597-4483-8b4c-a3504742900e', false, 'en', 'Portuguese-German Chamber of Commerce and Industry'),
('6c42ae53-a597-4483-8b4c-a3504742900e', false, 'fr', 'Chambre de Commerce et d''Industrie Luso-Allemande'),
('6c42ae53-a597-4483-8b4c-a3504742900e', false, 'es', 'Cámara de Comercio y Industria Portuguesa-Alemana'),
('ab25eedd-1bff-4208-bd12-e6c63968de6f', true,  'pt', 'Casa do Artista'),
('ab25eedd-1bff-4208-bd12-e6c63968de6f', false, 'en', 'Artist House'),
('ab25eedd-1bff-4208-bd12-e6c63968de6f', false, 'fr', 'Maison des Artistes'),
('ab25eedd-1bff-4208-bd12-e6c63968de6f', false, 'es', 'Casa de los Artistas'),
('c27b4fd9-6902-4a89-9a8e-103b7cf883b9', true,  'pt', 'Casa Ventura Terra - Sede Mundial da Fundação Aga Khan'),
('c27b4fd9-6902-4a89-9a8e-103b7cf883b9', false, 'en', 'Ventura Terra House - Aga Khan Foundation Worldwide Headquarters'),
('c27b4fd9-6902-4a89-9a8e-103b7cf883b9', false, 'fr', 'Maison Ventura Terra - Siège Mondial de la Fondation Aga Khan'),
('c27b4fd9-6902-4a89-9a8e-103b7cf883b9', false, 'es', 'Casa Ventura Terra - Sede Mundial de la Fundación Aga Khan'),
('8a1a095c-98c6-4951-9365-cc01027605b9', true,  'pt', 'CASA - Centro de Apoio ao Sem-Abrigo'),
('8a1a095c-98c6-4951-9365-cc01027605b9', false, 'en', 'Center for the Aid of Homeless People'),
('8a1a095c-98c6-4951-9365-cc01027605b9', false, 'fr', 'Centre d''Aide aux Sans-Abri'),
('8a1a095c-98c6-4951-9365-cc01027605b9', false, 'es', 'Centro de Apoyo a la Persona Sin Hogar'),
('9f67d8dc-b5db-41ad-bd72-455caf20e70a', true,  'pt', 'Crinabel - Centro de Atividades Ocupacionais'),
('9f67d8dc-b5db-41ad-bd72-455caf20e70a', false, 'en', 'Crinabel - Center of Occupational Activities'),
('9f67d8dc-b5db-41ad-bd72-455caf20e70a', false, 'fr', 'Crinabel - Centre d''Ergothérapie'),
('9f67d8dc-b5db-41ad-bd72-455caf20e70a', false, 'es', 'Crinabel - Centro de Actividades  Ocupacionales'),
('b7ce3592-c8d8-4884-aa5c-13b053f5b8f5', true,  'pt', 'CAP - Confederação dos Agricultores de Portugal'),
('b7ce3592-c8d8-4884-aa5c-13b053f5b8f5', false, 'en', 'Portuguese Farmers Confederation'),
('b7ce3592-c8d8-4884-aa5c-13b053f5b8f5', false, 'fr', 'Confédération d''Agriculteurs du Portugal'),
('b7ce3592-c8d8-4884-aa5c-13b053f5b8f5', false, 'es', 'Confederación de los Agricultores de Portugal'), 
('af2d0895-384a-47e4-b389-b00f8a47cb4e', true,  'pt', 'CGTP-IN - Confederação Geral dos Trabalhadores Portugueses'),
('af2d0895-384a-47e4-b389-b00f8a47cb4e', false, 'en', 'General Confederation of Portuguese Workers'),
('af2d0895-384a-47e4-b389-b00f8a47cb4e', false, 'fr', 'Confédération Générale des Travailleurs Portugais'),
('af2d0895-384a-47e4-b389-b00f8a47cb4e', false, 'es', 'Confederación General de los Trabajadores Portugueses'),
('fdecb6a3-7807-49d1-a072-889ca09a64b5', true,  'pt', 'Culturgest'),
('56473e1c-48d8-409e-9b5a-76e99aa838ac', true,  'pt', 'Espaço INATEL Mouraria'),
('56473e1c-48d8-409e-9b5a-76e99aa838ac', false, 'en', 'INATEL Mouraria Space'),
('56473e1c-48d8-409e-9b5a-76e99aa838ac', false, 'fr', 'Space INATEL Mouraria'),
('56473e1c-48d8-409e-9b5a-76e99aa838ac', false, 'es', 'Espacio INATEL Mouraria'),
('88b29adb-7988-4684-8340-b5b6b9b8d2b0', true,  'pt', 'Fundação Arpad Szenes – Vieira da Silva'),
('88b29adb-7988-4684-8340-b5b6b9b8d2b0', false, 'en', 'Arpad Szenes Foundation - Vieira da Silva'),
('88b29adb-7988-4684-8340-b5b6b9b8d2b0', false, 'fr', 'Fondation Arpad Szenes - Vieira da Silva'),
('88b29adb-7988-4684-8340-b5b6b9b8d2b0', false, 'es', 'Fundación Arpad Szenes - Vieira da Silva'),
('2d6d4023-f48e-4f63-9b7e-60412aaed912', true,  'pt', 'Fundação Calouste Gulbenkian'),
('2d6d4023-f48e-4f63-9b7e-60412aaed912', false, 'en', 'Calouste Gulbenkian Foundation'),
('2d6d4023-f48e-4f63-9b7e-60412aaed912', false, 'fr', 'Fondation Calouste Gulbenkian'),
('2d6d4023-f48e-4f63-9b7e-60412aaed912', false, 'es', 'Fundación Calouste Gulbenkian'),
('b9362a84-d19b-46f4-bd1d-e5eae0e097fc', true,  'pt', 'Fundação Cidade de Lisboa'),
('b9362a84-d19b-46f4-bd1d-e5eae0e097fc', false, 'en', 'Lisbon City Foundation'),
('b9362a84-d19b-46f4-bd1d-e5eae0e097fc', false, 'fr', 'Fondation Ville de Lisbonne'),
('b9362a84-d19b-46f4-bd1d-e5eae0e097fc', false, 'es', 'Fundación Ciudad de Lisboa'),
('f0214348-ad6e-4883-8478-257753bce064', true,  'pt', 'Grupo Transtejo - Sede'),
('f0214348-ad6e-4883-8478-257753bce064', false, 'en', 'Transtejo Group - Headquarters'),
('f0214348-ad6e-4883-8478-257753bce064', false, 'fr', 'Groupe Transtejo - Siège'),
('0c2bc9f5-63fc-4b5a-b3a7-5d2b68bac917', true,  'pt', 'INATEL - Provedor do Beneficiário'),
('0c2bc9f5-63fc-4b5a-b3a7-5d2b68bac917', false, 'en', 'INATEL - Beneficiary''s Ombudsman'),
('0c2bc9f5-63fc-4b5a-b3a7-5d2b68bac917', false, 'fr', 'INATEL - Avocat du Bénéficiaire'),
('0c2bc9f5-63fc-4b5a-b3a7-5d2b68bac917', false, 'es', 'INATEL - Proveedor del Beneficiario'),
('9b859964-ed0f-47cd-926a-710470fc28bb', true,  'pt', 'Inválidos do Comércio'),
('9b859964-ed0f-47cd-926a-710470fc28bb', false, 'en', 'Commerce Disabled People'),
('9b859964-ed0f-47cd-926a-710470fc28bb', false, 'fr', 'Invalides du Commerce'),
('9b859964-ed0f-47cd-926a-710470fc28bb', false, 'es', 'Inválidos del Comercio'),
('4563ffc4-9b5f-4821-a495-e28994716863', true,  'pt', 'Lusa - Agência de Notícias de Portugal'),
('4563ffc4-9b5f-4821-a495-e28994716863', false, 'en', 'Lusa - Portuguese News Agency'),
('4563ffc4-9b5f-4821-a495-e28994716863', false, 'fr', 'Lusa - Agence de Presse Portugaise'),
('4563ffc4-9b5f-4821-a495-e28994716863', false, 'es', 'Lusa - Agencia de Noticias de Portugal'),
('4e2e44f6-4032-41be-9381-798e028a74ac', true,  'pt', 'OEDT - Observatório Europeu da Droga e da Toxicodependência'),
('4e2e44f6-4032-41be-9381-798e028a74ac', false, 'en', 'European Monitoring Centre for Drugs and Drug Addiction'),
('4e2e44f6-4032-41be-9381-798e028a74ac', false, 'fr', 'Observatoire Européen des Drogues et des Toxicomanies'),
('4e2e44f6-4032-41be-9381-798e028a74ac', false, 'es', 'Observatorio Europeo de la Droga y las Toxicomanías'),
('5db33758-60b7-46ca-9581-bd8b75df2904', true,  'pt', 'Ordem dos Advogados'),
('5db33758-60b7-46ca-9581-bd8b75df2904', false, 'en', 'Lawers'' Order'),
('5db33758-60b7-46ca-9581-bd8b75df2904', false, 'fr', 'Ordre des Avocats'),
('5db33758-60b7-46ca-9581-bd8b75df2904', false, 'es', 'Colegio de Abogados'),
('bf22b94f-3abf-455b-b8cf-af9883796359', true,  'pt', 'Ordem dos Arquitectos'),
('bf22b94f-3abf-455b-b8cf-af9883796359', false, 'en', 'Portuguese Architects Order'),
('bf22b94f-3abf-455b-b8cf-af9883796359', false, 'fr', 'Ordre des Architectes'),
('bf22b94f-3abf-455b-b8cf-af9883796359', false, 'es', 'Colegio de Arquitectos'),
('1b0acc1b-386d-44f4-8c8b-29b2074b2899', true,  'pt', 'Ordem dos Engenheiros'),
('1b0acc1b-386d-44f4-8c8b-29b2074b2899', false, 'en', 'Order of Engineers'),
('1b0acc1b-386d-44f4-8c8b-29b2074b2899', false, 'fr', 'Ordre des Ingénieurs'),
('1b0acc1b-386d-44f4-8c8b-29b2074b2899', false, 'es', 'Colegio de Ingenieros'),
('3147f5dd-2897-4a31-afe9-7960eda0d7a9', true,  'pt', 'Ordem dos Engenheiros Técnicos - Secção Regional Sul'),
('3147f5dd-2897-4a31-afe9-7960eda0d7a9', false, 'en', 'Order of Technical Engineers - South Delegation'),
('3147f5dd-2897-4a31-afe9-7960eda0d7a9', false, 'fr', 'Ordre des Ingénieurs Techniques - Délégation du Sud'),
('3147f5dd-2897-4a31-afe9-7960eda0d7a9', false, 'es', 'Colegio de Ingenieros Técnicos - Delegación del Sur'),
('4560a90a-04a6-4116-84f4-2ba9309f546a', true,  'pt', 'Ordem dos Médicos Dentistas - Delegação de Lisboa'),
('4560a90a-04a6-4116-84f4-2ba9309f546a', false, 'en', 'Portuguese Dental Association - Lisbon Delegation'),
('4560a90a-04a6-4116-84f4-2ba9309f546a', false, 'fr', 'Ordre des Dentistes - Délégation de Lisbonne'),
('4560a90a-04a6-4116-84f4-2ba9309f546a', false, 'es', 'Orden de los Médicos Dentistas - Delegación de Lisboa'),
('30336f5e-aaca-4f8a-a2fe-9ee8abf6723d', true,  'pt', 'Ordem dos Médicos Veterinários'),
('30336f5e-aaca-4f8a-a2fe-9ee8abf6723d', false, 'en', 'Order of Medical Veterinarians'),
('30336f5e-aaca-4f8a-a2fe-9ee8abf6723d', false, 'fr', 'Ordre des Vétérinaires'),
('30336f5e-aaca-4f8a-a2fe-9ee8abf6723d', false, 'es', 'Colegio de Médicos Veterinarios'),
('a23d1e05-c990-4f55-a07f-6f9178ab8fd9', true,  'pt', 'PRP - Prevenção Rodoviária Portuguesa'),
('a23d1e05-c990-4f55-a07f-6f9178ab8fd9', false, 'en', 'Portuguese Road Safety'),
('a23d1e05-c990-4f55-a07f-6f9178ab8fd9', false, 'fr', 'Prévention Routière Portugaise'),
('a23d1e05-c990-4f55-a07f-6f9178ab8fd9', false, 'es', 'Prevención Vial Portuguesa'),
('ba9a6011-6988-474a-b8d1-113a6d83f462', true,  'pt', 'Santa Casa da Misericórdia de Lisboa'),
('ba9a6011-6988-474a-b8d1-113a6d83f462', false, 'en', 'Lisbon Charity'),
('ba9a6011-6988-474a-b8d1-113a6d83f462', false, 'fr', 'Miséricorde de Lisbonne'),
('ba9a6011-6988-474a-b8d1-113a6d83f462', false, 'es', 'Santa Casa de la Misericordia de Lisboa'),
('3101c832-aec2-4f45-a489-ac82d08616f2', true,  'pt', 'Sociedade de Geografia de Lisboa'),
('3101c832-aec2-4f45-a489-ac82d08616f2', false, 'en', 'Society of Geography of Lisbon'),
('3101c832-aec2-4f45-a489-ac82d08616f2', false, 'fr', 'Société de Géographie de Lisbonne'),
('3101c832-aec2-4f45-a489-ac82d08616f2', false, 'es', 'Sociedad de Geografía de Lisboa'),
('ac9005c8-03fb-4c17-8e47-312d22ef7e3a', true,  'pt', 'SNBA - Sociedade Nacional de Belas Artes'),
('ac9005c8-03fb-4c17-8e47-312d22ef7e3a', false, 'en', 'National Society of Fine Arts'),
('ac9005c8-03fb-4c17-8e47-312d22ef7e3a', false, 'fr', 'Société Nationale des Beaux-Arts'),
('ac9005c8-03fb-4c17-8e47-312d22ef7e3a', false, 'es', 'Sociedad Nacional de Bellas Artes'),
('158ec215-209d-4913-8e27-dc3d677784d5', true,  'pt', 'Sociedade Portuguesa de Autores'),
('158ec215-209d-4913-8e27-dc3d677784d5', false, 'en', 'Portuguese Society of Authors'),
('158ec215-209d-4913-8e27-dc3d677784d5', false, 'fr', 'Société Portugaise des Auteurs'),
('158ec215-209d-4913-8e27-dc3d677784d5', false, 'es', 'Sociedad Portuguesa de Autores'),
('4d54181b-34b5-4065-954d-95898d824bd1', true,  'pt', 'Turismo de Portugal'),
('4d54181b-34b5-4065-954d-95898d824bd1', false, 'en', 'Tourism of Portugal'),
('4d54181b-34b5-4065-954d-95898d824bd1', false, 'fr', 'Tourisme du Portugal'),
('8f2a93ea-d53e-431b-90b6-ca8875b93072', true,  'pt', 'UACS - União de Associações do Comércio e Serviços'),
('8f2a93ea-d53e-431b-90b6-ca8875b93072', false, 'en', 'Trade and Services Associations Union'),
('8f2a93ea-d53e-431b-90b6-ca8875b93072', false, 'fr', 'Union des Associations du Commerce et des Services'),
('8f2a93ea-d53e-431b-90b6-ca8875b93072', false, 'es', 'Unión de Asociaciones de Comercio y Servicios'),
('16a2e570-bf43-4cf6-bb3f-54560d698c45', true,  'pt', 'UGT - União Geral de Trabalhadores - Sede'),
('16a2e570-bf43-4cf6-bb3f-54560d698c45', false, 'en', 'General Union of Workers - Headquarters'),
('16a2e570-bf43-4cf6-bb3f-54560d698c45', false, 'fr', 'Union Générale des Travailleurs - Siège'),
('16a2e570-bf43-4cf6-bb3f-54560d698c45', false, 'es', 'Unión General de Trabajadore - Sede'),
('018c49cd-04a2-4a7e-a055-32f4ae5a4ad6', true,  'pt', 'UMP - União das Misericórdias Portuguesas'),
('018c49cd-04a2-4a7e-a055-32f4ae5a4ad6', false, 'en', 'Union of Portuguese Mercies'),
('018c49cd-04a2-4a7e-a055-32f4ae5a4ad6', false, 'fr', 'Union des Miséricordes Portugaises'),
('018c49cd-04a2-4a7e-a055-32f4ae5a4ad6', false, 'es', 'Unión de las Misericordias Portuguesas'),
('aa129ade-f739-4d5c-9838-6199ad8b351c', true,  'pt', 'UZ - União Zoófila'),
('aa129ade-f739-4d5c-9838-6199ad8b351c', false, 'en', 'Zoophile Union'),
('aa129ade-f739-4d5c-9838-6199ad8b351c', false, 'fr', 'Union Zoophile'),
('aa129ade-f739-4d5c-9838-6199ad8b351c', false, 'es', 'Unión Zoofila'),
('3e281369-8ced-4606-b8ee-416c3c81f7fa', true,  'pt', 'UNICEF Portugal');

INSERT INTO poi (id, type, world_coord, web_url) VALUES
('4af611cc-448f-41a8-b29c-8be39877eb1f', 'park', '(38.729407, -9.155840)', 'http://estufafria.cm-lisboa.pt/a-estufa/a-estufa.html'),
('fe80c8e9-bb51-4e16-b04f-664e5ac9fb81', 'park', '(38.717871, -9.145201)', 'http://www.cm-lisboa.pt/equipamentos/equipamento/info/jardim-alfredo-keil-jardim-da-praca-da-alegria'),
('11044ec2-267e-4d51-8d54-bed1c48f8bfc', 'park', '(38.722125, -9.156270)', 'http://www.cm-lisboa.pt/zonas/centro/espacos-verdes/info/jardim-das-amoreiras-jardim-marcelino-de-mesquita'),
('f135d0b4-be76-47ff-933f-e5b881f9e882', 'park', '(38.730748, -9.154804)', 'http://www.cm-lisboa.pt/equipamentos/equipamento/info/jardim-amalia-rodrigues'),
('80e745cc-8e40-4054-8f7c-13e1bd28fd68', 'park', '(38.735977, -9.142265)', 'http://www.cm-lisboa.pt/zonas/centro/espacos-verdes/info/jardim-do-arco-do-cego'),
('5145cdbc-9543-4b06-baa8-17824291f50f', 'park', '(38.7496083, -9.1254317)', 'http://www.cm-lisboa.pt/equipamentos/equipamento/info/parque-da-bela-vista'),
('0e946c08-fbfe-4e3d-abc7-be4bf422aadc', 'park', '(38.7759531, -9.1667742)', 'http://www.cm-lisboa.pt/equipamentos/equipamento/info/parque-botanico-do-monteiro-mor'),
('01af6913-a946-41eb-ae3f-9ca78a334a5a', 'park', '(38.718142, -9.148739)', 'http://www.museus.ulisboa.pt/pt-pt/jardim-botanico-lisboa'),
('82a303ba-44fe-40ca-b2fb-4994af088f2a', 'park', '(38.715594, -9.125465)', 'http://www.cm-lisboa.pt/equipamentos/equipamento/info/feira-da-ladra'),
('d759e819-d273-4494-ad5d-bf7d6acb0d53', 'park', '(38.720945, -9.140252)', 'http://www.cm-lisboa.pt/zonas/centro/espacos-verdes/info/jardim-do-campo-de-santana-jardim-braamcamp-freire'),
('e211d2a9-39c2-4f5f-af42-89c60cd76ef0', 'park', '(38.758560, -9.155182)', 'http://www.jf-alvalade.pt/tema-a-tema/espaco-publico/espaco-publico-parques-e-jardins/'),
('6ea60abd-a21e-4b2d-82ec-2bbd1da01253', 'park', '(38.752034, -9.150505)', 'http://www.jf-alvalade.pt/tema-a-tema/espaco-publico/espaco-publico-parques-e-jardins/'),
('1c4a8da1-773f-4b90-b0cc-b45d27366741', 'park', '(38.717480, -9.132075)', 'http://www.cm-lisboa.pt/equipamentos/equipamento/info/jardim-da-cerca-da-graca'),
('d93e6621-3b66-4996-8ad4-e09fdc15a7bb', 'park', '(38.731027, -9.137259)', 'http://www.cm-lisboa.pt/equipamentos/equipamento/info/jardim-constantino'),
('608048dd-ebd0-4235-b125-b02d25a0333c', 'park', '(38.760331, -9.144367)', 'http://www.cm-lisboa.pt/noticias/detalhe/article/abriu-em-alvalade-o-jardim-e-parque-horticola-aquilino-ribeiro-machado'),
('63a14af9-49d9-48f0-92d6-fe35127d7a4e', 'park', '(38.7801202, -9.1605423)', 'http://www.cm-lisboa.pt/equipamentos/equipamento/info/jardim-da-quinta-de-santa-clara'),
('7231e832-0dea-48e9-90c6-cfcfd216bda4', 'park', '(38.705706, -9.143564)', 'http://www.cm-lisboa.pt/zonas/centro-historico/espacos-verdes/info/jardim-roque-gameiro'),
('b8ca3e4f-af97-424d-b8f2-62833d6f8276', 'park', '(38.707078, -9.146795)', 'http://www.cm-lisboa.pt/zonas/centro-historico/espacos-verdes/info/jardim-sa-da-bandeira'),
('b8212b0c-a1d8-4631-9421-5ac8bc23f605', 'park', '(38.738665, -9.124100)', 'http://www.cm-lisboa.pt/zonas/centro/espacos-verdes/info/jardim-tristao-da-silva'),
('a3d6375c-ea61-4680-a890-ab9a6ee1a2ca', 'park', '(38.753474, -9.176362)', 'http://www.cm-lisboa.pt/equipamentos/equipamento/info/parque-bensaude'),
('5949acca-f89c-44c6-819d-11da173add77', 'park', '(38.7283001, -9.1526829)', 'https://www.guiadacidade.pt/pt/poi-parque-eduardo-vii-16409'),
('e1e53b23-7ff7-4e64-8a97-84976c94e698', 'park', '(38.760359, -9.164870)', 'http://vivertelheiras.pt/parceiros/parque-horticola-de-telheiras/'),
('c8eea3e2-53db-4ae9-91af-d85b69a219ce', 'park', '(38.7695915, -9.1550707)', 'http://www.cm-lisboa.pt/equipamentos/equipamento/info/parque-da-quinta-das-conchas-e-dos-lilases'),
('06fbac1d-294e-48fd-a557-0fd8e4d4db07', 'park', '(38.739651, -9.179025)', 'http://www.cm-lisboa.pt/equipamentos/equipamento/info/parque-recreativo-do-calhau'),
('8e3452f1-bfc7-4a60-904c-26643f05d707', 'park', '(38.765958, -9.118742)', 'http://www.cm-lisboa.pt/equipamentos/equipamento/info/parque-do-vale-do-silencio'),
('63f6a081-4e4c-4613-b83b-ae2c84302f39', 'park', '(38.762977, -9.111809)', 'http://quintapedagogica.cm-lisboa.pt/');

INSERT INTO poi_name (id, main, lang, name) VALUES
('4af611cc-448f-41a8-b29c-8be39877eb1f', true,  'pt', 'Estufa Fria e Quente'),
('4af611cc-448f-41a8-b29c-8be39877eb1f', false, 'en', 'Cold and Warm Greenhouse'),
('4af611cc-448f-41a8-b29c-8be39877eb1f', false, 'fr', 'Serre Froid et Chaud'),
('4af611cc-448f-41a8-b29c-8be39877eb1f', false, 'es', 'Invernadero Frío y Caliente'),
('fe80c8e9-bb51-4e16-b04f-664e5ac9fb81', true,  'pt', 'Praça da Alegria - Jardim Alfredo Keil'),
('fe80c8e9-bb51-4e16-b04f-664e5ac9fb81', false, 'en', 'Alegria Square - Alfredo Keil Garden'),
('fe80c8e9-bb51-4e16-b04f-664e5ac9fb81', false, 'fr', 'Place d''Alegria - Jardin Alfredo Keil'),
('fe80c8e9-bb51-4e16-b04f-664e5ac9fb81', false, 'es', 'Plaza de la Alegria - Jardín Alfredo Keil'),
('11044ec2-267e-4d51-8d54-bed1c48f8bfc', true,  'pt', 'Jardim das Amoreiras - Jardim Marcelino Mesquita'),
('11044ec2-267e-4d51-8d54-bed1c48f8bfc', false, 'en', 'Amoreiras Garden'),
('11044ec2-267e-4d51-8d54-bed1c48f8bfc', false, 'fr', 'Jardin d''Amoreiras'),
('11044ec2-267e-4d51-8d54-bed1c48f8bfc', false, 'es', 'Jardín de las Amoreiras'),
('f135d0b4-be76-47ff-933f-e5b881f9e882', true,  'pt', 'Jardim Amália Rodrigues'),
('f135d0b4-be76-47ff-933f-e5b881f9e882', false, 'en', 'Amália Rodrigues Garden'),
('f135d0b4-be76-47ff-933f-e5b881f9e882', false, 'fr', 'Jardin Amália Rodrigues'),
('f135d0b4-be76-47ff-933f-e5b881f9e882', false, 'es', 'Jardín Amália Rodrigues'),
('80e745cc-8e40-4054-8f7c-13e1bd28fd68', true,  'pt', 'Jardim do Arco do Cego'),
('80e745cc-8e40-4054-8f7c-13e1bd28fd68', false, 'en', 'Arco do Cego Garden'),
('80e745cc-8e40-4054-8f7c-13e1bd28fd68', false, 'fr', 'Jardin d''Arco do Cego'),
('80e745cc-8e40-4054-8f7c-13e1bd28fd68', false, 'es', 'Jardín del Arco do Cego'),
('5145cdbc-9543-4b06-baa8-17824291f50f', true,  'pt', 'Parque da Bela Vista'),
('5145cdbc-9543-4b06-baa8-17824291f50f', false, 'en', 'Bela Vista Park'),
('5145cdbc-9543-4b06-baa8-17824291f50f', false, 'fr', 'Parc de Bela Vista'),
('5145cdbc-9543-4b06-baa8-17824291f50f', false, 'es', 'Parque de la Bela Vista'),
('0e946c08-fbfe-4e3d-abc7-be4bf422aadc', true,  'pt', 'Parque Botânico do Monteiro-Mor'),
('0e946c08-fbfe-4e3d-abc7-be4bf422aadc', false, 'en', 'Monteiro-Mor Botanic Park'),
('0e946c08-fbfe-4e3d-abc7-be4bf422aadc', false, 'fr', 'Jardin Botanique du Monteiro-Mor'),
('0e946c08-fbfe-4e3d-abc7-be4bf422aadc', false, 'es', 'Parque Botánico del Monteiro-Mor'),
('01af6913-a946-41eb-ae3f-9ca78a334a5a', true,  'pt', 'Jardim Botânico da Universidade de Lisboa'),
('01af6913-a946-41eb-ae3f-9ca78a334a5a', false, 'en', 'Botanical Garden of the University of Lisbon'),
('01af6913-a946-41eb-ae3f-9ca78a334a5a', false, 'fr', 'Jardin Botanique de l''Université de Lisbonne'),
('01af6913-a946-41eb-ae3f-9ca78a334a5a', false, 'es', 'Jardín Botánico de la Universidad de Lisboa'),
('82a303ba-44fe-40ca-b2fb-4994af088f2a', true,  'pt', 'Jardim Botto Machado - Feira da Ladra'),
('82a303ba-44fe-40ca-b2fb-4994af088f2a', false, 'en', 'Botto Machado Garden'),
('82a303ba-44fe-40ca-b2fb-4994af088f2a', false, 'fr', 'Jardin Botto Machado'),
('82a303ba-44fe-40ca-b2fb-4994af088f2a', false, 'es', 'Jardín Botto Machado'),
('d759e819-d273-4494-ad5d-bf7d6acb0d53', true,  'pt', 'Jardim Braamcamp Freire - Campo dos Mártires da Pátria'),
('d759e819-d273-4494-ad5d-bf7d6acb0d53', false, 'en', 'Braamcamp Freire Garden'),
('d759e819-d273-4494-ad5d-bf7d6acb0d53', false, 'fr', 'Jardin Braamcamp Freire'),
('d759e819-d273-4494-ad5d-bf7d6acb0d53', false, 'es', 'Jardín Braamcamp Freire'),
('e211d2a9-39c2-4f5f-af42-89c60cd76ef0', true,  'pt', 'Jardim do Campo Grande Norte'),
('e211d2a9-39c2-4f5f-af42-89c60cd76ef0', false, 'en', 'Campo Grande North Garden'),
('e211d2a9-39c2-4f5f-af42-89c60cd76ef0', false, 'fr', 'Jardin du Campo Grande Norte'),
('e211d2a9-39c2-4f5f-af42-89c60cd76ef0', false, 'es', 'Jardín del Campo Grande Norte'),
('6ea60abd-a21e-4b2d-82ec-2bbd1da01253', true,  'pt', 'Jardim do Campo Grande Sul'),
('6ea60abd-a21e-4b2d-82ec-2bbd1da01253', false, 'en', 'Campo Grande South Garden'),
('6ea60abd-a21e-4b2d-82ec-2bbd1da01253', false, 'fr', 'Jardin du Campo Grande Sud'),
('6ea60abd-a21e-4b2d-82ec-2bbd1da01253', false, 'es', 'Jardín del Campo Grande Sud'),
('1c4a8da1-773f-4b90-b0cc-b45d27366741', true,  'pt', 'Jardim da Cerca da Graça'),
('1c4a8da1-773f-4b90-b0cc-b45d27366741', false, 'en', 'Cerca da Graça Garden'),
('1c4a8da1-773f-4b90-b0cc-b45d27366741', false, 'fr', 'Jardin de Cerca da Graça'),
('1c4a8da1-773f-4b90-b0cc-b45d27366741', false, 'es', 'Jardín de la Cerca da Graça'),
('d93e6621-3b66-4996-8ad4-e09fdc15a7bb', true,  'pt', 'Jardim Constantino'),
('d93e6621-3b66-4996-8ad4-e09fdc15a7bb', false, 'en', 'Constantine Garden'),
('d93e6621-3b66-4996-8ad4-e09fdc15a7bb', false, 'fr', 'Jardin Constantino'),
('d93e6621-3b66-4996-8ad4-e09fdc15a7bb', false, 'es', 'Jardín Constantino'),
('608048dd-ebd0-4235-b125-b02d25a0333c', true,  'pt', 'Jardim e Parque Hortícola Aquilino Ribeiro Machado'),
('608048dd-ebd0-4235-b125-b02d25a0333c', false, 'en', 'Aquilino Ribeiro Machado Park'),
('608048dd-ebd0-4235-b125-b02d25a0333c', false, 'fr', 'Parc Aquilino Ribeiro Machado'),
('608048dd-ebd0-4235-b125-b02d25a0333c', false, 'es', 'Jardín Aquilino Ribeiro Machado'),
('63a14af9-49d9-48f0-92d6-fe35127d7a4e', true,  'pt', 'Jardim da Quinta de Santa Clara'),
('63a14af9-49d9-48f0-92d6-fe35127d7a4e', false, 'en', 'Quinta de Santa Clara Park'),
('63a14af9-49d9-48f0-92d6-fe35127d7a4e', false, 'fr', 'Parq de Quinta de Santa Clara'),
('63a14af9-49d9-48f0-92d6-fe35127d7a4e', false, 'es', 'Jardín de la Quinta de Santa Clara'),
('7231e832-0dea-48e9-90c6-cfcfd216bda4', true,  'pt', 'Jardim Roque Gameiro'),
('7231e832-0dea-48e9-90c6-cfcfd216bda4', false, 'en', 'Roque Gameiro Garden'),
('7231e832-0dea-48e9-90c6-cfcfd216bda4', false, 'fr', 'Jardin Roque Gameiro'),
('7231e832-0dea-48e9-90c6-cfcfd216bda4', false, 'es', 'Jardín Roque Gameiro'),
('b8ca3e4f-af97-424d-b8f2-62833d6f8276', true,  'pt', 'Jardim Sá da Bandeira'),
('b8ca3e4f-af97-424d-b8f2-62833d6f8276', false, 'en', 'Sá da Bandeira Garden'),
('b8ca3e4f-af97-424d-b8f2-62833d6f8276', false, 'fr', 'Jardin Sá da Bandeira'),
('b8ca3e4f-af97-424d-b8f2-62833d6f8276', false, 'es', 'Jardín Sá da Bandeira'),
('b8212b0c-a1d8-4631-9421-5ac8bc23f605', true,  'pt', 'Jardim Tristão da Silva'),
('b8212b0c-a1d8-4631-9421-5ac8bc23f605', false, 'en', 'Tristão da Silva Garden'),
('b8212b0c-a1d8-4631-9421-5ac8bc23f605', false, 'fr', 'Jardin Tristão da Silva'),
('b8212b0c-a1d8-4631-9421-5ac8bc23f605', false, 'es', 'Jardín Tristão da Silva'),
('a3d6375c-ea61-4680-a890-ab9a6ee1a2ca', true,  'pt', 'Parque Bensaúde'),
('a3d6375c-ea61-4680-a890-ab9a6ee1a2ca', false, 'en', 'Bensaúde Park'),
('a3d6375c-ea61-4680-a890-ab9a6ee1a2ca', false, 'fr', 'Parc Bensaúde'),
('5949acca-f89c-44c6-819d-11da173add77', true,  'pt', 'Parque Eduardo VII'),
('5949acca-f89c-44c6-819d-11da173add77', false, 'en', 'Eduardo VII Park'),
('5949acca-f89c-44c6-819d-11da173add77', false, 'fr', 'Parc Eduardo VII'),
('e1e53b23-7ff7-4e64-8a97-84976c94e698', true,  'pt', 'Parque Hortícola de Telheiras'),
('e1e53b23-7ff7-4e64-8a97-84976c94e698', false, 'en', 'Telheiras Horticultural Park'),
('e1e53b23-7ff7-4e64-8a97-84976c94e698', false, 'fr', 'Parc de l''Horticulture de Telheiras'),
('c8eea3e2-53db-4ae9-91af-d85b69a219ce', true,  'pt', 'Parque da Quinta das Conchas e dos Lilases'),
('c8eea3e2-53db-4ae9-91af-d85b69a219ce', false, 'en', 'Quinta das Conchas and Lilases Park'),
('c8eea3e2-53db-4ae9-91af-d85b69a219ce', false, 'fr', 'Parc de Quinta das Conchas et dos Lilases'),
('c8eea3e2-53db-4ae9-91af-d85b69a219ce', false, 'es', 'Parque da la Quinta das Conchas y de los Lilases'),
('06fbac1d-294e-48fd-a557-0fd8e4d4db07', true,  'pt', 'Parque Urbano do Calhau'),
('06fbac1d-294e-48fd-a557-0fd8e4d4db07', false, 'en', 'Calhau Urban Park'),
('06fbac1d-294e-48fd-a557-0fd8e4d4db07', false, 'fr', 'Parc Urbain du Calhau'),
('06fbac1d-294e-48fd-a557-0fd8e4d4db07', false, 'es', 'Parque Urbano del Calhau'),
('8e3452f1-bfc7-4a60-904c-26643f05d707', true,  'pt', 'Parque do Vale do Silêncio'),
('8e3452f1-bfc7-4a60-904c-26643f05d707', false, 'en', 'Vale do Silêncio Park'),
('8e3452f1-bfc7-4a60-904c-26643f05d707', false, 'fr', 'Parc Vale do Silêncio'),
('8e3452f1-bfc7-4a60-904c-26643f05d707', false, 'es', 'Parque del Vale do Silêncio'),
('63f6a081-4e4c-4613-b83b-ae2c84302f39', true,  'pt', 'Quinta Pedagógica dos Olivais'),
('63f6a081-4e4c-4613-b83b-ae2c84302f39', false, 'en', 'Olivais Pedagogical Farm'),
('63f6a081-4e4c-4613-b83b-ae2c84302f39', false, 'fr', 'Ferme Pédagogique d''Olivais'),
('63f6a081-4e4c-4613-b83b-ae2c84302f39', false, 'es', 'Granja Pedagógica de Olivais');

INSERT INTO poi (id, type, world_coord, web_url) VALUES
('7a829523-efaf-439d-89ea-69a3e03fc644', 'police', '(38.729075, -9.142773)', 'https://www.policiajudiciaria.pt/'),
('740c01f1-3570-4bec-b8c9-45734e1d9ebe', 'police', '(38.730086, -9.131326)', 'http://www.psp.pt/'),
('c9bbe8f2-c2ac-4ad4-a801-60117f8fefa2', 'police', '(38.715808, -9.142347)', 'http://www.psp.pt/Pages/pesquisa_detalhe.aspx?menu=2&submenu=1&unidade=697'),
('26577bb3-1bdb-463d-b48f-1cd6fdca47c6', 'police', '(38.712844, -9.124947)', 'http://www.psp.pt/Pages/pesquisa_detalhe.aspx?menu=2&submenu=1&unidade=656'),
('d5f92755-49df-435a-bc3a-89597c96574a', 'police', '(38.767013, -9.149888)', 'http://www.psp.pt/Pages/pesquisa_detalhe.aspx?menu=2&submenu=1&unidade=650'),
('d07ff729-6da9-4d1e-ae95-a5f10c3a8b76', 'police', '(38.724672, -9.149943)', 'http://www.psp.pt/Pages/pesquisa_detalhe.aspx?menu=2&submenu=1&unidade=695'),
('dcc54fea-8a0f-423c-b597-83c3a663853e', 'police', '(38.767989, -9.099794)', 'http://www.psp.pt/Pages/pesquisa_detalhe.aspx?menu=2&submenu=1&unidade=694'),
('b03c982b-6f0f-4e7e-bd6e-f3f6671c05b1', 'police', '(38.709366, -9.136137)', 'http://www.psp.pt/Pages/pesquisa_detalhe.aspx?menu=2&submenu=1&unidade=610'),
('b6baae39-8dd5-4d9f-a214-20b9c9495ccb', 'police', '(38.717872, -9.136037)', 'http://www.psp.pt/Pages/pesquisa_detalhe.aspx?menu=2&submenu=1&unidade=614'),
('1d3fac5d-72d7-4e90-8631-ece1b92cbb0e', 'police', '(38.731332, -9.137799)', 'http://www.psp.pt/Pages/pesquisa_detalhe.aspx?menu=2&submenu=1&unidade=654'),
('0651348e-6271-4ed6-9055-e2d1eba48912', 'police', '(38.739306, -9.126017)', 'http://www.psp.pt/Pages/pesquisa_detalhe.aspx?menu=2&submenu=1&unidade=655'),
('105cd41b-269b-47cf-8717-a1c199d17e3d', 'police', '(38.753311, -9.114356)', 'http://www.psp.pt/Pages/pesquisa_detalhe.aspx?menu=2&submenu=1&unidade=621'),
('75301a2f-b359-49bc-80a8-05e02d9880a0', 'police', '(38.747218, -9.112411)', 'http://www.psp.pt/Pages/pesquisa_detalhe.aspx?menu=2&submenu=1&unidade=623'),
('de508b4f-0d40-42f9-9da9-696ff3535dc3', 'police', '(38.749604, -9.146828)', 'http://www.psp.pt/Pages/pesquisa_detalhe.aspx?menu=2&submenu=1&unidade=627'),
('3336a090-f4a8-4f9d-8930-6ff96faab9c5', 'police', '(38.762651, -9.164929)', 'http://www.psp.pt/Pages/pesquisa_detalhe.aspx?menu=2&submenu=1&unidade=628'),
('f9ed6268-e89f-4fa5-a97d-f11609f5b855', 'police', '(38.732976, -9.159002)', 'http://www.psp.pt/Pages/pesquisa_detalhe.aspx?menu=2&submenu=1&unidade=630'),
('393d8cc6-bd7f-4f58-8a90-e6f150272c7f', 'police', '(38.720426, -9.155740)', 'http://www.psp.pt/Pages/pesquisa_detalhe.aspx?menu=2&submenu=1&unidade=616'),
('55fe5d78-fe2f-4941-8927-9616722410a1', 'police', '(38.764065, -9.120149)', 'http://www.psp.pt/Pages/pesquisa_detalhe.aspx?unidade=622'),
('fbf9799c-0050-4e3f-bdc3-9210700d88bf', 'police', '(38.7592171, -9.192328)', 'http://www.psp.pt/Pages/pesquisa_detalhe.aspx?menu=2&submenu=1&unidade=634'),
('b57a4b88-62af-43b0-9c93-067e50b6246f', 'police', '(38.752611, -9.230549)', 'http://www.psp.pt/Pages/pesquisa_detalhe.aspx?menu=2&submenu=1&unidade=659'),
('97d44ed8-7ebc-482c-90b1-1df380cb8a7b', 'police', '(38.7605657, -9.205279)', 'http://www.psp.pt/Pages/pesquisa_detalhe.aspx?menu=2&submenu=1&unidade=663'),
('bfde7c84-e274-4605-8c86-70d5b58e9a0a', 'police', '(38.789464, -9.178607)', 'http://www.psp.pt/Pages/pesquisa_detalhe.aspx?menu=2&submenu=1&unidade=684'),
('39cd6854-56c1-4b27-81f3-34fb061fcfd9', 'police', '(38.767096, -9.198279)', 'http://www.psp.pt/Pages/pesquisa_detalhe.aspx?menu=2&submenu=1&unidade=685'),
('1163a617-b2f1-41a2-913b-7afa99c7dd41', 'police', '(38.735956, -9.162839)', 'http://www.cm-lisboa.pt/viver/seguranca/policia-municipal'),
('0729603f-81f1-4adf-a154-c48d79733225', 'police', '(38.712239, -9.140796)', 'http://www.arquivomuseugnr.pt/entrada.aspx?Pagina=Quartel%20do%20Carmo&IDP=59'):

INSERT INTO poi_name (id, main, lang, name) VALUES
('7a829523-efaf-439d-89ea-69a3e03fc644', true,  'pt', 'Direção Nacional da Polícia Judiciária'),
('7a829523-efaf-439d-89ea-69a3e03fc644', false, 'en', 'National Directorate of the Criminal Police'),
('7a829523-efaf-439d-89ea-69a3e03fc644', false, 'fr', 'Direction Nationale de la Police judiciaire'),
('7a829523-efaf-439d-89ea-69a3e03fc644', false, 'es', 'Dirección Nacional de la Policía Judicial'),
('740c01f1-3570-4bec-b8c9-45734e1d9ebe', true,  'pt', 'Direção Nacional da Polícia de Segurança Pública'),
('740c01f1-3570-4bec-b8c9-45734e1d9ebe', false, 'en', 'National Directorate of the National Police'),
('740c01f1-3570-4bec-b8c9-45734e1d9ebe', false, 'fr', 'Direction Nationale de la Police Nationale'),
('740c01f1-3570-4bec-b8c9-45734e1d9ebe', false, 'es', 'Dirección Nacional de la Policía Nacional'),
('c9bbe8f2-c2ac-4ad4-a801-60117f8fefa2', true,  'pt', 'Esquadra de Turismo dos Restauradores'),
('c9bbe8f2-c2ac-4ad4-a801-60117f8fefa2', false, 'en', 'Restauradores Turism Police Station'),
('c9bbe8f2-c2ac-4ad4-a801-60117f8fefa2', false, 'fr', 'Commissariat de Police du Tourisme des Restauradores'),
('c9bbe8f2-c2ac-4ad4-a801-60117f8fefa2', false, 'es', 'Estación de Policía de Turismo de los Restauradores'),
('26577bb3-1bdb-463d-b48f-1cd6fdca47c6', true,  'pt', 'Esquadra de Turismo de Santa Apolónia'),
('26577bb3-1bdb-463d-b48f-1cd6fdca47c6', false, 'en', 'Santa Apolónia Turism Police Station'),
('26577bb3-1bdb-463d-b48f-1cd6fdca47c6', false, 'fr', 'Commissariat de Police du Tourisme de Santa Apolónia'),
('26577bb3-1bdb-463d-b48f-1cd6fdca47c6', false, 'es', 'Estación de Policía de Turismo de Santa Apolónia'),
('d5f92755-49df-435a-bc3a-89597c96574a', true,  'pt', 'Esquadra da Alta de Lisboa - 1ª Esquadra de Trânsito'),
('d5f92755-49df-435a-bc3a-89597c96574a', false, 'en', 'Alta de Lisboa Police Station - 1st Traffic Police Station'),
('d5f92755-49df-435a-bc3a-89597c96574a', false, 'fr', 'Commissariat de Police de la Alta de Lisboa - 1ème Commissariat de Police de Circulation'),
('d5f92755-49df-435a-bc3a-89597c96574a', false, 'es', 'Estación de Policía de la Alta de Lisboa - 1ª Estación de Policía de Tráfico'),
('d07ff729-6da9-4d1e-ae95-a5f10c3a8b76', true,  'pt', 'Esquadra do Metro (Estação Marquês de Pombal) - 1ª Esquadra de Segurança a Transportes Públicos'),
('d07ff729-6da9-4d1e-ae95-a5f10c3a8b76', false, 'en', 'Metro Police Station (Marquês de Pombal Station) - 1st Public Transport Security Police Station'),
('d07ff729-6da9-4d1e-ae95-a5f10c3a8b76', false, 'fr', 'Commissariat de Police del Metro (Station Marquês de Pombal) - 1ème Commissariat de Police de Sécurité dans les Transports Publics'),
('d07ff729-6da9-4d1e-ae95-a5f10c3a8b76', false, 'es', 'Estación de Policía del Metro (Estación Marquês de Pombal) - 1ª Estación de Policía de Seguridad al Transporte Público'),
('dcc54fea-8a0f-423c-b597-83c3a663853e', true,  'pt', 'Esquadra da Gare do Oriente - 4ª Esquadra de Segurança a Transportes Públicos'),
('dcc54fea-8a0f-423c-b597-83c3a663853e', false, 'en', 'Gare do Oriente Police Station - 4th Public Transport Security Police Station'),
('dcc54fea-8a0f-423c-b597-83c3a663853e', false, 'fr', 'Commissariat de Police de la Gare do Oriente - 4ème Commissariat de Police de Sécurité dans les Transports Publics'),
('dcc54fea-8a0f-423c-b597-83c3a663853e', false, 'es', 'Estación de Policía de la Gare do Oriente - 4ª Estación de Policía de Seguridad al Transporte Público'),
('b03c982b-6f0f-4e7e-bd6e-f3f6671c05b1', true,  'pt', 'Esquadra da Baixa Pombalina - 2ª Esquadra de Lisboa'),
('b03c982b-6f0f-4e7e-bd6e-f3f6671c05b1', false, 'en', 'Pombaline Lower Town Police Station - 2nd Lisbon Police Station'),
('b03c982b-6f0f-4e7e-bd6e-f3f6671c05b1', false, 'fr', 'Commissariat de Police de la Baixa Pombalina - 2ème Commissariat de Police de Lisbonne'),
('b03c982b-6f0f-4e7e-bd6e-f3f6671c05b1', false, 'es', 'Estación de Policía de la Baja Pombalina - 2ª Estación de Policía de Lisboa'),
('b6baae39-8dd5-4d9f-a214-20b9c9495ccb', true,  'pt', 'Esquadra do Martim Moniz - 4ª Esquadra de Lisboa'),
('b6baae39-8dd5-4d9f-a214-20b9c9495ccb', false, 'en', 'Martim Moniz Police Station - 4th Lisbon Police Station'),
('b6baae39-8dd5-4d9f-a214-20b9c9495ccb', false, 'fr', 'Commissariat de Police du Martim Moniz - 4ème Commissariat de Police de Lisbonne'),
('b6baae39-8dd5-4d9f-a214-20b9c9495ccb', false, 'es', 'Estación de Policía del Martim Moniz - 4ª Estación de Policía de Lisboa'),
('1d3fac5d-72d7-4e90-8631-ece1b92cbb0e', true,  'pt', 'Esquadra de Arroios - 10ª Esquadra de Lisboa'),
('1d3fac5d-72d7-4e90-8631-ece1b92cbb0e', false, 'en', 'Arroios Police Station - 10th Lisbon Police Station'),
('1d3fac5d-72d7-4e90-8631-ece1b92cbb0e', false, 'fr', 'Commissariat de Police de Arroios - 10ème Commissariat de Police de Lisbonne'),
('1d3fac5d-72d7-4e90-8631-ece1b92cbb0e', false, 'es', 'Estación de Policía de Arroios - 10ª Estación de Policía de Lisboa'),
('0651348e-6271-4ed6-9055-e2d1eba48912', true,  'pt', 'Esquadra das Olaias - 12ª Esquadra de Lisboa'),
('0651348e-6271-4ed6-9055-e2d1eba48912', false, 'en', 'Olaias Police Station - 12th Lisbon Police Station'),
('0651348e-6271-4ed6-9055-e2d1eba48912', false, 'fr', 'Commissariat de Police d''Olaias - 12ème Commissariat de Police de Lisbonne'),
('0651348e-6271-4ed6-9055-e2d1eba48912', false, 'es', 'Estación de Policía de Olaias - 12ª Estación de Policía de Lisboa'),
('105cd41b-269b-47cf-8717-a1c199d17e3d', true,  'pt', 'Esquadra de Chelas (Zona I) - 14ª Esquadra de Lisboa'),
('105cd41b-269b-47cf-8717-a1c199d17e3d', false, 'en', 'Chelas Police Station (Zone I) - 14th Lisbon Police Station'),
('105cd41b-269b-47cf-8717-a1c199d17e3d', false, 'fr', 'Commissariat de Police de Chelas (Zone I) - 14ème Commissariat de Police de Lisbonne'),
('105cd41b-269b-47cf-8717-a1c199d17e3d', false, 'es', 'Estación de Policía de Chelas (Zona I) - 14ª Estación de Policía de Lisboa'),
('75301a2f-b359-49bc-80a8-05e02d9880a0', true,  'pt', 'Esquadra de Chelas (Zona J) - 16ª Esquadra de Lisboa'),
('75301a2f-b359-49bc-80a8-05e02d9880a0', false, 'en', 'Chelas Police Station (Zone J) - 16th Lisbon Police Station'),
('75301a2f-b359-49bc-80a8-05e02d9880a0', false, 'fr', 'Commissariat de Police de Chelas (Zone J) - 16ème Commissariat de Police de Lisbonne'),
('75301a2f-b359-49bc-80a8-05e02d9880a0', false, 'es', 'Estación de Policía de Chelas (Zona J) - 16ª Estación de Policía de Lisboa'),
('de508b4f-0d40-42f9-9da9-696ff3535dc3', true,  'pt', 'Esquadra do Campo Grande - 18ª Esquadra de Lisboa'),
('de508b4f-0d40-42f9-9da9-696ff3535dc3', false, 'en', 'Campo Grande Police Station - 18th Lisbon Police Station'),
('de508b4f-0d40-42f9-9da9-696ff3535dc3', false, 'fr', 'Commissariat de Police du Campo Grande - 18ème Commissariat de Police de Lisbonne'),
('de508b4f-0d40-42f9-9da9-696ff3535dc3', false, 'es', 'Estación de Policía del Campo Grande - 18ª Estación de Policía de Lisboa'),
('3336a090-f4a8-4f9d-8930-6ff96faab9c5', true,  'pt', 'Esquadra de Telheiras - 19ª Esquadra de Lisboa'),
('3336a090-f4a8-4f9d-8930-6ff96faab9c5', false, 'en', 'Telheiras Police Station - 19th Lisbon Police Station'),
('3336a090-f4a8-4f9d-8930-6ff96faab9c5', false, 'fr', 'Commissariat de Police de Telheiras - 19ème Commissariat de Police de Lisbonne'),
('3336a090-f4a8-4f9d-8930-6ff96faab9c5', false, 'es', 'Estación de Policía de Telheiras - 19ª Estación de Policía de Lisboa'),
('f9ed6268-e89f-4fa5-a97d-f11609f5b855', true,  'pt', 'Esquadra de Campolide - 21ª Esquadra de Lisboa'),
('f9ed6268-e89f-4fa5-a97d-f11609f5b855', false, 'en', 'Campolide Police Station - 21st Lisbon Police Station'),
('f9ed6268-e89f-4fa5-a97d-f11609f5b855', false, 'fr', 'Commissariat de Police de Campolide - 21ème Commissariat de Police de Lisbonne'),
('f9ed6268-e89f-4fa5-a97d-f11609f5b855', false, 'es', 'Estación de Policía de Campolide - 21ª Estación de Policía de Lisboa'),
('393d8cc6-bd7f-4f58-8a90-e6f150272c7f', true,  'pt', 'Esquadra do Rato - 22ª Esquadra de Lisboa'),
('393d8cc6-bd7f-4f58-8a90-e6f150272c7f', false, 'en', 'Rato Police Station - 22nd Lisbon Police Station'),
('393d8cc6-bd7f-4f58-8a90-e6f150272c7f', false, 'fr', 'Commissariat de Police du Rato - 22ème Commissariat de Police de Lisbonne'),
('393d8cc6-bd7f-4f58-8a90-e6f150272c7f', false, 'es', 'Estación de Policía del Rato - 22ª Estación de Policía de Lisboa'),
('55fe5d78-fe2f-4941-8927-9616722410a1', true,  'pt', 'Esquadra dos Olivais - 34ª Esquadra de Lisboa'),
('55fe5d78-fe2f-4941-8927-9616722410a1', false, 'en', 'Olivais Police Station - 34th Lisbon Police Station'),
('55fe5d78-fe2f-4941-8927-9616722410a1', false, 'fr', 'Commissariat de Police d''Olivais - 34ème Commissariat de Police de Lisbonne'),
('55fe5d78-fe2f-4941-8927-9616722410a1', false, 'es', 'Estación de Policía de los Olivais - 34ª Estación de Policía de Lisboa'),
('fbf9799c-0050-4e3f-bdc3-9210700d88bf', true,  'pt', 'Esquadra de Carnide - 42ª Esquadra de Lisboa'),
('fbf9799c-0050-4e3f-bdc3-9210700d88bf', false, 'en', 'Carnide Police Station - 42nd Lisbon Police Station'),
('fbf9799c-0050-4e3f-bdc3-9210700d88bf', false, 'fr', 'Commissariat de Police de Carnide - 42ème Commissariat de Police de Lisbonne'),
('fbf9799c-0050-4e3f-bdc3-9210700d88bf', false, 'es', 'Estación de Policía de Carnide - 42ª Estación de Policía de Lisboa'),
('b57a4b88-62af-43b0-9c93-067e50b6246f', true,  'pt', 'Esquadra da Reboleira - 61ª Esquadra de Lisboa'),
('b57a4b88-62af-43b0-9c93-067e50b6246f', false, 'en', 'Reboleira Police Station - 61st Lisbon Police Station'),
('b57a4b88-62af-43b0-9c93-067e50b6246f', false, 'fr', 'Commissariat de Police de Reboleira - 61ème Commissariat de Police de Lisbonne'),
('b57a4b88-62af-43b0-9c93-067e50b6246f', false, 'es', 'Estación de Policía de la Reboleira - 61ª Estación de Policía de Lisboa'),
('97d44ed8-7ebc-482c-90b1-1df380cb8a7b', true,  'pt', 'Esquadra de Alfornelos - 65ª Esquadra de Lisboa'),
('97d44ed8-7ebc-482c-90b1-1df380cb8a7b', false, 'en', 'Alfornelos Police Station - 65th Lisbon Police Station'),
('97d44ed8-7ebc-482c-90b1-1df380cb8a7b', false, 'fr', 'Commissariat de Police d''Alfornelos - 65ème Commissariat de Police de Lisbonne'),
('97d44ed8-7ebc-482c-90b1-1df380cb8a7b', false, 'es', 'Estación de Policía de Alfornelos - 65ª Estación de Policía de Lisboa'),
('bfde7c84-e274-4605-8c86-70d5b58e9a0a', true,  'pt', 'Esquadra de Odivelas - 71ª Esquadra de Lisboa'),
('bfde7c84-e274-4605-8c86-70d5b58e9a0a', false, 'en', 'Odivelas Police Station - 71st Lisbon Police Station'),
('bfde7c84-e274-4605-8c86-70d5b58e9a0a', false, 'fr', 'Commissariat de Police d''Odivelas - 71ème Commissariat de Police de Lisbonne'),
('bfde7c84-e274-4605-8c86-70d5b58e9a0a', false, 'es', 'Estación de Policía de Odivelas - 71ª Estación de Policía de Lisboa'),
('39cd6854-56c1-4b27-81f3-34fb061fcfd9', true,  'pt', 'Esquadra da Pontinha - 73ª Esquadra de Lisboa'),
('39cd6854-56c1-4b27-81f3-34fb061fcfd9', false, 'en', 'Pontinha Police Station - 73rd Lisbon Police Station'),
('39cd6854-56c1-4b27-81f3-34fb061fcfd9', false, 'fr', 'Commissariat de Police de Pontinha - 73ème Commissariat de Police de Lisbonne'),
('39cd6854-56c1-4b27-81f3-34fb061fcfd9', false, 'es', 'Estación de Policía de la Pontinha - 73ª Estación de Policía de Lisboa'),
('1163a617-b2f1-41a2-913b-7afa99c7dd41', true,  'pt', 'Polícia Municipal de Lisboa'),
('1163a617-b2f1-41a2-913b-7afa99c7dd41', false, 'en', 'Lisbon Municipal Police'),
('1163a617-b2f1-41a2-913b-7afa99c7dd41', false, 'fr', 'Police Municipale de Lisbonne'),
('1163a617-b2f1-41a2-913b-7afa99c7dd41', false, 'es', 'Policía Municipal de Lisboa'),
('0729603f-81f1-4adf-a154-c48d79733225', true,  'pt', 'Quartel do Carmo - Comando-Geral da GNR'),
('0729603f-81f1-4adf-a154-c48d79733225', false, 'en', 'Carmo Barracks - Gendarmerie General Command'),
('0729603f-81f1-4adf-a154-c48d79733225', false, 'fr', 'Caserne du Carmo - Direction de la Gendarmerie'),
('0729603f-81f1-4adf-a154-c48d79733225', false, 'es', 'Cuartel del Carmo - Comandancia General de la Guardia');

INSERT INTO poi (id, type, world_coord, web_url) VALUES
('a3b3b011-070b-4ff2-a281-7db7c73f41c1', 'post-office', '(38.753976, -9.140759)', 'https://www.ctt.pt/'),
('20ad804e-e1ed-43c8-a094-5d280d226532', 'post-office', '(38.744028, -9.147735)', 'https://www.ctt.pt/'),
('5b5e24f5-f8dc-4368-a198-1e1ce479e50e', 'post-office', '(38.7325798, -9.1307467)', 'https://www.ctt.pt/'),
('c31daf39-d97f-4a13-9231-2a02720efabd', 'post-office', '(38.761154, -9.167971)', 'https://www.ctt.pt/');

INSERT INTO poi_name (id, main, lang, name) VALUES
('a3b3b011-070b-4ff2-a281-7db7c73f41c1', true,  'pt', 'Posto de Correios - Alvalade (CTT)'),
('a3b3b011-070b-4ff2-a281-7db7c73f41c1', false, 'en', 'Alvalade Post Office'),
('a3b3b011-070b-4ff2-a281-7db7c73f41c1', false, 'fr', 'Bureau de Poste - Alvalade'),
('a3b3b011-070b-4ff2-a281-7db7c73f41c1', false, 'es', 'Oficina de Correos - Alvalade'),
('20ad804e-e1ed-43c8-a094-5d280d226532', true,  'pt', 'Posto de Correios - Entrecampos (CTT)'),
('20ad804e-e1ed-43c8-a094-5d280d226532', false, 'en', 'Entrecampos Post Office'),
('20ad804e-e1ed-43c8-a094-5d280d226532', false, 'fr', 'Bureau de Poste - Entrecampos'),
('20ad804e-e1ed-43c8-a094-5d280d226532', false, 'es', 'Oficina de Correos - Entrecampos'),
('5b5e24f5-f8dc-4368-a198-1e1ce479e50e', true,  'pt', 'Posto de Correios - Morais Soares (CTT)'),
('5b5e24f5-f8dc-4368-a198-1e1ce479e50e', false, 'en', 'Morais Soares Post Office'),
('5b5e24f5-f8dc-4368-a198-1e1ce479e50e', false, 'fr', 'Bureau de Poste - Morais Soares'),
('5b5e24f5-f8dc-4368-a198-1e1ce479e50e', false, 'es', 'Oficina de Correos - Morais Soares'),
('c31daf39-d97f-4a13-9231-2a02720efabd', true,  'pt', 'Posto de Correios - Telheiras (CTT)'),
('c31daf39-d97f-4a13-9231-2a02720efabd', false, 'en', 'Telheiras Post Office'),
('c31daf39-d97f-4a13-9231-2a02720efabd', false, 'fr', 'Bureau de Poste - Telheiras'),
('c31daf39-d97f-4a13-9231-2a02720efabd', false, 'es', 'Oficina de Correos - Telheiras');

INSERT INTO poi (id, type, world_coord, web_url) VALUES
('acb1db26-7f69-493e-be40-0b7191d1b6a3', 'prison', '(38.730177, -9.158120)', 'http://www.portaaberta.dgsp.mj.pt/institucional/contactos');

INSERT INTO poi_name (id, main, lang, name) VALUES
('acb1db26-7f69-493e-be40-0b7191d1b6a3', true,  'pt', 'Estabelecimento Prisional de Lisboa'),
('acb1db26-7f69-493e-be40-0b7191d1b6a3', false, 'en', 'Lisbon''s Prisoner Establishment'),
('acb1db26-7f69-493e-be40-0b7191d1b6a3', false, 'fr', 'Établissement Pénitentiaire de Lisbonne'),
('acb1db26-7f69-493e-be40-0b7191d1b6a3', false, 'es', 'Centro Penitenciario de Lisboa');

INSERT INTO poi (id, type, world_coord, web_url) VALUES
('db5fb527-221c-4740-adff-04fd44b976b7', 'public-space', '(38.756830, -9.154117)', 'https://www.ulisboa.pt/info/caleidoscopio'),
('58ff5201-91b0-4537-ae11-b8d42d6d72f7', 'public-space', '(38.708239, -9.132714)', 'https://www.timeout.pt/lisboa/pt/coisas-para-fazer/campo-das-cebolas'),
('6975f40d-ad03-4809-b070-434e2e95a519', 'public-space', '(38.787229, -9.170016)', 'http://www.malaposta.pt/'),
('919e4a58-9347-420a-80b9-85b6d7eb4082', 'public-space', '(38.7505629, -9.1200281)', 'http://www.cm-lisboa.pt/equipamentos/equipamento/info/espaco-municipal-da-flamenga-auditorio-fernando-pessa'),
('e195278b-5d2d-4311-9f9c-64383eeb52e9', 'public-space', '(38.707595, -9.136476 )', 'https://www.guiadacidade.pt/pt/poi-praca-do-comercio-terreiro-do-paco-16393'),
('18ed8421-023f-417a-ae67-4cec9ab1e114', 'public-space', '(38.713705, -9.137855)', 'https://www.guiadacidade.pt/pt/poi-praca-da-figueira-16420'),
('d9c0a2f1-9403-42f5-863f-eae950443038', 'public-space', '(38.710591, -9.143451)', 'https://www.guiadacidade.pt/pt/poi-praca-luis-vaz-de-camoes-21077'),
('f80019b9-72a6-466f-a8f8-d9a1efc922c4', 'public-space', '(38.731120, -9.127407)', 'http://www.cm-lisboa.pt/equipamentos/equipamento/info/quiosque-da-praca-paiva-couceiro'),
('2902143c-1164-4ccb-ab13-0676717320f7', 'public-space', '(38.7067443, -9.1459093)', 'https://www.timeoutmarket.com/lisboa/');

INSERT INTO poi_name (id, main, lang, name) VALUES
('db5fb527-221c-4740-adff-04fd44b976b7', true,  'pt', 'Caleidoscópio'),
('58ff5201-91b0-4537-ae11-b8d42d6d72f7', true,  'pt', 'Campo das Cebolas'),
('6975f40d-ad03-4809-b070-434e2e95a519', true,  'pt', 'Centro Cultural Malaposta'),
('6975f40d-ad03-4809-b070-434e2e95a519', false, 'en', 'Malaposta Cultural Center'),
('6975f40d-ad03-4809-b070-434e2e95a519', false, 'fr', 'Centre Culturel Malaposta'),
('919e4a58-9347-420a-80b9-85b6d7eb4082', true,  'pt', 'Espaço Municipal da Flamenga'),
('919e4a58-9347-420a-80b9-85b6d7eb4082', false, 'en', 'Flamenga Municipal Space'),
('919e4a58-9347-420a-80b9-85b6d7eb4082', false, 'fr', 'Space Municipal de Flamenga'),
('919e4a58-9347-420a-80b9-85b6d7eb4082', false, 'es', 'Espacio Municipal de la Flamenga'),
('e195278b-5d2d-4311-9f9c-64383eeb52e9', true,  'pt', 'Praça do Comércio'),
('e195278b-5d2d-4311-9f9c-64383eeb52e9', false, 'en', 'Commerce Square'),
('e195278b-5d2d-4311-9f9c-64383eeb52e9', false, 'fr', 'Place du Commerce'),
('e195278b-5d2d-4311-9f9c-64383eeb52e9', false, 'es', 'Plaza del Comercio'),
('18ed8421-023f-417a-ae67-4cec9ab1e114', true,  'pt', 'Praça da Figueira'),
('18ed8421-023f-417a-ae67-4cec9ab1e114', false, 'en', 'Figueira Square'),
('18ed8421-023f-417a-ae67-4cec9ab1e114', false, 'fr', 'Place de Figueira'),
('18ed8421-023f-417a-ae67-4cec9ab1e114', false, 'es', 'Plaza de la Figueira'),
('d9c0a2f1-9403-42f5-863f-eae950443038', true,  'pt', 'Praça Luís de Camões'),
('d9c0a2f1-9403-42f5-863f-eae950443038', false, 'en', 'Luís de Camões Square'),
('d9c0a2f1-9403-42f5-863f-eae950443038', false, 'fr', 'Place Luís de Camões'),
('d9c0a2f1-9403-42f5-863f-eae950443038', false, 'es', 'Plaza Luís de Camões'),
('f80019b9-72a6-466f-a8f8-d9a1efc922c4', true,  'pt', 'Praça Paiva Couceiro'),
('f80019b9-72a6-466f-a8f8-d9a1efc922c4', false, 'en', 'Paiva Couceiro Square'),
('f80019b9-72a6-466f-a8f8-d9a1efc922c4', false, 'fr', 'Place Paiva Couceiro'),
('f80019b9-72a6-466f-a8f8-d9a1efc922c4', false, 'es', 'Plaza Paiva Couceiro'),
('2902143c-1164-4ccb-ab13-0676717320f7', true,  'pt', 'Time Out Mercado da Ribeira');

INSERT INTO poi (id, type, world_coord, web_url) VALUES
('d0d6f350-ca39-4084-8396-e0798efff66e', 'public-service', '(38.756940, -9.147221)', 'http://www.acss.min-saude.pt/'),
('6522dab7-5632-48c6-9394-1c2730ff1ec2', 'public-service', '(38.752457, -9.143301)', 'https://www2.adse.pt/contactos/locais-de-atendimento/'),
('39a228c9-e54b-4933-b50f-498766835c9c', 'public-service', '(38.718253, -9.135595)', 'http://arquivomunicipal.cm-lisboa.pt/pt/contactos/arquivo-fotografico/'),
('03c9a827-939b-4276-989e-d8c7b7cc7848', 'public-service', '(38.7546787, -9.1565156)', 'http://antt.dglab.gov.pt/'),
('c994ae3b-b5c0-4838-b19c-af3fbfdf0564', 'public-service', '(38.743673, -9.137994)', 'http://www.am-lisboa.pt/'),
('2b7493d5-7c99-4919-9b8b-7006a3831df7', 'public-service', '(38.749458, -9.150389)', 'http://www.cm-lisboa.pt'),
('fecc19e2-0dc9-4cdb-8f33-ad22ac3af615', 'public-service', '(38.790243, -9.179720)', 'http://www.cm-odivelas.pt/'),
('9b0f0222-0e0e-4718-9ea8-325a673674e4', 'public-service', '(38.761570, -9.191859)', 'http://www.metrolisboa.pt/empresa/contactos/'),
('35879769-8347-4e82-b920-41cbe2e1df64', 'public-service', '(38.728769, -9.148113)', 'http://www.irn.mj.pt/IRN/sections/inicio'),
('82066356-62a0-4b54-92dd-f213c44aaa0e', 'public-service', '(38.7115229, -9.1359545)', 'http://www.cm-lisboa.pt/equipamentos/equipamento/info/elevador-do-castelo'),
('f44fa5cc-4271-454c-90ce-60fb08dc7ab9', 'public-service', '(38.770270, -9.159581)', 'https://www.emel.pt/pt/'),
('96b39801-7adf-4b42-b03e-a5696e92c1e7', 'public-service', '(38.735377, -9.141899)', 'http://www.carris.pt/'),
('9373cfae-1bda-47b4-8e1f-0314650a279a', 'public-service', '(38.781241, -9.118291)', 'http://www.gebalis.pt/Paginas/default.aspx'),
('826afa93-76d0-421b-8fdb-33d3c8593662', 'public-service', '(38.741735, -9.132775)', 'http://www.irn.mj.pt/sections/irn/a_registral/servicos-externos-docs/contactos/contactos-de-servicos-de/'),
('652f04e4-7da3-406b-993e-cb546df279bc', 'public-service', '(38.774897, -9.096684)', 'http://www.irn.mj.pt/IRN/sections/inicio'),
('5589703e-759f-45ca-949e-e9518460f1f1', 'public-service', '(38.761263, -9.167124)', 'http://www.conselhodosjulgadosdepaz.com.pt/julgados.asp#JPLIS'),
('fc37621e-5fbc-41f6-aa34-c07f43136aa5', 'public-service', '(38.750288, -9.230975)', 'http://www.jf-aguaslivres.pt/'),
('9748b486-8c51-4a82-84b6-73c2bc65b9c4', 'public-service', '(38.749763, -9.144796)', 'http://www.jf-alvalade.pt/'),
('1a6d8274-3d9b-43ef-8a56-99467a2dec69', 'public-service', '(38.746427, -9.136480)', 'http://www.jf-alvalade.pt/'),
('fc8f8d31-6829-4caf-9442-d5fb6b76516c', 'public-service', '(38.745144, -9.140524)', 'http://www.jf-areeiro.pt/'),
('eed8193e-030f-462d-a65e-17494828f876', 'public-service', '(38.740608, -9.1348639)', 'http://www.jf-areeiro.pt/'),
('c2ed3dba-6bcd-429a-9f49-b44fb9c9f1ff', 'public-service', '(38.721181, -9.135031)', 'http://www.jfarroios.pt/'),
('e8b85ece-bca8-42bc-8224-5e4d7e5ee3e9', 'public-service', '(38.721346, -9.132188)', 'http://www.jfarroios.pt/'),
('8680c02d-8ce8-4814-a2ac-3fec5b4f43de', 'public-service', '(38.720556, -9.138238)', 'http://www.jfarroios.pt/'),
('c261afa9-10a5-48bc-8f6d-d8791039dacc', 'public-service', '(38.7273232, -9.1372772)', 'http://www.jfarroios.pt/'),
('9e77b08c-f360-487c-b8a2-3b7590e919cc', 'public-service', '(38.741174, -9.147168)', 'http://www.jf-avenidasnovas.pt/'),
('789429a2-d15a-44e7-bfc8-b6e2f9a6c400', 'public-service', '(38.759677, -9.185607)', 'https://www.jf-carnide.pt/'),
('076797dc-d173-4906-9949-820575b27005', 'public-service', '(38.7630119, -9.2074072)', 'http://www.jf-encostadosol.pt/'),
('f75e58ef-84a9-4e69-b5b5-cb150617ac3b', 'public-service', '(38.767720, -9.158048)', 'http://jf-lumiar.pt/'),
('1b15d66c-d3a6-4bb8-8b56-5fddd1cd4229', 'public-service', '(38.747117, -9.109066)', 'http://jf-marvila.pt/'),
('2721dd40-3a87-4b5a-89ab-508962ca70cc', 'public-service', '(38.792985, -9.175157)', 'http://jf-odivelas.pt/'),
('31a24572-8205-4cb2-8cfe-3a431ed8b74d', 'public-service', '(38.772649, -9.112906)', 'http://jf-olivais.pt/'),
('c98c0ed2-38fb-4c4d-8c52-b1497736f94c', 'public-service', '(38.730079, -9.130589)', 'http://www.jf-penhafranca.pt/'),
('34dcc891-4874-4880-9529-a023cf495eff', 'public-service', '(38.731420, -9.126682)', 'http://www.jf-penhafranca.pt/'),
('5fad9a14-4165-4013-9639-06c7897fbef4', 'public-service', '(38.7636601, -9.2007689)', 'http://jf-pontinhafamoes.pt/'),
('c2218212-03a6-42b7-a1e3-76eb860a5831', 'public-service', '(38.782491, -9.159589)', 'https://www.jf-santaclara.pt'),
('d04c5eae-ff69-4444-8267-ef3628baddbe', 'public-service', '(38.711325, -9.136124)', 'http://www.jf-santamariamaior.pt/'),
('25c0c659-bd11-4f15-837c-0eb75ef36634', 'public-service', '(38.713413, -9.135707)', 'http://www.jf-santamariamaior.pt/contactos.html'),
('f4dec837-1c9a-4425-932d-25e038011756', 'public-service', '(38.720112, -9.141584)', 'http://www.jfsantoantonio.pt/'),
('99188179-0680-4052-af21-8a018080362d', 'public-service', '(38.718512, -9.152152)', 'http://www.jfsantoantonio.pt/'),
('29b56f79-5cba-4828-893f-6e00d66d663d', 'public-service', '(38.7506358, -9.1715773)', 'https://www.portaldocidadao.pt/'),
('3bc06f7c-7cee-404b-9902-8444eda4839e', 'public-service', '(38.749582, -9.117837)', 'https://www.portaldocidadao.pt/'),
('c5448a06-20dd-48c2-9842-c5492bb9fafd', 'public-service', '(38.712070, -9.135213)', 'https://www.emel.pt/pt/onde-estacionar/parques/parques-em-destaque/mercado-do-chao-do-loureiro/'),
('b2993b04-cc7f-478c-bc32-b58a2cb47ebc', 'public-service', '(38.708210, -9.138554)', 'http://www.cm-lisboa.pt/'),
('5b5557f0-5c64-4886-82ef-2ba6adb24929', 'public-service', '(38.7460895, -9.1823637)', 'http://geo.cm-lisboa.pt/'),
('30d4ec0d-0446-47e2-9312-53221f923fc6', 'public-service', '(38.746291, -9.187907)', 'https://jf-sdomingosbenfica.pt/'),
('45b82090-b409-4ac6-88dc-5e8278cb524e', 'public-service', '(38.743464, -9.176243)', 'http://www.irn.mj.pt/IRN/sections/inicio'),
('7f83f97a-e4ee-4740-a088-6c2307400619', 'public-service', '(38.741797, -9.131750)', 'http://www.seg-social.pt/inicio'),
('4ea85291-517f-4cec-bcda-89944479f7be', 'public-service', '(38.7343268, -9.1377219)', 'http://www.portaldasfinancas.gov.pt/at/html/index.html'),
('7c5d658d-faa1-4cbd-9e42-5f91829914fd', 'public-service', '(38.728867, -9.148988)', 'http://www.sef.pt/portal/v10/PT/aspx/page.aspx'),
('90223c33-a5db-4842-a953-856bf13ae3d9', 'public-service', '(38.753470, -9.229420)', 'https://www.portaldasfinancas.gov.pt/pt/home.action'),
('ef343bd8-3e89-45f2-891a-c2a267b8aa87', 'public-service', '(38.774080, -9.113363)', 'https://www.portaldasfinancas.gov.pt/'),
('e0426968-65ec-4216-90b1-564e204e01cf', 'public-service', '(38.722755, -9.153237)', 'https://www.portaldasfinancas.gov.pt/'),
('0af218e2-753e-419b-a38e-f88990ce08ac', 'public-service', '(38.753031, -9.113369)', 'https://www.portaldasfinancas.gov.pt/'),
('98f130a4-419e-4a87-bf65-b7c1ef11a9f1', 'public-service', '(38.773464, -9.160236)', 'https://www.portaldasfinancas.gov.pt/'),
('1d3dff50-bd4b-4244-a78c-028793a3898a', 'public-service', '(38.769650, -9.095933)', 'https://www.portaldasfinancas.gov.pt/'),
('7f414754-3d6b-4271-b466-a2631b3bb8c8', 'public-service', '(38.790267, -9.176850)', 'https://www.portaldasfinancas.gov.pt/'),
('301933b6-9465-428e-b799-c64a69f47d24', 'public-service', '(38.740244, -9.126662)', 'https://www.sscml.pt/'),
('07ae7596-87ff-4596-bf6c-d327e2b21e41', 'public-service', '(38.776532, -9.100604)', 'http://www.jf-moscavideportela.pt');

INSERT INTO poi_name (id, main, lang, name) VALUES
('d0d6f350-ca39-4084-8396-e0798efff66e', true,  'pt', 'ACSS – Administração Central do Sistema de Saúde'),
('d0d6f350-ca39-4084-8396-e0798efff66e', false, 'en', 'ACSS - Health System Central Administration'),
('d0d6f350-ca39-4084-8396-e0798efff66e', false, 'fr', 'ACSS - Administration Centrale du Système de Santé'),
('d0d6f350-ca39-4084-8396-e0798efff66e', false, 'es', 'ACSS - Administración Central del Sistema de Salud'),
('6522dab7-5632-48c6-9394-1c2730ff1ec2', true,  'pt', 'ADSE – Atendimento Presencial de Alvalade'),
('6522dab7-5632-48c6-9394-1c2730ff1ec2', false, 'en', 'ADSE - Personal Attendance Service of Alvalade'),
('6522dab7-5632-48c6-9394-1c2730ff1ec2', false, 'fr', 'ADSE - Service de Renseignements d''Alvalade'),
('6522dab7-5632-48c6-9394-1c2730ff1ec2', false, 'es', 'ADSE - Atención Presencial de Alvalade'),
('39a228c9-e54b-4933-b50f-498766835c9c', true,  'pt', 'Arquivo Municipal de Lisboa - Fotográfico'),
('39a228c9-e54b-4933-b50f-498766835c9c', false, 'en', 'Lisbon Town Archives - Photographic'),
('39a228c9-e54b-4933-b50f-498766835c9c', false, 'fr', 'Archive Municipale de Lisbonne - Photographique'),
('39a228c9-e54b-4933-b50f-498766835c9c', false, 'es', 'Archivo Municipal de Lisboa - Fotográfico'),
('03c9a827-939b-4276-989e-d8c7b7cc7848', true,  'pt', 'Arquivo Nacional da Torre do Tombo'),
('03c9a827-939b-4276-989e-d8c7b7cc7848', false, 'en', 'Torre do Tombo National Archive'),
('03c9a827-939b-4276-989e-d8c7b7cc7848', false, 'fr', 'Archives Nationales de la Torre do Tombo'),
('03c9a827-939b-4276-989e-d8c7b7cc7848', false, 'es', 'Archivo Nacional de la Torre de Tombo'),
('c994ae3b-b5c0-4838-b19c-af3fbfdf0564', true,  'pt', 'Assembleia Municipal de Lisboa - Fórum Lisboa'),
('c994ae3b-b5c0-4838-b19c-af3fbfdf0564', false, 'en', 'Lisbon Municipal Assembly - Forum Lisbon'),
('c994ae3b-b5c0-4838-b19c-af3fbfdf0564', false, 'fr', 'Assemblée Municipale de Lisbonne - Forum Lisbonne'),
('c994ae3b-b5c0-4838-b19c-af3fbfdf0564', false, 'es', 'Asamblea Municipal de Lisboa - Foro Lisbon'),
('2b7493d5-7c99-4919-9b8b-7006a3831df7', true,  'pt', 'CML - Câmara Municipal de Lisboa – Edifício Central do Município / Loja EMEL'),
('2b7493d5-7c99-4919-9b8b-7006a3831df7', false, 'en', 'Lisbon City Council - Municipality Central Building / EMEL office'),
('2b7493d5-7c99-4919-9b8b-7006a3831df7', false, 'fr', 'Mairie de Lisbonne - Bâtiment Centrale de la Mairie / Boutique EMEL'),
('2b7493d5-7c99-4919-9b8b-7006a3831df7', false, 'es', 'Ayuntamiento Comunal de Lisboa - Edificio Central del Municipio'),
('fecc19e2-0dc9-4cdb-8f33-ad22ac3af615', true,  'pt', 'CMO - Câmara Municipal de Odivelas'),
('fecc19e2-0dc9-4cdb-8f33-ad22ac3af615', false, 'en', 'Odivelas City Council'),
('fecc19e2-0dc9-4cdb-8f33-ad22ac3af615', false, 'fr', 'Mairie d''Odivelas'),
('fecc19e2-0dc9-4cdb-8f33-ad22ac3af615', false, 'es', 'Ayuntamiento Comunal de Odivelas'),
('9b0f0222-0e0e-4718-9ea8-325a673674e4', true,  'pt', 'Complexo de Carnide do Metropolitano de Lisboa'),
('9b0f0222-0e0e-4718-9ea8-325a673674e4', false, 'en', 'Lisbon Metro Carnide Complex'),
('9b0f0222-0e0e-4718-9ea8-325a673674e4', false, 'fr', 'Complexe de Carnide du Métro de Lisbonne'),
('9b0f0222-0e0e-4718-9ea8-325a673674e4', false, 'es', 'Complejo de Carnide del Metro de Lisboa'),
('35879769-8347-4e82-b920-41cbe2e1df64', true,  'pt', 'Conservatórias do Registo Civil de Lisboa'),
('35879769-8347-4e82-b920-41cbe2e1df64', false, 'en', 'Lisbon Civil Registration Office'),
('35879769-8347-4e82-b920-41cbe2e1df64', false, 'fr', 'Bureaux du Registre Civil de Lisbonne'),
('35879769-8347-4e82-b920-41cbe2e1df64', false, 'es', 'Conservatorias de Registro Civil de Lisboa'),
('82066356-62a0-4b54-92dd-f213c44aaa0e', true,  'pt', 'Elevador do Castelo'),
('82066356-62a0-4b54-92dd-f213c44aaa0e', false, 'en', 'Castle Lift'),
('82066356-62a0-4b54-92dd-f213c44aaa0e', false, 'fr', 'Ascenseur du Château'),
('82066356-62a0-4b54-92dd-f213c44aaa0e', false, 'es', 'Ascensor del Castillo'),
('f44fa5cc-4271-454c-90ce-60fb08dc7ab9', true,  'pt', 'EMEL - Provedoria do Cliente'),
('f44fa5cc-4271-454c-90ce-60fb08dc7ab9', false, 'en', 'EMEL - Ombudsman'),
('f44fa5cc-4271-454c-90ce-60fb08dc7ab9', false, 'fr', 'EMEL - Ombudsman des Clients'),
('f44fa5cc-4271-454c-90ce-60fb08dc7ab9', false, 'es', 'EMEL - Proveeduría del Cliente'),
('96b39801-7adf-4b42-b03e-a5696e92c1e7', true,  'pt', 'Espaço Cliente Arco do Cego'),
('96b39801-7adf-4b42-b03e-a5696e92c1e7', false, 'en', 'Arco do Cego Customer Area'),
('96b39801-7adf-4b42-b03e-a5696e92c1e7', false, 'fr', 'Espace Client Arco do Cego'),
('96b39801-7adf-4b42-b03e-a5696e92c1e7', false, 'es', 'Espacio Cliente Arco do Cego'),
('9373cfae-1bda-47b4-8e1f-0314650a279a', true,  'pt', 'GEBALIS - Gestão do Arrendamento da Habitação Municipal de Lisboa'),
('9373cfae-1bda-47b4-8e1f-0314650a279a', false, 'en', 'Lisbon''s Municipal Housing Rental Management'),
('9373cfae-1bda-47b4-8e1f-0314650a279a', false, 'fr', 'Gestion de la Location des Logements Municipaux de Lisbonne'),
('9373cfae-1bda-47b4-8e1f-0314650a279a', false, 'es', 'Gestión del Arrendamiento de Habitación Municipal de Lisboa'),
('826afa93-76d0-421b-8fdb-33d3c8593662', true,  'pt', 'IRN - Instituto dos Registos e do Notariado'),
('826afa93-76d0-421b-8fdb-33d3c8593662', false, 'en', 'Institute of Registries and Notaries'),
('826afa93-76d0-421b-8fdb-33d3c8593662', false, 'fr', 'Institut des Registres et du Notariat'),
('826afa93-76d0-421b-8fdb-33d3c8593662', false, 'es', 'Instituto de los Registros y del Notariado'),
('652f04e4-7da3-406b-993e-cb546df279bc', true,  'pt', 'IRN - Instituto dos Registos e do Notariado - Serviços Centrais'),
('652f04e4-7da3-406b-993e-cb546df279bc', false, 'en', 'Institute for Registration and Notary Affairs - Central Services'),
('652f04e4-7da3-406b-993e-cb546df279bc', false, 'fr', 'Institut des Registres et du Notariat - Services Centraux'),
('652f04e4-7da3-406b-993e-cb546df279bc', false, 'es', 'Instituto del Registro y del Notariado - Servicios Centrales'),
('5589703e-759f-45ca-949e-e9518460f1f1', true,  'pt', 'Julgados de Paz do Concelho de Lisboa'),
('5589703e-759f-45ca-949e-e9518460f1f1', false, 'en', 'Lisbon Justices of the Peace'),
('5589703e-759f-45ca-949e-e9518460f1f1', false, 'fr', 'Justice de Paix de Lisbonne'),
('5589703e-759f-45ca-949e-e9518460f1f1', false, 'es', 'Juzgados de Paz del Ayuntamiento de Lisboa'),
('fc37621e-5fbc-41f6-aa34-c07f43136aa5', true,  'pt', 'Junta de Freguesia das Águas Livres'),
('fc37621e-5fbc-41f6-aa34-c07f43136aa5', false, 'en', 'Águas Livres Parish Council'),
('fc37621e-5fbc-41f6-aa34-c07f43136aa5', false, 'fr', 'Arrondissement d''Águas Livres'),
('fc37621e-5fbc-41f6-aa34-c07f43136aa5', false, 'es', 'Junta del Barrio de las Águas Livres'),
('9748b486-8c51-4a82-84b6-73c2bc65b9c4', true,  'pt', 'Junta de Freguesia de Alvalade - Pólo Coruchéus'),
('9748b486-8c51-4a82-84b6-73c2bc65b9c4', false, 'en', 'Alvalade Parish Council - Coruchéus Delegation'),
('9748b486-8c51-4a82-84b6-73c2bc65b9c4', false, 'fr', 'Arrondissement d''Alvalade - Délégation de Coruchéus'),
('9748b486-8c51-4a82-84b6-73c2bc65b9c4', false, 'es', 'Junta del Barrio de Alvalade - Delegación Coruchéus'),
('1a6d8274-3d9b-43ef-8a56-99467a2dec69', true,  'pt', 'Junta de Freguesia de Alvalade - Polo Teixeira de Pascoais'),
('1a6d8274-3d9b-43ef-8a56-99467a2dec69', false, 'en', 'Alvalade Parish Council - Teixeira de Pascoais Delegation'),
('1a6d8274-3d9b-43ef-8a56-99467a2dec69', false, 'fr', 'Arrondissement d''Alvalade - Délégation de Teixeira de Pascoais'),
('1a6d8274-3d9b-43ef-8a56-99467a2dec69', false, 'es', 'Junta del Barrio de Alvalade - Delegación de Teixeira de Pascoais'),
('fc8f8d31-6829-4caf-9442-d5fb6b76516c', true,  'pt', 'Junta de Freguesia do Areeiro'),
('fc8f8d31-6829-4caf-9442-d5fb6b76516c', false, 'en', 'Areeiro Parish Counci'),
('fc8f8d31-6829-4caf-9442-d5fb6b76516c', false, 'fr', 'Arrondissement d''Areeiro'),
('fc8f8d31-6829-4caf-9442-d5fb6b76516c', false, 'es', 'Junta del Barrio de Areeiro'),
('eed8193e-030f-462d-a65e-17494828f876', true,  'pt', 'Junta de Freguesia do Areeiro - Delegação Alto do Pina'),
('eed8193e-030f-462d-a65e-17494828f876', false, 'en', 'Areeiro Parish Council - Alto do Pina Delegation'),
('eed8193e-030f-462d-a65e-17494828f876', false, 'fr', 'Arrondissement d''Areeiro - Délégation d''Alto do Pina'),
('eed8193e-030f-462d-a65e-17494828f876', false, 'es', 'Junta del Barrio de Areeiro - Delegación del Alto do Pina'),
('c2ed3dba-6bcd-429a-9f49-b44fb9c9f1ff', true,  'pt', 'Junta de Freguesia de Arroios - Sede'),
('c2ed3dba-6bcd-429a-9f49-b44fb9c9f1ff', false, 'en', 'Arroios Parish Council - Headquarters'),
('c2ed3dba-6bcd-429a-9f49-b44fb9c9f1ff', false, 'fr', 'Arrondissement d''Arroios - Siège'),
('c2ed3dba-6bcd-429a-9f49-b44fb9c9f1ff', false, 'es', 'Ayuntamiento de Arroios - Sede'),
('e8b85ece-bca8-42bc-8224-5e4d7e5ee3e9', true,  'pt', 'Junta de Freguesia de Arroios - Pólo dos Anjos'),
('e8b85ece-bca8-42bc-8224-5e4d7e5ee3e9', false, 'en', 'Arroios Parish Council - Anjos Delegation'),
('e8b85ece-bca8-42bc-8224-5e4d7e5ee3e9', false, 'fr', 'Arrondissement d''Arroios - Délégation d''Anjos'),
('e8b85ece-bca8-42bc-8224-5e4d7e5ee3e9', false, 'es', 'Ayuntamiento de Arroios - Delegación de Anjos'),
('8680c02d-8ce8-4814-a2ac-3fec5b4f43de', true,  'pt', 'Junta de Freguesia de Arroios - Pólo da Pena'),
('8680c02d-8ce8-4814-a2ac-3fec5b4f43de', false, 'en', 'Arroios Parish Council - Pena Delegation'),
('8680c02d-8ce8-4814-a2ac-3fec5b4f43de', false, 'fr', 'Arrondissement d''Arroios - Délégation de Pena'),
('8680c02d-8ce8-4814-a2ac-3fec5b4f43de', false, 'es', 'Ayuntamiento de Arroios - Delegación de Pena'),
('c261afa9-10a5-48bc-8f6d-d8791039dacc', true,  'pt', 'Junta de Freguesia de Arroios - Polo de São Jorge de Arroios'),
('c261afa9-10a5-48bc-8f6d-d8791039dacc', false, 'en', 'Arroios Parish Council - São José de Arroios Delegation'),
('c261afa9-10a5-48bc-8f6d-d8791039dacc', false, 'fr', 'Arrondissement d''Arroios - Délégation de São Jorge de Arroios'),
('c261afa9-10a5-48bc-8f6d-d8791039dacc', false, 'es', 'Junta del Barrio de Arroios - Delegación de São José de Arroios'),
('9e77b08c-f360-487c-b8a2-3b7590e919cc', true,  'pt', 'Junta de Freguesia das Avenidas Novas'),
('9e77b08c-f360-487c-b8a2-3b7590e919cc', false, 'en', 'Avenidas Novas Parish Council'),
('9e77b08c-f360-487c-b8a2-3b7590e919cc', false, 'fr', 'Arrondissement d''Avenidas Novas'),
('9e77b08c-f360-487c-b8a2-3b7590e919cc', false, 'es', 'Ayuntamiento de las Avenidas Novas'),
('789429a2-d15a-44e7-bfc8-b6e2f9a6c400', true,  'pt', 'Junta de Freguesia de Carnide'),
('789429a2-d15a-44e7-bfc8-b6e2f9a6c400', false, 'en', 'Carnide Parish Council'),
('789429a2-d15a-44e7-bfc8-b6e2f9a6c400', false, 'fr', 'Arrondissement de Carnide'),
('789429a2-d15a-44e7-bfc8-b6e2f9a6c400', false, 'es', 'Junta del Barrio de Carnide'),
('076797dc-d173-4906-9949-820575b27005', true,  'pt', 'Junta de Freguesia de Encosta do Sol - Delegação de Alfornelos'),
('076797dc-d173-4906-9949-820575b27005', false, 'en', 'Encosta do Sol Parish Council - Alfornelos Delegation'),
('076797dc-d173-4906-9949-820575b27005', false, 'fr', 'Arrondissement d''Encosta do Sol - Délégation d''Alfornelos'),
('076797dc-d173-4906-9949-820575b27005', false, 'es', 'Ayuntamiento de la Encosta do Sol - Delegación de Alfornelos'),
('f75e58ef-84a9-4e69-b5b5-cb150617ac3b', true,  'pt', 'Junta de Freguesia do Lumiar'),
('f75e58ef-84a9-4e69-b5b5-cb150617ac3b', false, 'en', 'Lumiar Parish Council'),
('f75e58ef-84a9-4e69-b5b5-cb150617ac3b', false, 'fr', 'Arrondissement de Lumiar'),
('f75e58ef-84a9-4e69-b5b5-cb150617ac3b', false, 'es', 'Junta del Barrio de Lumiar'),
('1b15d66c-d3a6-4bb8-8b56-5fddd1cd4229', true,  'pt', 'Junta de Freguesia de Marvila'),
('1b15d66c-d3a6-4bb8-8b56-5fddd1cd4229', false, 'en', 'Marvila Parish Council'),
('1b15d66c-d3a6-4bb8-8b56-5fddd1cd4229', false, 'fr', 'Arrondissement de Marvila'),
('1b15d66c-d3a6-4bb8-8b56-5fddd1cd4229', false, 'es', 'Ayuntamiento de Marvila'),
('2721dd40-3a87-4b5a-89ab-508962ca70cc', true,  'pt', 'Junta de Freguesia de Odivelas'),
('2721dd40-3a87-4b5a-89ab-508962ca70cc', false, 'en', 'Odivelas Parish Council'),
('2721dd40-3a87-4b5a-89ab-508962ca70cc', false, 'fr', 'Arrondissement d''Odivelas'),
('2721dd40-3a87-4b5a-89ab-508962ca70cc', false, 'es', 'Junta del Barrio de Odivelas'),
('31a24572-8205-4cb2-8cfe-3a431ed8b74d', true,  'pt', 'Junta de Freguesia dos Olivais'),
('31a24572-8205-4cb2-8cfe-3a431ed8b74d', false, 'en', 'Olivais Parish Council'),
('31a24572-8205-4cb2-8cfe-3a431ed8b74d', false, 'fr', 'Arrondissement d''Olivais'),
('31a24572-8205-4cb2-8cfe-3a431ed8b74d', false, 'es', 'Ayuntamiento del Olivais'),
('c98c0ed2-38fb-4c4d-8c52-b1497736f94c', true,  'pt', 'Junta de Freguesia da Penha de França - Sede'),
('c98c0ed2-38fb-4c4d-8c52-b1497736f94c', false, 'en', 'Penha de França Parish Council - Headquarters'),
('c98c0ed2-38fb-4c4d-8c52-b1497736f94c', false, 'fr', 'Arrondissement de Penha de França - Siège'),
('c98c0ed2-38fb-4c4d-8c52-b1497736f94c', false, 'es', 'Junta del Barrio de Penha de França - Sede'),
('34dcc891-4874-4880-9529-a023cf495eff', true,  'pt', 'Junta de Freguesia da Penha de França - Pólo Morais Soares'),
('34dcc891-4874-4880-9529-a023cf495eff', false, 'en', 'Penha de França Parish Council - Morais Soares Delegation'),
('34dcc891-4874-4880-9529-a023cf495eff', false, 'fr', 'Arrondissement de Penha de França - Délégation Morais Soares'),
('34dcc891-4874-4880-9529-a023cf495eff', false, 'es', 'Junta del Barrio de Penha de França - Delegación de Morais Soares'),
('5fad9a14-4165-4013-9639-06c7897fbef4', true,  'pt', 'Junta de Freguesia de Pontinha e Famões'),
('5fad9a14-4165-4013-9639-06c7897fbef4', false, 'en', 'Pontinha and Famões Parish Council'),
('5fad9a14-4165-4013-9639-06c7897fbef4', false, 'fr', 'Arrondissement de Pontinha et Famões'),
('5fad9a14-4165-4013-9639-06c7897fbef4', false, 'es', 'Ayuntamiento de Pontinha y Famões'),
('c2218212-03a6-42b7-a1e3-76eb860a5831', true,  'pt', 'Junta de Freguesia de Santa Clara'),
('c2218212-03a6-42b7-a1e3-76eb860a5831', false, 'en', 'Santa Clara Parish Council'),
('c2218212-03a6-42b7-a1e3-76eb860a5831', false, 'fr', 'Arrondissement de Santa Clara'),
('c2218212-03a6-42b7-a1e3-76eb860a5831', false, 'es', 'Junta del Barrio de Santa Clara'),
('d04c5eae-ff69-4444-8267-ef3628baddbe', true,  'pt', 'Junta de Freguesia de Santa Maria Maior'),
('d04c5eae-ff69-4444-8267-ef3628baddbe', false, 'en', 'Santa Maria Maior Parish Council'),
('d04c5eae-ff69-4444-8267-ef3628baddbe', false, 'fr', 'Arrondissement de Santa Maria Maior'),
('d04c5eae-ff69-4444-8267-ef3628baddbe', false, 'es', 'Ayuntamiento de Santa Maria Maio'),
('25c0c659-bd11-4f15-837c-0eb75ef36634', true,  'pt', 'Junta de Freguesia de Santa Maria Maior - Departamento de Gestão Territorial'),
('25c0c659-bd11-4f15-837c-0eb75ef36634', false, 'en', 'Santa Maria Maior Parish Council - Territorial Management Department'),
('25c0c659-bd11-4f15-837c-0eb75ef36634', false, 'fr', 'Arrondissement de Santa Maria Maior - Département pour la Gestion Territoriale'),
('25c0c659-bd11-4f15-837c-0eb75ef36634', false, 'es', 'Junta del Barrio de Santa Maria Maior - Departamento de Ordenación Territorial'),
('f4dec837-1c9a-4425-932d-25e038011756', true,  'pt', 'Junta de Freguesia de Santo António'),
('f4dec837-1c9a-4425-932d-25e038011756', false, 'en', 'Santo António Parish Council'),
('f4dec837-1c9a-4425-932d-25e038011756', false, 'fr', 'Arrondissement de Santo António'),
('f4dec837-1c9a-4425-932d-25e038011756', false, 'es', 'Junta del Barrio de Santo António'),
('99188179-0680-4052-af21-8a018080362d', true,  'pt', 'Junta de Freguesia de Santo António - Pólo de São Mamede'),
('99188179-0680-4052-af21-8a018080362d', false, 'en', 'Santo António Parish Council- São Mamede Delegation'),
('99188179-0680-4052-af21-8a018080362d', false, 'fr', 'Arrondissement de Santo António - Délégation de São Mamede'),
('99188179-0680-4052-af21-8a018080362d', false, 'es', 'Junta del Barrio de Santo António - Delegación de São Mamede'),
('29b56f79-5cba-4828-893f-6e00d66d663d', true,  'pt', 'Loja do Cidadão das Laranjeiras'),
('29b56f79-5cba-4828-893f-6e00d66d663d', false, 'en', 'Laranjeiras Citizen''s Bureau'),
('29b56f79-5cba-4828-893f-6e00d66d663d', false, 'fr', 'Boutique du Citoyen de Laranjeiras'),
('29b56f79-5cba-4828-893f-6e00d66d663d', false, 'es', 'Tienda del Ciudadano de las Laranjeiras'),
('3bc06f7c-7cee-404b-9902-8444eda4839e', true,  'pt', 'Loja do Cidadão de Marvila'),
('3bc06f7c-7cee-404b-9902-8444eda4839e', false, 'en', 'Marvila Citizen''s Bureau'),
('3bc06f7c-7cee-404b-9902-8444eda4839e', false, 'fr', 'Boutique du Citoyen de Marvila'),
('3bc06f7c-7cee-404b-9902-8444eda4839e', false, 'es', 'Oficina del Ciudadano de Marvila'),
('c5448a06-20dd-48c2-9842-c5492bb9fafd', true,  'pt', 'Mercado do Chão do Loureiro - Parque EMEL'),
('c5448a06-20dd-48c2-9842-c5492bb9fafd', false, 'en', 'Chão do Loureiro Market - EMEL Car Park'),
('c5448a06-20dd-48c2-9842-c5492bb9fafd', false, 'fr', 'Marché du Chão do Loureiro - Parking EMEL'),
('c5448a06-20dd-48c2-9842-c5492bb9fafd', false, 'es', 'Mercado del Chão do Loureiro - Parking EMEL'),
('b2993b04-cc7f-478c-bc32-b58a2cb47ebc', true,  'pt', 'Paços do Concelho de Lisboa'),
('b2993b04-cc7f-478c-bc32-b58a2cb47ebc', false, 'en', 'Lisbon Town Hall'),
('b2993b04-cc7f-478c-bc32-b58a2cb47ebc', false, 'fr', 'Mairie de Lisbonne'),
('b2993b04-cc7f-478c-bc32-b58a2cb47ebc', false, 'es', 'Casa Consistorial de Lisboa'),
('5b5557f0-5c64-4886-82ef-2ba6adb24929', true,  'pt', 'Palácio do Beau Séjour - Gabinete de Estudos Olisiponenses'),
('5b5557f0-5c64-4886-82ef-2ba6adb24929', false, 'en', 'Lisbon Studies Office'),
('5b5557f0-5c64-4886-82ef-2ba6adb24929', false, 'fr', 'Bureau d''Études de Lisbonne'),
('5b5557f0-5c64-4886-82ef-2ba6adb24929', false, 'es', 'Gabinete de Estudios de Lisboa'),
('30d4ec0d-0446-47e2-9312-53221f923fc6', true,  'pt', 'Quinta da Alfarrobeira - Junta de Freguesia de São Domingos de Benfica'),
('30d4ec0d-0446-47e2-9312-53221f923fc6', false, 'en', 'Alfarrobeira Manor - São Domingos de Benfica Parish Council'),
('30d4ec0d-0446-47e2-9312-53221f923fc6', false, 'fr', 'Ferme d''Alfarrobeira - Arrondissement de São Domingos de Benfica'),
('30d4ec0d-0446-47e2-9312-53221f923fc6', false, 'es', 'Casa Señorial de la Alfarrobeira - Junta del Barrio de São Domingos de Benfica'),
('45b82090-b409-4ac6-88dc-5e8278cb524e', true,  'pt', 'RNPC - Registo Nacional de Pessoas Colectivas'),
('45b82090-b409-4ac6-88dc-5e8278cb524e', false, 'en', 'National Registry of Companies'),
('45b82090-b409-4ac6-88dc-5e8278cb524e', false, 'fr', 'Registre National des Personnes Morales'),
('45b82090-b409-4ac6-88dc-5e8278cb524e', false, 'es', 'Registro Nacional de Personas Jurídicas'),
('7f83f97a-e4ee-4740-a088-6c2307400619', true,  'pt', 'Segurança Social - Serviço Informativo da Sede do Areeiro'),
('7f83f97a-e4ee-4740-a088-6c2307400619', false, 'en', 'Social Security - Areeiro Headquarters Informative Service'),
('7f83f97a-e4ee-4740-a088-6c2307400619', false, 'fr', 'Sécurité Sociale - Service de Renseignements d''Areeiro'),
('7f83f97a-e4ee-4740-a088-6c2307400619', false, 'es', 'Seguridad Social - Servicio Informativo de la Sede del Areeiro'),
('7c5d658d-faa1-4cbd-9e42-5f91829914fd', true,  'pt', 'SEF - Serviços de Estrangeiros e Fronteiras'),
('7c5d658d-faa1-4cbd-9e42-5f91829914fd', false, 'en', 'Foreigner and Border Service'),
('7c5d658d-faa1-4cbd-9e42-5f91829914fd', false, 'fr', 'Service des Étrangers et des Frontières'),
('7c5d658d-faa1-4cbd-9e42-5f91829914fd', false, 'es', 'Servicio de Extranjeros y Fronteras'),
('90223c33-a5db-4842-a953-856bf13ae3d9', true,  'pt', 'Serviço de Finanças de Amadora 3'),
('90223c33-a5db-4842-a953-856bf13ae3d9', false, 'en', 'Amadora Tax Office 3'),
('90223c33-a5db-4842-a953-856bf13ae3d9', false, 'fr', 'Service des Impôts d''Amadora 3'),
('90223c33-a5db-4842-a953-856bf13ae3d9', false, 'es', 'Oficina Tributaria de Amadora 3'),
('4ea85291-517f-4cec-bcda-89944479f7be', true,  'pt', 'Serviço de Finanças de Arroios'),
('4ea85291-517f-4cec-bcda-89944479f7be', false, 'en', 'Arroios Tax Office'),
('4ea85291-517f-4cec-bcda-89944479f7be', false, 'fr', 'Service des Impôts d''Arroios'),
('4ea85291-517f-4cec-bcda-89944479f7be', false, 'es', 'Oficina Tributaria de Arroios'),
('e0426968-65ec-4216-90b1-564e204e01cf', true,  'pt', 'Serviço de Finanças de Lisboa 2'),
('e0426968-65ec-4216-90b1-564e204e01cf', false, 'en', 'Lisbon Tax Office 2'),
('e0426968-65ec-4216-90b1-564e204e01cf', false, 'fr', 'Service des Impôts de Lisbonne 2'),
('e0426968-65ec-4216-90b1-564e204e01cf', false, 'es', 'Oficina Tributaria de Lisboa 2'),
('ef343bd8-3e89-45f2-891a-c2a267b8aa87', true,  'pt', 'Serviço de Finanças de Lisboa 6'),
('ef343bd8-3e89-45f2-891a-c2a267b8aa87', false, 'en', 'Lisbon Tax Office 6'),
('ef343bd8-3e89-45f2-891a-c2a267b8aa87', false, 'fr', 'Service des Impôts de Lisbonne 6'),
('ef343bd8-3e89-45f2-891a-c2a267b8aa87', false, 'es', 'Servicio de Finanzas de Lisboa 6'),
('0af218e2-753e-419b-a38e-f88990ce08ac', true,  'pt', 'Serviço de Finanças de Lisboa 9'),
('0af218e2-753e-419b-a38e-f88990ce08ac', false, 'en', 'Lisbon Tax Office 9'),
('0af218e2-753e-419b-a38e-f88990ce08ac', false, 'fr', 'Service des Impôts Lisbonne 9'),
('0af218e2-753e-419b-a38e-f88990ce08ac', false, 'es', 'Servicio de Finanzas de Lisboa 9'),
('98f130a4-419e-4a87-bf65-b7c1ef11a9f1', true,  'pt', 'Serviço de Finanças de Lisboa 11'),
('98f130a4-419e-4a87-bf65-b7c1ef11a9f1', false, 'en', 'Lisbon Tax Office 11'),
('98f130a4-419e-4a87-bf65-b7c1ef11a9f1', false, 'fr', 'Service des Impôts Lisbonne 11'),
('98f130a4-419e-4a87-bf65-b7c1ef11a9f1', false, 'es', 'Servicio de Finanzas de Lisboa 11'),
('1d3dff50-bd4b-4244-a78c-028793a3898a', true,  'pt', 'Serviço de Finanças de Loures 3'),
('1d3dff50-bd4b-4244-a78c-028793a3898a', false, 'en', 'Loures 3 Tax Office'),
('1d3dff50-bd4b-4244-a78c-028793a3898a', false, 'fr', 'Service des Impôts de Loures 3'),
('1d3dff50-bd4b-4244-a78c-028793a3898a', false, 'es', 'Oficina Tributaria de Loures 3'),
('7f414754-3d6b-4271-b466-a2631b3bb8c8', true,  'pt', 'Serviço de Finanças de Odivelas'),
('7f414754-3d6b-4271-b466-a2631b3bb8c8', false, 'en', 'Odivelas Tax Office'),
('7f414754-3d6b-4271-b466-a2631b3bb8c8', false, 'fr', 'Service des Impôts d''Odivelas'),
('7f414754-3d6b-4271-b466-a2631b3bb8c8', false, 'es', 'Oficina Tributaria de Odivelas'),
('301933b6-9465-428e-b799-c64a69f47d24', true,  'pt', 'Serviços Sociais da Câmara Municipal de Lisboa'),
('301933b6-9465-428e-b799-c64a69f47d24', false, 'en', 'Lisbon City Council Social Services'),
('301933b6-9465-428e-b799-c64a69f47d24', false, 'fr', 'Services Sociaux de la Mairie de Lisbonne'),
('301933b6-9465-428e-b799-c64a69f47d24', false, 'es', 'Servicios Sociales del Ayuntamiento Comunal de Lisboa'),
('07ae7596-87ff-4596-bf6c-d327e2b21e41', true,  'pt', 'União das Freguesias de Moscavide e Portela - Delegação de Moscavide'),
('07ae7596-87ff-4596-bf6c-d327e2b21e41', false, 'en', 'Moscavide and Portela Parish Union - Moscavide Delegation'),
('07ae7596-87ff-4596-bf6c-d327e2b21e41', false, 'fr', 'Arrondissement de Moscavide et Portela - Délégation de Moscavide'),
('07ae7596-87ff-4596-bf6c-d327e2b21e41', false, 'es', 'Junta del Barrio de Moscavide y Portela - Delegación de Moscavide');

INSERT INTO poi (id, type, world_coord, web_url) VALUES
('1a76335f-3b5a-4aa3-bd75-d64b8a8fcb12', 'school', '(38.775512, -9.164239)', 'http://www.academialumiar.org/'),
('f43cac1b-2691-41c4-9052-3e1b10f155c4', 'school', '(38.7810067, -9.1612458)', 'http://am-santacecilia.pt/'),
('8b4fac64-53fe-47ac-bf4d-0fcf367a41bd', 'school', '(38.753005, -9.219074)', 'https://www.iefp.pt/'),
('047c765f-abfc-44ae-8b5d-3b0ec4d05f9e', 'school', '(38.7600178, -9.1836747)', 'https://www.colegiomilitar.pt/'),
('71ff3faa-3609-4ee9-be1c-54ad8ddb2dd9', 'school', '(38.759434, -9.164505)', 'https://www.colegiomirario.pt/'),
('18115a98-4b5b-4a9c-bdd6-2d2158c5324d', 'school', '(38.752789, -9.153428)', 'http://www.colegiomoderno.pt/'),
('d62a37f7-07eb-441b-99d5-0521a4a86804', 'school', '(38.7737778, -9.157872 )', 'http://www.csjb.pt/'),
('1cc64565-7ff2-4ebb-b5ae-c9205d1e3b5d', 'school', '(38.740283, -9.165724)', 'http://www.colegiodestomas.com/'),
('3a751ec6-fd45-40b0-a9e0-c9ff9a90353e', 'school', '(38.767572, -9.150332)', 'http://www.colegiodestomas.com/'),
('d8dd777b-663d-4d27-b524-91ceba543cfc', 'school', '(38.760295, -9.154148)', 'http://www.csdoroteia.edu.pt/'),
('c7743221-5edc-4e89-a985-9c354fc93aed', 'school', '(38.748508, -9.151720)', 'http://colegiopio12.com/index.php/ocolegio'),
('8f3634b0-103d-40b5-a69d-c88667ab8a3a', 'school', '(38.75668, -9.2205043)', 'http://www.cooptecnica.pt/wp/'),
('fd91b475-cb5c-4383-b5dc-4a31fd48f766', 'school', '(38.758954, -9.163397)', 'http://www.dslissabon.com/pt-pt'),
('cb073caf-87fd-409f-97b5-22092416aaf8', 'school', '(38.760148, -9.208901)', 'http://aealfornelos.ccems.pt/'),
('311ba5dd-a113-425f-b04d-7f0525fc77f3', 'school', '(38.763026, -9.208513)', 'http://aealfornelos.ccems.pt/'),
('3c6be518-d895-4daa-9bd2-089d934acbae', 'school', '(38.760667, -9.113608)', 'http://aeolivais.edu.pt/'),
('2dc86905-f37f-4eaa-845e-4f27beb393dd', 'school', '(38.746632, -9.144782)', 'http://www.aerdl.eu'),
('5f3e6b1d-d236-426d-afc5-4941b37f4895', 'school', '(38.796130, -9.173105)', 'https://agr-odivelas.pt/'),
('ead9bfd1-fc60-4fb9-b79f-a6018eaa8a84', 'school', '(38.754993, -9.144250)', 'http://www.aerdl.eu'),
('91976d0d-e5e4-4e30-b9ee-1ad7b8d3e4a0', 'school', '(38.780174, -9.159235)', 'http://www.aelindleycintra.edu.pt/index.php/ebeg'),
('7b1bb7ef-388e-4249-a3ce-46e540b19b5d', 'school', '(38.753335, -9.111327)', 'http://aeolivais.edu.pt'),
('ed3620d0-360e-4935-a02d-29835d7de3f3', 'school', '(38.754150, -9.147207)', 'http://www.aerdl.eu'),
('8503d368-3079-4c9b-9eca-72dfa301ba88', 'school', '(38.759155, -9.108724)', 'http://aeolivais.edu.pt/'),
('2f48aacf-a69c-47d6-a85e-357353b1ae13', 'school', '(38.757687, -9.209397)', 'http://aealfornelos.ccems.pt/'),
('2c92481f-bf4f-413e-ad1f-2a15c8dc5e08', 'school', '(38.795327, -9.176874)', 'https://agr-odivelas.pt/'),
('e887c2af-da73-424a-acd9-f269a0873895', 'school', '(38.7652171, -9.1998549)', 'http://escolaeb1mellofalcao.webnode.pt/'),
('bbc413b3-3ca6-4224-8d3f-15e8490d56b1', 'school', '(38.761586, -9.116152)', 'http://aeolivais.edu.pt/'),
('61061cf2-76cc-4e19-a8ab-7ac87a03dde5', 'school', '(38.761375, -9.205356)', 'http://aealfornelos.ccems.pt/'),
('446d67b6-88b6-4494-a559-f4fa8bf14323', 'school', '(38.770909, -9.110262)', 'http://www.agpiscinasolivais.com'),
('d92514a4-193b-46fc-8cc3-94c6e0588844', 'school', '(38.748896, -9.181133)', 'http://ael.edu.pt'),
('e913ec11-4479-4702-8884-a30635267390', 'school', '(38.769346, -9.163191)', 'http://www.aelindleycintra.edu.pt/index.php/lc'),
('8fbd7d9a-e7bf-44c1-a572-a4c9b772eb1a', 'school', '(38.770877, -9.162511)', 'http://www.aelindleycintra.edu.pt/index.php/ebqf'),
('68bf3d96-6336-4df3-afdd-93d4b3364534', 'school', '(38.776312, -9.116390)', 'http://www.agpiscinasolivais.com'),
('a022157b-d2b5-4a7e-9898-ed7a2e15530d', 'school', '(38.735014, -9.137149)', 'http://www.epad.edu.pt/'),
('f06d3bff-2319-420a-9664-91bb3ed05c75', 'school', '(38.768800, -9.160304)', 'http://gustaveeiffel.pt/wordpress/'),
('048ed243-2c5a-4141-8eb7-94dfe94724d8', 'school', '(38.753805, -9.229158)', 'http://www.escolaintercultural.pt/site/'),
('c8a9f474-f13d-4a4b-9ccf-2c2c3ff1dadc', 'school', '(38.770368, -9.108319)', 'http://www.esad.edu.pt/index.php'),
('48a25bde-c12e-4fcb-a1f0-aebc1ce28bee', 'school', '(38.7362849, -9.1274637)', 'http://www.antonioarroio.edu.pt/'),
('07c4203d-bee8-4c88-a414-04ce59556c28', 'school', '(38.767597, -9.201704)', 'http://aebf.pt/'),
('1a32cefe-9864-428f-9675-608762661aad', 'school', '(38.730204, -9.143279)', 'http://escamoes-web.sharepoint.com/Pages/default.aspx'),
('e9aa7025-0d15-4924-98ac-e1d966f2ab8b', 'school', '(38.751628, -9.112596)', 'http://esecddinis.pt/'),
('80ce6b16-f43f-4ead-b9a1-6abe16481c45', 'school', '(38.741398, -9.163071)', 'http://ael.edu.pt/'),
('6f5a2a06-c762-438e-85b9-144f5879f818', 'school', '(38.739731, -9.140124)', 'http://www.aedfl.pt/'),
('28598e2d-8ddc-47b6-a747-1039012259dc', 'school', '(38.726722, -9.130719)', 'http://aenunogoncalves.com/'),
('8455a118-660b-4eea-9305-f0935254e623', 'school', '(38.7640545, -9.1115494)', 'http://www.queiroz.pt/'),
('aadb3e9b-13bd-4d99-b0bc-4fe57360f4c7', 'school', '(38.716048, -9.127252)', 'https://www.aegv.site/'),
('63be58ec-68a8-45ee-b7d8-d521803cbaa9', 'school', '(38.769866, -9.162237)', 'http://www.aelindleycintra.edu.pt/index.php/esl?view=featured'),
('79e161e0-156d-4cd1-a0b8-4988861ed9a6', 'school', '(38.793992, -9.179474)', 'https://agr-odivelas.pt/'),
('ab967dd3-161f-4042-baa8-895d27a1bd98', 'school', '(38.7393715, -9.1218051)', 'http://www.agrupamentoolaias.edu.pt/portal/'),
('82dfcf07-ea24-49b5-bc3d-62209badbeeb', 'school', '(38.716418, -9.158607)', 'http://www.espn.edu.pt/'),
('4e0cfc4b-a5a1-4426-ad5c-48fd7aa93787', 'school', '(38.751381, -9.140958)', 'http://www.aerdl.eu/'),
('2a1b8203-d4ab-4852-9d45-27aa62a66603', 'school', '(38.759908, -9.151781)', 'http://www.externatoasvp.pt/pagina-inicial'),
('5535613f-6732-441c-9c17-bdf03114a9da', 'school', '(38.7473836, -9.1810814)', 'http://www.ext.marista-lisboa.org/'),
('c6969d43-a7d1-47a2-a946-02c7b6fdf63a', 'school', '(38.780706, -9.158830)', 'http://www.aelindleycintra.edu.pt/index.php/jia'),
('6780dec7-821d-460e-aefe-91bac42f285c', 'school', '(38.768510, -9.161760)', 'http://www.aelindleycintra.edu.pt/index.php/jil');

INSERT INTO poi_name (id, main, lang, name) VALUES
('1a76335f-3b5a-4aa3-bd75-d64b8a8fcb12', true,  'pt', 'Academia do Lumiar - Academia Musical 1.º de Junho de 1893'),
('1a76335f-3b5a-4aa3-bd75-d64b8a8fcb12', false, 'en', 'Lumiar Academy - 1st of June 1893 Musical Academy'),
('1a76335f-3b5a-4aa3-bd75-d64b8a8fcb12', false, 'fr', 'Académie du Lumiar - Académie Musicale 1er juin 1893'),
('1a76335f-3b5a-4aa3-bd75-d64b8a8fcb12', false, 'es', 'Academia del Lumiar - Academia Musical 1.º de junio de 1893'),
('f43cac1b-2691-41c4-9052-3e1b10f155c4', true,  'pt', 'Academia de Música de Santa Cecília'),
('f43cac1b-2691-41c4-9052-3e1b10f155c4', false, 'en', 'Santa Cecília Music Academy'),
('f43cac1b-2691-41c4-9052-3e1b10f155c4', false, 'fr', 'Académie de Musique de Santa Cecília'),
('8b4fac64-53fe-47ac-bf4d-0fcf367a41bd', true,  'pt', 'Centro de Formação Profissional da Amadora'),
('8b4fac64-53fe-47ac-bf4d-0fcf367a41bd', false, 'en', 'Amadora''s Centre for Vocational Training'),
('8b4fac64-53fe-47ac-bf4d-0fcf367a41bd', false, 'fr', 'Centre de Formation Professionnelle d''Amadora'),
('8b4fac64-53fe-47ac-bf4d-0fcf367a41bd', false, 'es', 'Centro de Formación Profesional de la Amadora'),
('047c765f-abfc-44ae-8b5d-3b0ec4d05f9e', true,  'pt', 'Colégio Militar'),
('047c765f-abfc-44ae-8b5d-3b0ec4d05f9e', false, 'en', 'Military College'),
('047c765f-abfc-44ae-8b5d-3b0ec4d05f9e', false, 'fr', 'Collège Militaire'),
('047c765f-abfc-44ae-8b5d-3b0ec4d05f9e', false, 'es', 'Colegio Militar'),
('71ff3faa-3609-4ee9-be1c-54ad8ddb2dd9', true,  'pt', 'Colégio Mira Rio'),
('71ff3faa-3609-4ee9-be1c-54ad8ddb2dd9', false, 'en', 'Mira Rio School'),
('71ff3faa-3609-4ee9-be1c-54ad8ddb2dd9', false, 'fr', 'Collège Mira Rio'),
('71ff3faa-3609-4ee9-be1c-54ad8ddb2dd9', false, 'es', 'Colegio Mira Rio'),
('18115a98-4b5b-4a9c-bdd6-2d2158c5324d', true,  'pt', 'Colégio Moderno'),
('18115a98-4b5b-4a9c-bdd6-2d2158c5324d', false, 'en', 'Moderno College'),
('18115a98-4b5b-4a9c-bdd6-2d2158c5324d', false, 'fr', 'Collège Moderno'),
('18115a98-4b5b-4a9c-bdd6-2d2158c5324d', false, 'es', 'Colegio Moderno'),
('d62a37f7-07eb-441b-99d5-0521a4a86804', true,  'pt', 'Colégio de São João de Brito'),
('d62a37f7-07eb-441b-99d5-0521a4a86804', false, 'en', 'São João de Brito School'),
('d62a37f7-07eb-441b-99d5-0521a4a86804', false, 'fr', 'Collège de São João de Brito'),
('d62a37f7-07eb-441b-99d5-0521a4a86804', false, 'es', 'Colegio de São João de Brito'),
('1cc64565-7ff2-4ebb-b5ae-c9205d1e3b5d', true,  'pt', 'Colégio de São Tomás'),
('1cc64565-7ff2-4ebb-b5ae-c9205d1e3b5d', false, 'en', 'São Tomás High School'),
('1cc64565-7ff2-4ebb-b5ae-c9205d1e3b5d', false, 'fr', 'Collège de São Tomás'),
('1cc64565-7ff2-4ebb-b5ae-c9205d1e3b5d', false, 'es', 'Colegio de São Tomás'),
('3a751ec6-fd45-40b0-a9e0-c9ff9a90353e', true,  'pt', 'Colégio de São Tomás - Quinta das Conchas'),
('3a751ec6-fd45-40b0-a9e0-c9ff9a90353e', false, 'en', 'São Tomás College - Quinta das Conchas'),
('3a751ec6-fd45-40b0-a9e0-c9ff9a90353e', false, 'fr', 'Collège de São Tomás - Quinta das Conchas'),
('3a751ec6-fd45-40b0-a9e0-c9ff9a90353e', false, 'es', 'Colegio de São Tomás - Quinta das Conchas'),
('d8dd777b-663d-4d27-b524-91ceba543cfc', true,  'pt', 'Colégio de Santa Doroteia'),
('d8dd777b-663d-4d27-b524-91ceba543cfc', false, 'en', 'Santa Doroteia School'),
('d8dd777b-663d-4d27-b524-91ceba543cfc', false, 'fr', 'Collège de Santa Doroteia'),
('d8dd777b-663d-4d27-b524-91ceba543cfc', false, 'es', 'Colegio de Santa Doroteia'),
('c7743221-5edc-4e89-a985-9c354fc93aed', true,  'pt', 'Colégio Universitário Pio XII'),
('c7743221-5edc-4e89-a985-9c354fc93aed', false, 'en', 'University College Pio XII'),
('c7743221-5edc-4e89-a985-9c354fc93aed', false, 'fr', 'Collège Universitaire Pio XII'),
('c7743221-5edc-4e89-a985-9c354fc93aed', false, 'es', 'Colegio Universitario Pio XII'),
('8f3634b0-103d-40b5-a69d-c88667ab8a3a', true,  'pt', 'Coopténica - Escola Profissional Gustave Eiffel'),
('8f3634b0-103d-40b5-a69d-c88667ab8a3a', false, 'en', 'Gustave Eiffel Vocational School'),
('8f3634b0-103d-40b5-a69d-c88667ab8a3a', false, 'fr', 'École Professionnelle Gustave Eiffel'),
('8f3634b0-103d-40b5-a69d-c88667ab8a3a', false, 'es', 'Escuela Profesional Gustave Eiffel'),
('fd91b475-cb5c-4383-b5dc-4a31fd48f766', true,  'pt', 'Escola Alemã de Lisboa'),
('fd91b475-cb5c-4383-b5dc-4a31fd48f766', false, 'en', 'German School of Lisbon'),
('fd91b475-cb5c-4383-b5dc-4a31fd48f766', false, 'fr', 'École Allemande de Lisbonne'),
('fd91b475-cb5c-4383-b5dc-4a31fd48f766', false, 'es', 'Escuela Alemana e Lisboa'),
('cb073caf-87fd-409f-97b5-22092416aaf8', true,  'pt', 'Escola Básica de Alfornelos'),
('cb073caf-87fd-409f-97b5-22092416aaf8', false, 'en', 'Alfornelos Elementary School'),
('cb073caf-87fd-409f-97b5-22092416aaf8', false, 'fr', 'École Élementaire d''Alfornelos'),
('cb073caf-87fd-409f-97b5-22092416aaf8', false, 'es', 'Escuela Básica de Alfornelos'),
('311ba5dd-a113-425f-b04d-7f0525fc77f3', true,  'pt', 'Escola Básica Alice Leite'),
('311ba5dd-a113-425f-b04d-7f0525fc77f3', false, 'en', 'Alice Leite Elementary School'),
('311ba5dd-a113-425f-b04d-7f0525fc77f3', false, 'fr', 'École Élementaire Alice Leite'),
('311ba5dd-a113-425f-b04d-7f0525fc77f3', false, 'es', 'Escuela Básica Alice Leite'),
('3c6be518-d895-4daa-9bd2-089d934acbae', true,  'pt', 'Escola Básica Alice Vieira'),
('3c6be518-d895-4daa-9bd2-089d934acbae', false, 'en', 'Alice Vieira Elementary School'),
('3c6be518-d895-4daa-9bd2-089d934acbae', false, 'fr', 'École Élémentaire Alice Vieira'),
('3c6be518-d895-4daa-9bd2-089d934acbae', false, 'es', 'Escuela Básica Alice Vieira'),
('2dc86905-f37f-4eaa-845e-4f27beb393dd', true,  'pt', 'Escola Básica do Bairro de São Miguel'),
('2dc86905-f37f-4eaa-845e-4f27beb393dd', false, 'en', 'São Miguel Neighborhood Elementary School'),
('2dc86905-f37f-4eaa-845e-4f27beb393dd', false, 'fr', 'École Élémentaire du Quartier de São Miguel'),
('2dc86905-f37f-4eaa-845e-4f27beb393dd', false, 'es', 'Escuela Básica del Barrio de São Miguel'),
('5f3e6b1d-d236-426d-afc5-4941b37f4895', true,  'pt', 'Escola Básica Bernardim Ribeiro'),
('5f3e6b1d-d236-426d-afc5-4941b37f4895', false, 'en', 'Bernardim Ribeiro Elementary School'),
('5f3e6b1d-d236-426d-afc5-4941b37f4895', false, 'fr', 'École Élémentaire Bernardim Ribeiro'),
('5f3e6b1d-d236-426d-afc5-4941b37f4895', false, 'es', 'Escuela Básica Bernardim Ribeiro'),
('ead9bfd1-fc60-4fb9-b79f-a6018eaa8a84', true,  'pt', 'Escola Básica Eugénio dos Santos'),
('ead9bfd1-fc60-4fb9-b79f-a6018eaa8a84', false, 'en', 'Eugénio dos Santos Elementary School'),
('ead9bfd1-fc60-4fb9-b79f-a6018eaa8a84', false, 'fr', 'École Élémentaire Eugénio dos Santos'),
('ead9bfd1-fc60-4fb9-b79f-a6018eaa8a84', false, 'es', 'Escuela Básica Eugénio dos Santos'),
('91976d0d-e5e4-4e30-b9ee-1ad7b8d3e4a0', true,  'pt', 'Escola Básica Eurico Gonçalves'),
('91976d0d-e5e4-4e30-b9ee-1ad7b8d3e4a0', false, 'en', 'Eurico Gonçalves Elementary School'),
('91976d0d-e5e4-4e30-b9ee-1ad7b8d3e4a0', false, 'fr', 'École Élémentaire Eurico Gonçalves'),
('91976d0d-e5e4-4e30-b9ee-1ad7b8d3e4a0', false, 'es', 'Escuela Básica Eurico Gonçalves'),
('7b1bb7ef-388e-4249-a3ce-46e540b19b5d', true,  'pt', 'Escola Básica e Jardim de Infância Manuel Teixeira Gomes'),
('7b1bb7ef-388e-4249-a3ce-46e540b19b5d', false, 'en', 'Manuel Teixeira Gomes Elementary School and Kindergarten'),
('7b1bb7ef-388e-4249-a3ce-46e540b19b5d', false, 'fr', 'École Élémentaire et Maternelle Manuel Teixeira Gomes'),
('7b1bb7ef-388e-4249-a3ce-46e540b19b5d', false, 'es', 'Escuela Básica y Jardín de Infancia Manuel Teixeira Gomes'),
('ed3620d0-360e-4935-a02d-29835d7de3f3', true,  'pt', 'Escola Básica e Jardim de Infância de Santo António'),
('ed3620d0-360e-4935-a02d-29835d7de3f3', false, 'en', 'Santo António Elementary School and Kindergarten'),
('ed3620d0-360e-4935-a02d-29835d7de3f3', false, 'fr', 'École Élémentaire et Maternelle de Santo António'),
('ed3620d0-360e-4935-a02d-29835d7de3f3', false, 'es', 'Escuela Básica y Jardín de Infancia de Santo António'),
('8503d368-3079-4c9b-9eca-72dfa301ba88', true,  'pt', 'Escola Básica e Jardim de Infância Sarah Afonso'),
('8503d368-3079-4c9b-9eca-72dfa301ba88', false, 'en', 'Sarah Afonso Elementary School and Kindergarten'),
('8503d368-3079-4c9b-9eca-72dfa301ba88', false, 'fr', 'École Élémentaire et Maternelle Sarah Afonso'),
('8503d368-3079-4c9b-9eca-72dfa301ba88', false, 'es', 'Escuela Básica y Jardín de Infancia Sarah Afonso'),
('2f48aacf-a69c-47d6-a85e-357353b1ae13', true,  'pt', 'Escola Básica Maria Irene Lopes de Azevedo'),
('2f48aacf-a69c-47d6-a85e-357353b1ae13', false, 'en', 'Maria Irene Lopes de Azevedo Elementary School'),
('2f48aacf-a69c-47d6-a85e-357353b1ae13', false, 'fr', 'École Élementaire Maria Irene Lopes de Azevedo'),
('2f48aacf-a69c-47d6-a85e-357353b1ae13', false, 'es', 'Escuela Básica Maria Irene Lopes de Azevedo'),
('2c92481f-bf4f-413e-ad1f-2a15c8dc5e08', true,  'pt', 'Escola Básica Maria Máxima Vaz'),
('2c92481f-bf4f-413e-ad1f-2a15c8dc5e08', false, 'en', 'Maria Máxima Vaz Elementary School'),
('2c92481f-bf4f-413e-ad1f-2a15c8dc5e08', false, 'fr', 'École Élémentaire Maria Máxima Vaz'),
('2c92481f-bf4f-413e-ad1f-2a15c8dc5e08', false, 'es', 'Escuela Básica Maria Máxima Vaz'),
('e887c2af-da73-424a-acd9-f269a0873895', true,  'pt', 'Escola Básica Mello Falcão'),
('e887c2af-da73-424a-acd9-f269a0873895', false, 'en', 'Mello Falcão Elementary School'),
('e887c2af-da73-424a-acd9-f269a0873895', false, 'fr', 'École Élementaire Mello Falcão'),
('e887c2af-da73-424a-acd9-f269a0873895', false, 'es', 'Escuela Básica Mello Falcão'),
('bbc413b3-3ca6-4224-8d3f-15e8490d56b1', true,  'pt', 'Escola Básica 2º e 3º ciclo dos Olivais'),
('bbc413b3-3ca6-4224-8d3f-15e8490d56b1', false, 'en', 'Olivais High School'),
('bbc413b3-3ca6-4224-8d3f-15e8490d56b1', false, 'fr', 'Collège d''Olivais'),
('bbc413b3-3ca6-4224-8d3f-15e8490d56b1', false, 'es', 'Escuela Secundaria de les Olivais'),
('61061cf2-76cc-4e19-a8ab-7ac87a03dde5', true,  'pt', 'Escola Básica Orlando Gonçalves'),
('61061cf2-76cc-4e19-a8ab-7ac87a03dde5', false, 'en', 'Orlando Gonçalves Elementary School'),
('61061cf2-76cc-4e19-a8ab-7ac87a03dde5', false, 'fr', 'École Élementaire Orlando Gonçalves'),
('61061cf2-76cc-4e19-a8ab-7ac87a03dde5', false, 'es', 'Escuela Básica Orlando Gonçalves'),
('446d67b6-88b6-4494-a559-f4fa8bf14323', true,  'pt', 'Escola Básica 2,3 Piscinas - Olivais'),
('446d67b6-88b6-4494-a559-f4fa8bf14323', false, 'en', 'Piscinas - Olivais Elementary School'),
('446d67b6-88b6-4494-a559-f4fa8bf14323', false, 'fr', 'École Élémentaire Piscinas - Olivais'),
('446d67b6-88b6-4494-a559-f4fa8bf14323', false, 'es', 'Escuela Básica Piscinas - Olivais'),
('d92514a4-193b-46fc-8cc3-94c6e0588844', true,  'pt', 'Escola Básica Professor Delfim Santos'),
('d92514a4-193b-46fc-8cc3-94c6e0588844', false, 'en', 'Professor Delfim Santos Elementary School'),
('d92514a4-193b-46fc-8cc3-94c6e0588844', false, 'fr', 'École Élémentaire Professeur Delfim Santos'),
('d92514a4-193b-46fc-8cc3-94c6e0588844', false, 'es', 'Escuela Básica Profesor Delfim Santos'),
('e913ec11-4479-4702-8884-a30635267390', true,  'pt', 'Escola Básica Professor Lindley Cintra'),
('e913ec11-4479-4702-8884-a30635267390', false, 'en', 'Professor Lindley Cintra Elementary School'),
('e913ec11-4479-4702-8884-a30635267390', false, 'fr', 'École Élémentaire Professeur Lindley Cintra'),
('e913ec11-4479-4702-8884-a30635267390', false, 'es', 'Escuela Básica Professor Lindley Cintra'),
('8fbd7d9a-e7bf-44c1-a572-a4c9b772eb1a', true,  'pt', 'Escola Básica Quinta dos Frades'),
('8fbd7d9a-e7bf-44c1-a572-a4c9b772eb1a', false, 'en', 'Quinta dos Frades Elementary School'),
('8fbd7d9a-e7bf-44c1-a572-a4c9b772eb1a', false, 'fr', 'École Élémentaire Quinta dos Frades'),
('8fbd7d9a-e7bf-44c1-a572-a4c9b772eb1a', false, 'es', 'Escuela Básica Quinta dos Frades'),
('68bf3d96-6336-4df3-afdd-93d4b3364534', true,  'pt', 'Escola Básica Santa Maria dos Olivais'),
('68bf3d96-6336-4df3-afdd-93d4b3364534', false, 'en', 'Santa Maria dos Olivais Elementary School'),
('68bf3d96-6336-4df3-afdd-93d4b3364534', false, 'fr', 'École Élémentaire Santa Maria dos Olivais'),
('68bf3d96-6336-4df3-afdd-93d4b3364534', false, 'es', 'Escuela Básica Santa Maria dos Olivais'),
('a022157b-d2b5-4a7e-9898-ed7a2e15530d', true,  'pt', 'Escola Profissional de Artes, Tecnologias e Desporto'),
('a022157b-d2b5-4a7e-9898-ed7a2e15530d', false, 'en', 'Vocational School of Arts, Technologies and Sport'),
('a022157b-d2b5-4a7e-9898-ed7a2e15530d', false, 'fr', 'École Professionnelle des Arts, des Technologies et du Sport'),
('a022157b-d2b5-4a7e-9898-ed7a2e15530d', false, 'es', 'Escuela Profesional de Artes, Tecnologías y Deporte'),
('f06d3bff-2319-420a-9664-91bb3ed05c75', true,  'pt', 'Escola Profissional Gustave Eiffel - Campus Lumiar'),
('f06d3bff-2319-420a-9664-91bb3ed05c75', false, 'en', 'Gustave Eiffel Vocational school - Lumiar Campus'),
('f06d3bff-2319-420a-9664-91bb3ed05c75', false, 'fr', 'École Professionelle Gustave Eiffel - Campus Lumiar'),
('f06d3bff-2319-420a-9664-91bb3ed05c75', false, 'es', 'Escuela Profesional Gustave Eiffel - Campus Lumiar'),
('048ed243-2c5a-4141-8eb7-94dfe94724d8', true,  'pt', 'Escola Intercultural das Profissões e do Desporto - Pólo Reboleira'),
('048ed243-2c5a-4141-8eb7-94dfe94724d8', false, 'en', 'Intercultural School of Professions and Sport - Reboleira Delegation'),
('048ed243-2c5a-4141-8eb7-94dfe94724d8', false, 'fr', 'École Interculturelle des Métiers et du Sport - Délégation de Reboleira'),
('048ed243-2c5a-4141-8eb7-94dfe94724d8', false, 'es', 'Escuela Intercultural de las Profesiones y del Deporte - Delegación de la Reboleira'),
('c8a9f474-f13d-4a4b-9ccf-2c2c3ff1dadc', true,  'pt', 'Escola Secundária António Damásio'),
('c8a9f474-f13d-4a4b-9ccf-2c2c3ff1dadc', false, 'en', 'António Damásio High School'),
('c8a9f474-f13d-4a4b-9ccf-2c2c3ff1dadc', false, 'fr', 'Lycée António Damásio'),
('c8a9f474-f13d-4a4b-9ccf-2c2c3ff1dadc', false, 'es', 'Escuela Secundaria António Damásio'),
('48a25bde-c12e-4fcb-a1f0-aebc1ce28bee', true,  'pt', 'Escola Secundária Artística António Arroio'),
('48a25bde-c12e-4fcb-a1f0-aebc1ce28bee', false, 'en', 'António Arroio Art High School'),
('48a25bde-c12e-4fcb-a1f0-aebc1ce28bee', false, 'fr', 'Lycée Artistique António Arroio'),
('48a25bde-c12e-4fcb-a1f0-aebc1ce28bee', false, 'es', 'Escuela Secundaria Artística António Arroio'),
('07c4203d-bee8-4c88-a414-04ce59556c28', true,  'pt', 'Escola Secundária Braamcamp Freire'),
('07c4203d-bee8-4c88-a414-04ce59556c28', false, 'en', 'Braamcamp Freire High School'),
('07c4203d-bee8-4c88-a414-04ce59556c28', false, 'fr', 'Lycée Braamcamp Freire'),
('07c4203d-bee8-4c88-a414-04ce59556c28', false, 'es', 'Escuela Secundaria Freire'),
('1a32cefe-9864-428f-9675-608762661aad', true,  'pt', 'Escola Secundária de Camões'),
('1a32cefe-9864-428f-9675-608762661aad', false, 'en', 'Camões High School'),
('1a32cefe-9864-428f-9675-608762661aad', false, 'fr', 'Lycée Camões'),
('1a32cefe-9864-428f-9675-608762661aad', false, 'es', 'Escuela Secundaria Camões'),
('e9aa7025-0d15-4924-98ac-e1d966f2ab8b', true,  'pt', 'Escola Secundária D. Dinis'),
('e9aa7025-0d15-4924-98ac-e1d966f2ab8b', false, 'en', 'D. Dinis High School'),
('e9aa7025-0d15-4924-98ac-e1d966f2ab8b', false, 'fr', 'Lycée D. Dinis'),
('e9aa7025-0d15-4924-98ac-e1d966f2ab8b', false, 'es', 'Escuela Secundaria D. Dinis'),
('80ce6b16-f43f-4ead-b9a1-6abe16481c45', true,  'pt', 'Escola Secundária D. Pedro V'),
('80ce6b16-f43f-4ead-b9a1-6abe16481c45', false, 'en', 'D. Pedro V High School'),
('80ce6b16-f43f-4ead-b9a1-6abe16481c45', false, 'fr', 'Lycée D. Pedro V'),
('80ce6b16-f43f-4ead-b9a1-6abe16481c45', false, 'es', 'Escuela Secundaria D. Pedro V'),
('6f5a2a06-c762-438e-85b9-144f5879f818', true,  'pt', 'Escola Secundária Dona Filipa de Lencastre'),
('6f5a2a06-c762-438e-85b9-144f5879f818', false, 'en', 'Dona Filipa de Lencastre High School'),
('6f5a2a06-c762-438e-85b9-144f5879f818', false, 'fr', 'Lycée Dona Filipa de Lencastre'),
('6f5a2a06-c762-438e-85b9-144f5879f818', false, 'es', 'Escuela Secundaria Dona Filipa de Lencastre'),
('28598e2d-8ddc-47b6-a747-1039012259dc', true,  'pt', 'Escola Secundaria Dona Luísa de Gusmão'),
('28598e2d-8ddc-47b6-a747-1039012259dc', false, 'en', 'Dona Luisa de Gusmão High School'),
('28598e2d-8ddc-47b6-a747-1039012259dc', false, 'fr', 'Lycée Dona Luísa de Gusmão'),
('28598e2d-8ddc-47b6-a747-1039012259dc', false, 'es', 'Escuela Secundaria Dona Luisa de Gusmão'),
('8455a118-660b-4eea-9305-f0935254e623', true,  'pt', 'Escola Secundária Eça de Queiroz'),
('8455a118-660b-4eea-9305-f0935254e623', false, 'en', 'Eça de Queiroz High School'),
('8455a118-660b-4eea-9305-f0935254e623', false, 'fr', 'Lycée Eça de Queiroz'),
('8455a118-660b-4eea-9305-f0935254e623', false, 'es', 'Escuela Secundaria Eças de Queiroz'),
('aadb3e9b-13bd-4d99-b0bc-4fe57360f4c7', true,  'pt', 'Escola Secundária Gil Vicente'),
('aadb3e9b-13bd-4d99-b0bc-4fe57360f4c7', false, 'en', 'Gil Vicente High School'),
('aadb3e9b-13bd-4d99-b0bc-4fe57360f4c7', false, 'fr', 'Lycée Gil Vicente'),
('aadb3e9b-13bd-4d99-b0bc-4fe57360f4c7', false, 'es', 'Escuela Secundaria Gil Vicente'),
('63be58ec-68a8-45ee-b7d8-d521803cbaa9', true,  'pt', 'Escola Secundária do Lumiar'),
('63be58ec-68a8-45ee-b7d8-d521803cbaa9', false, 'en', 'Lumiar High School'),
('63be58ec-68a8-45ee-b7d8-d521803cbaa9', false, 'fr', 'Lycée du Lumiar'),
('63be58ec-68a8-45ee-b7d8-d521803cbaa9', false, 'es', 'Escuela Secundaria del Lumiar'),
('79e161e0-156d-4cd1-a0b8-4988861ed9a6', true,  'pt', 'Escola Secundária de Odivelas'),
('79e161e0-156d-4cd1-a0b8-4988861ed9a6', false, 'en', 'Odivelas High School'),
('79e161e0-156d-4cd1-a0b8-4988861ed9a6', false, 'fr', 'Lycée d''Odivelas'),
('79e161e0-156d-4cd1-a0b8-4988861ed9a6', false, 'es', 'Escuela Secundaria de Odivelas'),
('ab967dd3-161f-4042-baa8-895d27a1bd98', true,  'pt', 'Escola Secundária das Olaias'),
('ab967dd3-161f-4042-baa8-895d27a1bd98', false, 'en', 'Olaias High School'),
('ab967dd3-161f-4042-baa8-895d27a1bd98', false, 'fr', 'Lycée d''Olaias'),
('ab967dd3-161f-4042-baa8-895d27a1bd98', false, 'es', 'Escuela Secundaria de las Olaias'),
('82dfcf07-ea24-49b5-bc3d-62209badbeeb', true,  'pt', 'Escola Secundária Pedro Nunes'),
('82dfcf07-ea24-49b5-bc3d-62209badbeeb', false, 'en', 'Pedro Nunes High School'),
('82dfcf07-ea24-49b5-bc3d-62209badbeeb', false, 'fr', 'Lycée Pedro Nunes'),
('82dfcf07-ea24-49b5-bc3d-62209badbeeb', false, 'es', 'Escuela Secundaria Pedro Nunes'),
('4e0cfc4b-a5a1-4426-ad5c-48fd7aa93787', true,  'pt', 'Escola Secundária Rainha Dona Leonor'),
('4e0cfc4b-a5a1-4426-ad5c-48fd7aa93787', false, 'en', 'Rainha Dona Leonor High School'),
('4e0cfc4b-a5a1-4426-ad5c-48fd7aa93787', false, 'fr', 'Lycée Rainha Dona Leonor'),
('4e0cfc4b-a5a1-4426-ad5c-48fd7aa93787', false, 'es', 'Escuela Secundaria Rainha Dona Leonor'),
('5535613f-6732-441c-9c17-bdf03114a9da', true,  'pt', 'Externato Marista de Lisboa'),
('5535613f-6732-441c-9c17-bdf03114a9da', false, 'en', 'Marist School of Lisbon'),
('5535613f-6732-441c-9c17-bdf03114a9da', false, 'fr', 'Externat Mariste de Lisbonne'),
('5535613f-6732-441c-9c17-bdf03114a9da', false, 'es', 'Externado Marista de Lisboa'),
('2a1b8203-d4ab-4852-9d45-27aa62a66603', true,  'pt', 'Externato São Vicente de Paulo'),
('2a1b8203-d4ab-4852-9d45-27aa62a66603', false, 'en', 'São Vicente de Paulo High School'),
('2a1b8203-d4ab-4852-9d45-27aa62a66603', false, 'fr', 'Externat São Vicente de Paulo'),
('2a1b8203-d4ab-4852-9d45-27aa62a66603', false, 'es', 'Externado São Vicente de Paulo'),
('c6969d43-a7d1-47a2-a946-02c7b6fdf63a', true,  'pt', 'Jardim de Infância da Ameixoeira'),
('c6969d43-a7d1-47a2-a946-02c7b6fdf63a', false, 'en', 'Ameixoeira Kindergarten'),
('c6969d43-a7d1-47a2-a946-02c7b6fdf63a', false, 'fr', 'École Maternelle d''Ameixoeira'),
('c6969d43-a7d1-47a2-a946-02c7b6fdf63a', false, 'es', 'Jardín de Infancia de Ameixoeira'), 
('6780dec7-821d-460e-aefe-91bac42f285c', true,  'pt', 'Jardim de Infância do Lumiar'),
('6780dec7-821d-460e-aefe-91bac42f285c', false, 'en', 'Lumiar Kindergarten'),
('6780dec7-821d-460e-aefe-91bac42f285c', false, 'fr', 'École Maternelle du Lumiar'),
('6780dec7-821d-460e-aefe-91bac42f285c', false, 'es', 'Jardín de Infancia del Lumiar');

INSERT INTO poi (id, type, world_coord, web_url) VALUES
('440fc82b-1ce4-4e56-9792-8c2ff30150db', 'shopping-center', '(38.710964, -9.139472)', 'http://www.armazensdochiado.com/'),
('134d8be0-21a9-4c4d-bca7-5cb4701417fd', 'shopping-center', '(38.753241, -9.144798)', 'http://www.centrocomercialalvalade.pt/'),
('94d07250-ed0c-452c-bc4c-f20ca5cc4a90', 'shopping-center', '(38.732934, -9.144731)', 'http://www.atriumsaldanha.pt/'),
('3c11bccc-f6a8-47e4-9f26-668757e4c9b3', 'shopping-center', '(38.749749, -9.117737)', 'http://www.cm-lisboa.pt/equipamentos/equipamento/info/centro-comercial-bela-vista'),
('36e8a887-c5f2-4b28-9a57-6eb52251f7db', 'shopping-center', '(38.742566, -9.145443)', 'http://www.campopequeno.com/centrocomercial/'),
('3cf48b0a-8c34-414a-96dc-2762dac98236', 'shopping-center', '(38.754588, -9.188566)', 'https://www.colombo.pt/'),
('945ba6ac-8948-43c7-9b39-f7061ddd43a3', 'shopping-center', '(38.733324, -9.145694)', 'https://dolcevitamonumental.pt'),
('126e9cc2-5564-4559-a966-980eabca0ba9', 'shopping-center', '(38.733293, -9.153773)', 'http://www.elcorteingles.pt/'),
('d8af44a4-5778-4e3f-97d2-cbd3c11d17f4', 'shopping-center', '(38.748490, -9.190698)', 'http://www.ccfontenova.com'),
('94de3da0-9860-45e3-9a3f-2df2731f454e', 'shopping-center', '(38.772207, -9.160339)', 'http://www.cm-lisboa.pt/equipamentos/equipamento/info/centro-comercial-do-lumiar'),
('a1572e85-00d1-4a9a-9fc8-bafd4a80e81a', 'shopping-center', '(38.716736, -9.136517)', 'http://www.cm-lisboa.pt/equipamentos/equipamento/info/centro-comercial-martim-moniz'),
('6470b5f1-0845-4a8d-be26-5330591635d9', 'shopping-center', '(38.716298, -9.135538)', 'http://www.cm-lisboa.pt/equipamentos/equipamento/info/centro-comercial-mouraria'),
('d90e45e4-df99-4f6c-a119-3e844c1495be', 'shopping-center', '(38.738929, -9.125669)', 'http://www.olaiasplaza.com/'),
('8c5b0e11-1166-49ec-8c67-096109bf48d5', 'shopping-center', '(38.731199, -9.148255)', 'http://picoasplaza.pt/pt/picoas_plaza/'),
('563790d8-6709-438b-8d6d-01d7349c2f98', 'shopping-center', '(38.764671, -9.199319)', 'http://www.ccpontinha.pt/'),
('f7b4cb24-5c60-4aba-a5cb-361d21d88b1f', 'shopping-center', '(38.747642, -9.140721)', 'http://ccroma.pt/'),
('14cea202-c49c-4c34-8435-502bd565e76a', 'shopping-center', '(38.731950, -9.145606)', 'http://www.saldanharesidence.com/'),
('0b892ccd-07c9-467a-a563-527aec525655', 'shopping-center', '(38.767740, -9.097478)', 'https://www.centrovascodagama.pt/'),
('1d6ea85f-600b-4863-8f99-35e3e8bf5cf6', 'shopping-center', '(38.768553, -9.157258)', 'http://mourasshoppingcenter.pt/pt'),
('ec494207-f545-4874-8a8d-c5ce06028767', 'shopping-center', '(38.762333, -9.114353)', 'http://www.spacioshopping.pt/'),
('f69aeb2d-fe2f-4433-802a-e4e27b005f3b', 'shopping-center', '(38.720147, -9.144742)', 'https://www.lisbonshopping.pt/pt/pontos-de-interesse/tivoli-forum/tivoli-forum/');

INSERT INTO poi_name (id, main, lang, name) VALUES
('440fc82b-1ce4-4e56-9792-8c2ff30150db', true,  'pt', 'Armazéns do Chiado'),
('134d8be0-21a9-4c4d-bca7-5cb4701417fd', true,  'pt', 'Centro Comercial Alvalade'),
('134d8be0-21a9-4c4d-bca7-5cb4701417fd', false, 'en', 'Alvalade Shopping Centre'),
('134d8be0-21a9-4c4d-bca7-5cb4701417fd', false, 'fr', 'Centre Commercial Alvalade'),
('94d07250-ed0c-452c-bc4c-f20ca5cc4a90', true,  'pt', 'Centro Comercial Atrium Saldanha'),
('94d07250-ed0c-452c-bc4c-f20ca5cc4a90', false, 'en', 'Atrium Saldanha Shopping Center'),
('94d07250-ed0c-452c-bc4c-f20ca5cc4a90', false, 'fr', 'Centre Commercial Atrium Saldanha'),
('3c11bccc-f6a8-47e4-9f26-668757e4c9b3', true,  'pt', 'Centro Comercial Bela Vista'),
('3c11bccc-f6a8-47e4-9f26-668757e4c9b3', false, 'en', 'Bela Vista Shopping Centre'),
('3c11bccc-f6a8-47e4-9f26-668757e4c9b3', false, 'fr', 'Centre Commercial Bela Vista'),
('36e8a887-c5f2-4b28-9a57-6eb52251f7db', true,  'pt', 'Centro Comercial do Campo Pequeno'),
('36e8a887-c5f2-4b28-9a57-6eb52251f7db', false, 'en', 'Campo Pequeno Shopping Center'),
('36e8a887-c5f2-4b28-9a57-6eb52251f7db', false, 'fr', 'Centre Commercial du Campo Pequeno'),
('36e8a887-c5f2-4b28-9a57-6eb52251f7db', false, 'es', 'Centro Comercial del Campo Pequeno'),
('3cf48b0a-8c34-414a-96dc-2762dac98236', true,  'pt', 'Centro Comercial Colombo'),
('3cf48b0a-8c34-414a-96dc-2762dac98236', false, 'en', 'Colombo Shopping Center'),
('3cf48b0a-8c34-414a-96dc-2762dac98236', false, 'fr', 'Centre Commercial Colombo'),
('945ba6ac-8948-43c7-9b39-f7061ddd43a3', true,  'pt', 'Centro Comercial Dolce Vita Monumental'),
('945ba6ac-8948-43c7-9b39-f7061ddd43a3', false, 'en', 'Dolce Vita Monumental Shopping Center'),
('945ba6ac-8948-43c7-9b39-f7061ddd43a3', false, 'fr', 'Centre Commercial Dolce Vita Monumental'),
('126e9cc2-5564-4559-a966-980eabca0ba9', true,  'pt', 'Centro Comercial El Corte Inglés'),
('126e9cc2-5564-4559-a966-980eabca0ba9', false, 'en', 'El Corte Inglés Shopping Center'),
('126e9cc2-5564-4559-a966-980eabca0ba9', false, 'fr', 'Centre Commercial El Corte Inglés'),
('d8af44a4-5778-4e3f-97d2-cbd3c11d17f4', true,  'pt', 'Centro Comercial Fonte Nova'),
('d8af44a4-5778-4e3f-97d2-cbd3c11d17f4', false, 'en', 'Fonte Nova Shopping Center'),
('d8af44a4-5778-4e3f-97d2-cbd3c11d17f4', false, 'fr', 'Centre Commercial Fonte Nova'),
('94de3da0-9860-45e3-9a3f-2df2731f454e', true,  'pt', 'Centro Comercial do Lumiar'),
('94de3da0-9860-45e3-9a3f-2df2731f454e', false, 'en', 'Lumiar Shopping Center'),
('94de3da0-9860-45e3-9a3f-2df2731f454e', false, 'fr', 'Centre Commercial du Lumiar'),
('94de3da0-9860-45e3-9a3f-2df2731f454e', false, 'es', 'Centro Comercial del Lumiar'),
('a1572e85-00d1-4a9a-9fc8-bafd4a80e81a', true,  'pt', 'Centro Comercial Martim Moniz'),
('a1572e85-00d1-4a9a-9fc8-bafd4a80e81a', false, 'en', 'Martim Moniz Shopping Center'),
('a1572e85-00d1-4a9a-9fc8-bafd4a80e81a', false, 'fr', 'Centre Commercial du Martim Moniz'),
('6470b5f1-0845-4a8d-be26-5330591635d9', true,  'pt', 'Centro Comercial da Mouraria'),
('6470b5f1-0845-4a8d-be26-5330591635d9', false, 'en', 'Mouraria Shopping Center'),
('6470b5f1-0845-4a8d-be26-5330591635d9', false, 'fr', 'Centre Commercial de Mouraria'),
('6470b5f1-0845-4a8d-be26-5330591635d9', false, 'es', 'Centro Comercial de la Mouraria'),
('d90e45e4-df99-4f6c-a119-3e844c1495be', true,  'pt', 'Centro Comercial Olaias Plaza'),
('d90e45e4-df99-4f6c-a119-3e844c1495be', false, 'en', 'Olaias Plaza Shopping Center'),
('d90e45e4-df99-4f6c-a119-3e844c1495be', false, 'fr', 'Centre Commercial Olaias Plaza'),
('8c5b0e11-1166-49ec-8c67-096109bf48d5', true,  'pt', 'Centro Comercial Picoas Plaza - Delegação da Junta de Freguesia das Avenidas Novas'),
('8c5b0e11-1166-49ec-8c67-096109bf48d5', false, 'en', 'Picoas Plaza Shopping Center - Avenidas Novas Parish Council Delegation'),
('8c5b0e11-1166-49ec-8c67-096109bf48d5', false, 'fr', 'Centre Commercial Picoas Plaza - Délégation de l''Arrondissement d''Avenidas Novas'),
('8c5b0e11-1166-49ec-8c67-096109bf48d5', false, 'es', 'Centro Comercial Picoas Plaza - Delegación de la Junta del Barrio de las Avenidas Novas'),
('563790d8-6709-438b-8d6d-01d7349c2f98', true,  'pt', 'Centro Comercial da Pontinha'),
('563790d8-6709-438b-8d6d-01d7349c2f98', false, 'en', 'Pontinha Shopping Center'),
('563790d8-6709-438b-8d6d-01d7349c2f98', false, 'fr', 'Centre Commercial de Pontinha'),
('563790d8-6709-438b-8d6d-01d7349c2f98', false, 'es', 'Centro Comercial de la Pontinha'),
('f7b4cb24-5c60-4aba-a5cb-361d21d88b1f', true,  'pt', 'Centro Comercial Roma'),
('f7b4cb24-5c60-4aba-a5cb-361d21d88b1f', false, 'en', 'Shopping Center Roma'),
('f7b4cb24-5c60-4aba-a5cb-361d21d88b1f', false, 'fr', 'Centre Commercial Roma'),
('14cea202-c49c-4c34-8435-502bd565e76a', true,  'pt', 'Centro Comercial Saldanha Residence'),
('14cea202-c49c-4c34-8435-502bd565e76a', false, 'en', 'Saldanha Residence Shopping Center'),
('14cea202-c49c-4c34-8435-502bd565e76a', false, 'fr', 'Centre Commercial Saldanha Residence'),
('0b892ccd-07c9-467a-a563-527aec525655', true,  'pt', 'Centro Comercial Vasco da Gama'),
('0b892ccd-07c9-467a-a563-527aec525655', false, 'en', 'Vasco de Gama Shopping Center'),
('0b892ccd-07c9-467a-a563-527aec525655', false, 'fr', 'Centre Commercial Vasco de Gama'),
('1d6ea85f-600b-4863-8f99-35e3e8bf5cf6', true,  'pt', 'Mouras Shopping Center'),
('ec494207-f545-4874-8a8d-c5ce06028767', true,  'pt', 'Spacio Shopping'),
('f69aeb2d-fe2f-4433-802a-e4e27b005f3b', true,  'pt', 'Tivoli Forum');

INSERT INTO poi (id, type, world_coord, web_url) VALUES
('4fa27edb-36b4-476b-8d20-811d15afeba2', 'show-room', '(38.768548, -9.094035)', 'http://arena.altice.pt/'),
('b1d720ec-325c-4f93-add3-03430f192cfa', 'show-room', '(38.749582, -9.179946)', 'http://auditorio.metrolisboa.pt/'),
('54e89045-5a61-4249-9ce5-596775f0e788', 'show-room', '(38.7526009, -9.1587031)', 'https://www.ulisboa.pt/espacos/aula-magna'),
('57066667-c1c6-4a13-81f8-acc98c442142', 'show-room', '(38.720866, -9.134687)', 'http://casaindependente.com/?lang=en'),
('a3147643-f4c4-439c-976d-b24f6ce93636', 'show-room', '(38.7202839, -9.1484652)', 'http://www.cinemasaojorge.pt/'),
('9e5d0363-1b7f-434c-a201-1d9a0cf47b82', 'show-room', '(38.716754, -9.140183)', 'http://www.coliseulisboa.com'),
('5693fb02-d0ac-4d49-8444-d963e9410698', 'show-room', '(38.770859, -9.093924)', 'http://www.fil.pt/'),
('12b2e84c-e466-4cfa-994a-f8a71c32de16', 'show-room', '(38.728869, -9.151474)', 'https://www.visitlisboa.com/pt-pt/sobre-o-turismo-de-lisboa/associados/pavilhao-carlos-lopes'),
('a0791f1a-066d-4620-be46-8180095cdccc', 'show-room', '(38.742597, -9.145216)', 'http://www.campopequeno.com/');

INSERT INTO poi_name (id, main, lang, name) VALUES
('4fa27edb-36b4-476b-8d20-811d15afeba2', true,  'pt', 'Altice Arena'),
('b1d720ec-325c-4f93-add3-03430f192cfa', true,  'pt', 'Auditório do Alto dos Moinhos'),
('b1d720ec-325c-4f93-add3-03430f192cfa', false, 'en', 'Alto dos Moinhos Auditorium'),
('b1d720ec-325c-4f93-add3-03430f192cfa', false, 'fr', 'Auditorium d''Alto dos Moinhos'),
('b1d720ec-325c-4f93-add3-03430f192cfa', false, 'es', 'Auditorio del Alto dos Moinhos'),
('54e89045-5a61-4249-9ce5-596775f0e788', true,  'pt', 'Aula Magna'),
('57066667-c1c6-4a13-81f8-acc98c442142', true,  'pt', 'Casa Independente'),
('a3147643-f4c4-439c-976d-b24f6ce93636', true,  'pt', 'Cinema São Jorge'),
('a3147643-f4c4-439c-976d-b24f6ce93636', false, 'en', 'São Jorge Cinema'),
('a3147643-f4c4-439c-976d-b24f6ce93636', false, 'fr', 'Cinéma São Jorge'),
('a3147643-f4c4-439c-976d-b24f6ce93636', false, 'es', 'Cine São Jorge'),
('9e5d0363-1b7f-434c-a201-1d9a0cf47b82', true,  'pt', 'Coliseu dos Recreios'),
('9e5d0363-1b7f-434c-a201-1d9a0cf47b82', false, 'en', 'Lisbon Coliseum'),
('9e5d0363-1b7f-434c-a201-1d9a0cf47b82', false, 'fr', 'Colisée des Recreios'),
('9e5d0363-1b7f-434c-a201-1d9a0cf47b82', false, 'es', 'Coliseo de los Recreios'),
('5693fb02-d0ac-4d49-8444-d963e9410698', true,  'pt', 'FIL - Feira Internacional de Lisboa'),
('5693fb02-d0ac-4d49-8444-d963e9410698', false, 'en', 'Lisbon International Fair'),
('5693fb02-d0ac-4d49-8444-d963e9410698', false, 'fr', 'Salon International de Lisbonne'),
('5693fb02-d0ac-4d49-8444-d963e9410698', false, 'es', 'Feria Internacional de Lisboa'),
('12b2e84c-e466-4cfa-994a-f8a71c32de16', true,  'pt', 'Pavilhão Carlos Lopes'),
('12b2e84c-e466-4cfa-994a-f8a71c32de16', false, 'en', 'Carlos Lopes Pavilion'),
('12b2e84c-e466-4cfa-994a-f8a71c32de16', false, 'fr', 'Pavillon Carlos Lopes'),
('12b2e84c-e466-4cfa-994a-f8a71c32de16', false, 'es', 'Pabellón Carlos Lopes'),
('a0791f1a-066d-4620-be46-8180095cdccc', true,  'pt', 'Praça de Touros do Campo Pequeno'),
('a0791f1a-066d-4620-be46-8180095cdccc', false, 'en', 'Campo Pequeno Bullring'),
('a0791f1a-066d-4620-be46-8180095cdccc', false, 'fr', 'Arène du Campo Pequeno'),
('a0791f1a-066d-4620-be46-8180095cdccc', false, 'es', 'Plaza de Toros del Campo Pequeno');

INSERT INTO poi (id, type, world_coord, web_url) VALUES
('3b1c1af1-f33c-4d2a-a06c-41063465f438', 'sports', '(38.777554, -9.121155)', 'http://www.adceo.pt/'),
('dc160b9f-0924-4e6a-abed-31e1e4132c1a', 'sports', '(38.775936, -9.100303)', 'https://www.facebook.com/ACMbasquetebol/'),
('291ee006-735e-4db8-acf3-1e2d29573b11', 'sports', '(38.742000, -9.123214)', 'http://www.olaiasclub.com/'),
('2ecd34a8-b0a3-437c-b5c7-c161a93c7fcf', 'sports', '(38.7745762, -9.1016978)', 'https://www.facebook.com/CDOMoscavide/'),
('28bbfd71-88c9-48d6-a4fd-109b42ce969e', 'sports', '(38.705527, -9.147909)', 'http://www.clubenavaldelisboa.pt/'),
('ca4d9361-1b47-467f-ae47-a558ead2f012', 'sports', '(38.7404274, -9.1234632)', 'http://www.tecnico-rugby.com/'),
('eb6cb51f-7897-49fe-a073-5a7dbecfa93c', 'sports', '(38.752957, -9.228356)', 'http://natacaoamadora.pt/'),
('48f32c03-5201-4464-a86a-9ce5fc886440', 'sports', '(38.708162, -9.141112)', 'http://www.cnb.pt/'),
('89eca3cc-3d8e-49ac-a112-98a7d7c6724f', 'sports', '(38.744876, -9.138903)', 'http://www.cm-lisboa.pt/equipamentos/equipamento/info/complexo-desportivo-municipal-do-areeiro'),
('123baa89-96b5-454e-84d8-c3b56a44489f', 'sports', '(38.761159, -9.160523)', 'http://www.sporting.pt/pt/'),
('fd8e3b82-4d85-4f42-8776-eeba98241bad', 'sports', '(38.752132, -9.227685)', 'http://www.cdestrela.pt'),
('733a0373-6e0f-4ad1-9c89-1b617e60e940', 'sports', '(38.752711, -9.184774)', 'https://www.slbenfica.pt/'),
('14fe3aa8-4aa9-4ce5-ac37-ee286f930880', 'sports', '(38.7519549, -9.1625467)', 'https://www.estadio.ulisboa.pt/'),
('0ff72d6f-d394-460a-a010-73ed6c86367d', 'sports', '(38.734627, -9.128840)', 'https://www.facebook.com/ginasioaltopina/'),
('98648346-8e60-47b8-a0a3-f4147fc7299e', 'sports', '(38.786116, -9.178018)', 'http://www.gcodivelas.com/'),
('f8f7217c-7448-4ae8-b634-ec7a82a82a91', 'sports', '(38.721431, -9.156610)', 'http://www.gcp.pt/'),
('890023ad-1053-4a8f-b236-498ad3dbba7a', 'sports', '(38.7561358, -9.1607642)', 'http://sociedadehipica.pt/'),
('3aa87829-7433-42ae-935c-6159275cc999', 'sports', '(38.751313, -9.138425)', 'http://www.inatel.pt/'),
('cb35d763-aec6-4461-bb76-3bb547089b01', 'sports', '(38.724810, -9.136174)', 'http://www.lgc.pt/'),
('cc499665-54bf-4976-9125-cb12904ac9e8', 'sports', '(38.7428649, -9.1287852)', 'http://www.cm-lisboa.pt/en/equipments/equipment/info/pavilhao-desportivo-do-complexo-desportivo-municipal-casal-vistoso'),
('fbb15f54-2dff-4dd2-b71b-c5c63a2a6d03', 'sports', '(38.721257, -9.132489)', 'http://www.jfarroios.pt/piscina/'),
('6c4dae1f-4f72-439e-9fe7-01ab5bb7a04d', 'sports', '(38.771237, -9.099448)', 'https://www.jf-parquedasnacoes.pt/pt/577/piscina-do-oriente'),
('5efec33c-c0c1-47af-96be-1d6ef34b03af', 'sports', '(38.749043, -9.169834)', 'http://sfpalmense.com/'),
('ed4f8c71-5044-4692-8946-dc04c908e58e', 'sports', '(38.762460, -9.108611)', 'https://www.facebook.com/Sport-Lisboa-E-Olivais-119971181438441/'),
('eb3e4443-ba58-45fe-8ac5-feab77aed436', 'sports', '(38.736876, -9.123245)', 'http://www.vcl.pt/');

INSERT INTO poi_name (id, main, lang, name) VALUES
('3b1c1af1-f33c-4d2a-a06c-41063465f438', true,  'pt', 'ADCEO - Associação Desportiva e Cultural da Encarnação e Olivais'),
('3b1c1af1-f33c-4d2a-a06c-41063465f438', false, 'en', 'Encarnação and Olivais Cultural and Sports Association'),
('3b1c1af1-f33c-4d2a-a06c-41063465f438', false, 'fr', 'Association Sportive et Culturelle d''Encarnação et Olivais'),
('3b1c1af1-f33c-4d2a-a06c-41063465f438', false, 'es', 'Asociación Deportiva y Cultural  de Encarnação y Olivais'),
('dc160b9f-0924-4e6a-abed-31e1e4132c1a', true,  'pt', 'Atlético Clube de Moscavide'),
('dc160b9f-0924-4e6a-abed-31e1e4132c1a', false, 'en', 'Moscavide Atletic Club'),
('dc160b9f-0924-4e6a-abed-31e1e4132c1a', false, 'fr', 'Club Sportif de Moscavide'),
('dc160b9f-0924-4e6a-abed-31e1e4132c1a', false, 'es', 'Atlético Club de Moscavide'),
('291ee006-735e-4db8-acf3-1e2d29573b11', true,  'pt', 'Centro de Ténis das Olaias - Olaias Club'),
('291ee006-735e-4db8-acf3-1e2d29573b11', false, 'en', 'Olaias Tennis Center - Olaias Club'),
('291ee006-735e-4db8-acf3-1e2d29573b11', false, 'fr', 'Centre de Tennis d''Olaias - Olaias Club'),
('291ee006-735e-4db8-acf3-1e2d29573b11', false, 'es', 'Centro de Tenis de las Olaias - Olaias Club'),
('2ecd34a8-b0a3-437c-b5c7-c161a93c7fcf', true,  'pt', 'Clube Desportivo dos Olivais e Moscavide'),
('2ecd34a8-b0a3-437c-b5c7-c161a93c7fcf', false, 'en', 'Olivais and Moscavide Sports Club'),
('2ecd34a8-b0a3-437c-b5c7-c161a93c7fcf', false, 'fr', 'Club Sportif d''Olivais et Moscavide'),
('2ecd34a8-b0a3-437c-b5c7-c161a93c7fcf', false, 'es', 'Club de Deportes de los Olivais y Moscavide'),
('28bbfd71-88c9-48d6-a4fd-109b42ce969e', true,  'pt', 'CNL - Clube Naval De Lisboa'),
('28bbfd71-88c9-48d6-a4fd-109b42ce969e', false, 'en', 'Lisbon Naval Club'),
('28bbfd71-88c9-48d6-a4fd-109b42ce969e', false, 'fr', 'Club Naval de Lisbonne'),
('28bbfd71-88c9-48d6-a4fd-109b42ce969e', false, 'es', 'Club Naútico de Lisboa'),
('ca4d9361-1b47-467f-ae47-a558ead2f012', true,  'pt', 'Clube de Rugby do Técnico'),
('ca4d9361-1b47-467f-ae47-a558ead2f012', false, 'en', 'Técnico Rugby Club'),
('ca4d9361-1b47-467f-ae47-a558ead2f012', false, 'fr', 'Club de Rugby du Técnico'),
('ca4d9361-1b47-467f-ae47-a558ead2f012', false, 'es', 'Club de Rugby del Técnico'),
('eb6cb51f-7897-49fe-a073-5a7dbecfa93c', true,  'pt', 'Clube de Natação da Amadora'),
('eb6cb51f-7897-49fe-a073-5a7dbecfa93c', false, 'en', 'Amadora Swimming Club'),
('eb6cb51f-7897-49fe-a073-5a7dbecfa93c', false, 'fr', 'Club de Natation d''Amadora'),
('eb6cb51f-7897-49fe-a073-5a7dbecfa93c', false, 'es', 'Club de Natación de la Amadora'),
('48f32c03-5201-4464-a86a-9ce5fc886440', true,  'pt', 'CNB - Companhia Nacional de Bailado - Sede'),
('48f32c03-5201-4464-a86a-9ce5fc886440', false, 'en', 'National Ballet Company - Headquarters'),
('48f32c03-5201-4464-a86a-9ce5fc886440', false, 'fr', 'Société Nationale de Ballet - Siège'),
('48f32c03-5201-4464-a86a-9ce5fc886440', false, 'es', 'Compañía Nacional de Bailado - Sede'),
('89eca3cc-3d8e-49ac-a112-98a7d7c6724f', true,  'pt', 'Complexo Desportivo Municipal do Areeiro'),
('89eca3cc-3d8e-49ac-a112-98a7d7c6724f', false, 'en', 'Areeiro Municipal Sports Complex'),
('89eca3cc-3d8e-49ac-a112-98a7d7c6724f', false, 'fr', 'Complexe Sportif Municipal d''Areeiro'),
('89eca3cc-3d8e-49ac-a112-98a7d7c6724f', false, 'es', 'Complejo Deportivo Municipal del Areeiro'),
('123baa89-96b5-454e-84d8-c3b56a44489f', true,  'pt', 'Estádio José Alvalade'),
('123baa89-96b5-454e-84d8-c3b56a44489f', false, 'en', 'José Alvalade Stadium'),
('123baa89-96b5-454e-84d8-c3b56a44489f', false, 'fr', 'Stade José Alvalade'),
('123baa89-96b5-454e-84d8-c3b56a44489f', false, 'es', 'Estadio José Alvalade'),
('fd8e3b82-4d85-4f42-8776-eeba98241bad', true,  'pt', 'Estádio José Gomes'),
('fd8e3b82-4d85-4f42-8776-eeba98241bad', false, 'en', 'José Gomes Stadium'),
('fd8e3b82-4d85-4f42-8776-eeba98241bad', false, 'fr', 'Stade José Gomes'),
('fd8e3b82-4d85-4f42-8776-eeba98241bad', false, 'es', 'Estadio José Gomes'),
('733a0373-6e0f-4ad1-9c89-1b617e60e940', true,  'pt', 'Estádio da Luz'),
('733a0373-6e0f-4ad1-9c89-1b617e60e940', false, 'en', 'Luz Stadium'),
('733a0373-6e0f-4ad1-9c89-1b617e60e940', false, 'fr', 'Stade de Luz'),
('733a0373-6e0f-4ad1-9c89-1b617e60e940', false, 'es', 'Estadio da Luz'),
('14fe3aa8-4aa9-4ce5-ac37-ee286f930880', true,  'pt', 'EUL - Estádio Universitário de Lisboa'),
('14fe3aa8-4aa9-4ce5-ac37-ee286f930880', false, 'en', 'University Stadium of Lisbon'),
('14fe3aa8-4aa9-4ce5-ac37-ee286f930880', false, 'fr', 'Stade Universitaire de Lisbonne'),
('14fe3aa8-4aa9-4ce5-ac37-ee286f930880', false, 'es', 'Estadio Universitario de Lisboa'),
('0ff72d6f-d394-460a-a010-73ed6c86367d', true,  'pt', 'Ginásio do Alto do Pina'),
('0ff72d6f-d394-460a-a010-73ed6c86367d', false, 'en', 'Alto do Pina Gymnasium'),
('0ff72d6f-d394-460a-a010-73ed6c86367d', false, 'fr', 'Gymnasium d''Alto do Pina'),
('0ff72d6f-d394-460a-a010-73ed6c86367d', false, 'es', 'Gimnasio del Alto do Pina'),
('98648346-8e60-47b8-a0a3-f4147fc7299e', true,  'pt', 'Ginásio Clube de Odivelas'),
('98648346-8e60-47b8-a0a3-f4147fc7299e', false, 'en', 'Odivelas Gymnasium Club'),
('98648346-8e60-47b8-a0a3-f4147fc7299e', false, 'fr', 'Ginásio Clube d''Odivelas'),
('98648346-8e60-47b8-a0a3-f4147fc7299e', false, 'es', 'Gimnasio Club de Odivelas'),
('f8f7217c-7448-4ae8-b634-ec7a82a82a91', true,  'pt', 'Ginásio Clube Português'),
('f8f7217c-7448-4ae8-b634-ec7a82a82a91', false, 'en', 'Portuguese Gym Club'),
('f8f7217c-7448-4ae8-b634-ec7a82a82a91', false, 'fr', 'Gym Club Portugais'),
('f8f7217c-7448-4ae8-b634-ec7a82a82a91', false, 'es', 'Gimnasio Club Portugués'),
('890023ad-1053-4a8f-b236-498ad3dbba7a', true,  'pt', 'Hipódromo do Campo Grande'),
('890023ad-1053-4a8f-b236-498ad3dbba7a', false, 'en', 'Campo Grande Hippodrome'),
('890023ad-1053-4a8f-b236-498ad3dbba7a', false, 'fr', 'Hippodrome du Campo Grande'),
('890023ad-1053-4a8f-b236-498ad3dbba7a', false, 'es', 'Hipódromo del Campo Grande'),
('3aa87829-7433-42ae-935c-6159275cc999', true,  'pt', 'INATEL – Parque de Jogos 1º de Maio'),
('3aa87829-7433-42ae-935c-6159275cc999', false, 'en', 'INATEL - 1st of May Playground'),
('3aa87829-7433-42ae-935c-6159275cc999', false, 'fr', 'INATEL - Parc Sportif 1er Mai'),
('3aa87829-7433-42ae-935c-6159275cc999', false, 'es', 'INATEL - Parque de Juegos 1º de Maio'),
('cb35d763-aec6-4461-bb76-3bb547089b01', true,  'pt', 'Lisboa Ginásio Clube'),
('cb35d763-aec6-4461-bb76-3bb547089b01', false, 'en', 'Lisbon Gymnasium Club'),
('cb35d763-aec6-4461-bb76-3bb547089b01', false, 'fr', 'Ginásio Clube de Lisbonne'),
('cb35d763-aec6-4461-bb76-3bb547089b01', false, 'es', 'Lisboa Gimnasio Club'),
('cc499665-54bf-4976-9125-cb12904ac9e8', true,  'pt', 'Pavilhão Desportivo Municipal do Casal Vistoso'),
('cc499665-54bf-4976-9125-cb12904ac9e8', false, 'en', 'Casal Vistoso Municipal Sports Pavilion'),
('cc499665-54bf-4976-9125-cb12904ac9e8', false, 'fr', 'Pavillon Sportif Municipale de Casal Vistoso'),
('cc499665-54bf-4976-9125-cb12904ac9e8', false, 'es', 'Pabellón Deportivo Municipal del Casal Vistoso'),
('fbb15f54-2dff-4dd2-b71b-c5c63a2a6d03', true,  'pt', 'Piscina de Arroios'),
('fbb15f54-2dff-4dd2-b71b-c5c63a2a6d03', false, 'en', 'Arroios Pool'),
('fbb15f54-2dff-4dd2-b71b-c5c63a2a6d03', false, 'fr', 'Piscine d''Arroios'),
('6c4dae1f-4f72-439e-9fe7-01ab5bb7a04d', true,  'pt', 'Piscina do Oriente'),
('6c4dae1f-4f72-439e-9fe7-01ab5bb7a04d', false, 'en', 'Oriente Pool'),
('6c4dae1f-4f72-439e-9fe7-01ab5bb7a04d', false, 'fr', 'Piscine d''Oriente'),
('6c4dae1f-4f72-439e-9fe7-01ab5bb7a04d', false, 'es', 'Piscina del Oriente'),
('5efec33c-c0c1-47af-96be-1d6ef34b03af', true,  'pt', 'Sport Futebol Palmense'),
('ed4f8c71-5044-4692-8946-dc04c908e58e', true,  'pt', 'Sport Lisboa e Olivais'),
('eb3e4443-ba58-45fe-8ac5-feab77aed436', true,  'pt', 'Vitória Clube de Lisboa'),
('eb3e4443-ba58-45fe-8ac5-feab77aed436', false, 'en', 'Lisbon Vitória Club'),
('eb3e4443-ba58-45fe-8ac5-feab77aed436', false, 'fr', 'Vitória Club de Lisbonne'),
('eb3e4443-ba58-45fe-8ac5-feab77aed436', false, 'es', 'Vitória Club de Lisboa');

INSERT INTO poi (id, type, world_coord, web_url) VALUES
('f9989395-0503-4173-a8e0-d30afdddc31a', 'theater', '(38.735625, -9.147249)', 'http://medeiafilmes.com/cinemas/ver/cinema/espaco-nimas-lisboa/'),
('8ddfb70d-322e-4bdc-9832-d97ea27690a1', 'theater', '(38.777580, -9.121252)', '"http://www.cm-lisboa.pt/equipamentos/equipamento/info/cine-teatro-da-encarnacao'),
('acad2fbd-d04e-4aad-89a6-029de0687621', 'theater', '(38.745961, -9.138751)', 'http://www.teatromariamatos.pt/'),
('89d14344-9079-4a89-bee9-3adf59ac2bf6', 'theater', '(38.718795, -9.146247)', 'https://www.teatromariavitoria.com/'),
('5394997e-fdda-41e7-ba61-a9d5ccf630a0', 'theater', '(38.736132, -9.158754)', 'http://www.teatroaberto.com/'),
('e4081c2a-e86c-437b-b2e9-d929167ed451', 'theater', '(38.7604967, -9.1927206)', 'http://www.teatroarmandocortez.pt'),
('f91187c2-12d1-4ae8-8093-9bd0c842a05e', 'theater', '(38.719837, -9.133975)', 'http://teatrobocage.wixsite.com/bocage'),
('5033cbde-f918-448f-a690-7498271820a6', 'theater', '(38.760917, -9.093358)', 'http://www.cnb.pt/'),
('f2e60f32-2264-4492-a4f7-ffa093713df5', 'theater', '(38.736602, -9.160513)', 'http://www.comunateatropesquisa.pt/'),
('4e36ad4d-9467-4521-a1c6-f20ab8f15c38', 'theater', '(38.714808, -9.139790)', 'http://www.tndm.pt/pt/'),
('76d6bc94-0bc6-47f1-9769-f3f5f654e508', 'theater', '(38.709534, -9.141748)', 'http://tnsc.pt/'),
('e30338ac-d61b-488f-ba19-a654efd30ac3', 'theater', '(38.764874, -9.207131)', 'http://tpnivel.blogspot.pt/'),
('a8d4964a-2e95-458a-b2b8-345e238a7608', 'theater', '(38.716604, -9.140912)', 'http://www.filipelaferia.pt/main.html'),
('e25dadbb-10cb-47c7-b601-e339b4816cb0', 'theater', '(38.745051, -9.169385)', 'http://www.cm-lisboa.pt/pt/equipamentos/equipamento/info/teatro-thalia'),
('208cbe66-8498-4280-a8b7-03925f255542', 'theater', '(38.720462, -9.145182)', 'https://www.teatrotivolibbva.pt/'),
('a0b02e89-af1f-40c0-bb84-1c474a9f1fec', 'theater', '(38.711734, -9.142377)', 'http://www.inatel.pt/Fundacao/o-que-fazer/tti/hpTTI.aspx'),
('fb8109ea-d021-45b4-b2df-d09007128e4f', 'theater', '(38.709182, -9.142383)', 'http://www.teatrosaoluiz.pt/');

INSERT INTO poi_name (id, main, lang, name) VALUES
('f9989395-0503-4173-a8e0-d30afdddc31a', true,  'pt', 'Cinema Nimas'),
('f9989395-0503-4173-a8e0-d30afdddc31a', false, 'en', 'Nimas Theater'),
('f9989395-0503-4173-a8e0-d30afdddc31a', false, 'fr', 'Cinéma Nimas'),
('f9989395-0503-4173-a8e0-d30afdddc31a', false, 'es', 'Cine Nimas'),
('8ddfb70d-322e-4bdc-9832-d97ea27690a1', true,  'pt', 'Cine-Teatro da Encarnação'),
('8ddfb70d-322e-4bdc-9832-d97ea27690a1', false, 'en', 'Encarnação Cine-Theatre'),
('8ddfb70d-322e-4bdc-9832-d97ea27690a1', false, 'fr', 'Cinéma-Théâtre d''Encarnação'),
('8ddfb70d-322e-4bdc-9832-d97ea27690a1', false, 'es', 'Cine-Teatro de la Encarnação'),
('acad2fbd-d04e-4aad-89a6-029de0687621', true,  'pt', 'Maria Matos Teatro Municipal'),
('acad2fbd-d04e-4aad-89a6-029de0687621', false, 'en', 'Maria Matos Municipal Theater'),
('acad2fbd-d04e-4aad-89a6-029de0687621', false, 'fr', 'Théâtre Maria Matos'),
('89d14344-9079-4a89-bee9-3adf59ac2bf6', true,  'pt', 'Parque Mayer'),
('89d14344-9079-4a89-bee9-3adf59ac2bf6', false, 'en', 'Mayer Park'),
('89d14344-9079-4a89-bee9-3adf59ac2bf6', false, 'fr', 'Parc Mayer'),
('5394997e-fdda-41e7-ba61-a9d5ccf630a0', true,  'pt', 'Teatro Aberto'),
('5394997e-fdda-41e7-ba61-a9d5ccf630a0', false, 'en', 'Aberto Theater'),
('5394997e-fdda-41e7-ba61-a9d5ccf630a0', false, 'fr', 'Théâtre Aberto'),
('e4081c2a-e86c-437b-b2e9-d929167ed451', true,  'pt', 'Teatro Armando Cortez'),
('e4081c2a-e86c-437b-b2e9-d929167ed451', false, 'en', 'Armando Cortez Theater'),
('e4081c2a-e86c-437b-b2e9-d929167ed451', false, 'fr', 'Théâtre Armando Cortez'),
('f91187c2-12d1-4ae8-8093-9bd0c842a05e', true,  'pt', 'Teatro Bocage'),
('f91187c2-12d1-4ae8-8093-9bd0c842a05e', false, 'en', 'Bocage Theatre'),
('f91187c2-12d1-4ae8-8093-9bd0c842a05e', false, 'fr', 'Théâtre Bocage'),
('5033cbde-f918-448f-a690-7498271820a6', true,  'pt', 'Teatro Camões'),
('5033cbde-f918-448f-a690-7498271820a6', false, 'en', 'Camões Theater'),
('5033cbde-f918-448f-a690-7498271820a6', false, 'fr', 'Théâtre Camões'),
('5033cbde-f918-448f-a690-7498271820a6', false, 'es', 'Teatro Camões'),
('f2e60f32-2264-4492-a4f7-ffa093713df5', true,  'pt', 'Teatro da Comuna'),
('f2e60f32-2264-4492-a4f7-ffa093713df5', false, 'en', 'Comuna Theater'),
('f2e60f32-2264-4492-a4f7-ffa093713df5', false, 'fr', 'Théâtre de Comuna'),
('f2e60f32-2264-4492-a4f7-ffa093713df5', false, 'es', 'Teatro de la Comuna'),
('4e36ad4d-9467-4521-a1c6-f20ab8f15c38', true,  'pt', 'Teatro Nacional D. Maria II'),
('4e36ad4d-9467-4521-a1c6-f20ab8f15c38', false, 'en', 'D. Maria II National Theater'),
('4e36ad4d-9467-4521-a1c6-f20ab8f15c38', false, 'fr', 'Théâtre National D. Maria II'),
('76d6bc94-0bc6-47f1-9769-f3f5f654e508', true,  'pt', 'Teatro Nacional de São Carlos'),
('76d6bc94-0bc6-47f1-9769-f3f5f654e508', false, 'en', 'São Carlos National Theater'),
('76d6bc94-0bc6-47f1-9769-f3f5f654e508', false, 'fr', 'Théâtre National de São Carlos'),
('76d6bc94-0bc6-47f1-9769-f3f5f654e508', false, 'es', 'Teatro Nacional São Carlos'),
('e30338ac-d61b-488f-ba19-a654efd30ac3', true,  'pt', 'Teatro Passagem de Nível'),
('e30338ac-d61b-488f-ba19-a654efd30ac3', false, 'en', 'Passage de Nível Theater'),
('e30338ac-d61b-488f-ba19-a654efd30ac3', false, 'fr', 'Théâtre Passagem de Nível'),
('a8d4964a-2e95-458a-b2b8-345e238a7608', true,  'pt', 'Teatro Politeama'),
('a8d4964a-2e95-458a-b2b8-345e238a7608', false, 'en', 'Politeama Theater'),
('a8d4964a-2e95-458a-b2b8-345e238a7608', false, 'fr', 'Théâtre Politeama'),
('e25dadbb-10cb-47c7-b601-e339b4816cb0', true,  'pt', 'Teatro Thalia'),
('e25dadbb-10cb-47c7-b601-e339b4816cb0', false, 'en', 'Thalia Theater'),
('e25dadbb-10cb-47c7-b601-e339b4816cb0', false, 'fr', 'Théâtre Thalia'),
('208cbe66-8498-4280-a8b7-03925f255542', true,  'pt', 'Teatro Tivoli BBVA'),
('208cbe66-8498-4280-a8b7-03925f255542', false, 'en', 'Tivoli BBVA Theater'),
('208cbe66-8498-4280-a8b7-03925f255542', false, 'fr', 'Théâtre Tivoli BBVA'),
('a0b02e89-af1f-40c0-bb84-1c474a9f1fec', true,  'pt', 'Teatro da Trindade'),
('a0b02e89-af1f-40c0-bb84-1c474a9f1fec', false, 'en', 'Trindade Theater'),
('a0b02e89-af1f-40c0-bb84-1c474a9f1fec', false, 'fr', 'Théâtre de Trindade'),
('a0b02e89-af1f-40c0-bb84-1c474a9f1fec', false, 'es', 'Teatro de la Trindade'),
('fb8109ea-d021-45b4-b2df-d09007128e4f', true,  'pt', 'São Luiz Teatro Municipal'),
('fb8109ea-d021-45b4-b2df-d09007128e4f', false, 'en', 'São Luiz Municipal Theater'),
('fb8109ea-d021-45b4-b2df-d09007128e4f', false, 'fr', 'Théâtre Municipal São Luiz'),
('fb8109ea-d021-45b4-b2df-d09007128e4f', false, 'es', 'Teatro Municipal São Luiz');

INSERT INTO poi (id, type, world_coord, web_url) VALUES
('6dbbf383-67a5-46ca-b8ac-45a8d3c7831b', 'transportation-hub', '(38.714932, -9.144484)', 'http://www.carris.pt/pt/ascensores-e-elevador/'),
('fb761f59-40f5-49f7-a5d0-e9f625e6a9b5', 'transportation-hub', '(38.717845, -9.14179)', 'http://www.carris.pt/pt/ascensores-e-elevador/'),
('abda5a82-67ac-4fc9-b551-5bf84db90441', 'transportation-hub', '(38.767845, -9.099342)', 'http://www.infraestruturasdeportugal.pt/sobre-nos/grupo/gil'),
('10db72a6-ef9b-4055-9d99-5dd9bf028bde', 'transportation-hub', '(38.710087, -9.125390)', 'http://www.portodelisboa.pt/portal/page/portal/PORTAL_PORTO_LISBOA/PORTO_LISBOA/INSTALACOES_PORTUARIAS/TERMINAIS_CRUZEIROS/CRUZEIROS_SANTA_APOLONIA/'),
('916bf0d4-6bd1-4dff-9523-38415e1192a7', 'transportation-hub', '(38.7419068, -9.1651763)', 'http://www.rede-expressos.pt/');

INSERT INTO poi_name (id, main, lang, name) VALUES
('6dbbf383-67a5-46ca-b8ac-45a8d3c7831b', true,  'pt', 'Ascensor da Glória'),
('6dbbf383-67a5-46ca-b8ac-45a8d3c7831b', false, 'en', 'Glória Lift'),
('6dbbf383-67a5-46ca-b8ac-45a8d3c7831b', false, 'fr', 'Ascenseur de Glória'),
('6dbbf383-67a5-46ca-b8ac-45a8d3c7831b', false, 'es', 'Ascensor de la Glória'),
('fb761f59-40f5-49f7-a5d0-e9f625e6a9b5', true,  'pt', 'Ascensor do Lavra'),
('fb761f59-40f5-49f7-a5d0-e9f625e6a9b5', false, 'en', 'Lavra Lift'),
('fb761f59-40f5-49f7-a5d0-e9f625e6a9b5', false, 'fr', 'Ascenseur du Lavra'),
('fb761f59-40f5-49f7-a5d0-e9f625e6a9b5', false, 'es', 'Ascensor del Lavra'),
('abda5a82-67ac-4fc9-b551-5bf84db90441', true,  'pt', 'Gare do Oriente'),
('10db72a6-ef9b-4055-9d99-5dd9bf028bde', true,  'pt', 'Terminal de Cruzeiros de Santa Apolónia'),
('10db72a6-ef9b-4055-9d99-5dd9bf028bde', false, 'en', 'Santa Apolónia Cruise Ship Terminal'),
('10db72a6-ef9b-4055-9d99-5dd9bf028bde', false, 'fr', 'Terminal de Croisières de Santa Apolónia'),
('10db72a6-ef9b-4055-9d99-5dd9bf028bde', false, 'es', 'Terminal de Cruceros de Santa Apolónia'),
('916bf0d4-6bd1-4dff-9523-38415e1192a7', true,  'pt', 'Terminal Rodoviário de Sete Rios'),
('916bf0d4-6bd1-4dff-9523-38415e1192a7', false, 'en', 'Sete Rios Bus Terminal'),
('916bf0d4-6bd1-4dff-9523-38415e1192a7', false, 'fr', 'Gare Routière de Sete Rios'),
('916bf0d4-6bd1-4dff-9523-38415e1192a7', false, 'es', 'Terminal de Autobuses de Sete Rios');

INSERT INTO poi (id, type, world_coord, web_url) VALUES
('499fb89a-3adb-4bf7-95d6-21bee75c71d9', 'university', '(38.747232, -9.167257)', 'http://www.aese.pt/'),
('b9ef87ac-737e-496c-bfe9-71fa6ad6bacb', 'university', '(38.739412, -9.124532)', 'http://www.cefosap.pt/'),
('621d8aad-5dab-4356-bc85-aad388bfa41a', 'university', '(38.763757, -9.200275)', 'http://www.cfpsa.pt/'),
('fb5b9a11-b567-42a5-89b9-0973fc6a6438', 'university', '(38.774115, -9.159174)', 'https://www.cupav.pt/'),
('1bae8018-8e02-4cf6-9200-e78e155ce914', 'university', '(38.7810296, -9.120631)', 'http://newsite.escolacomerciolisboa.pt/'),
('b7625f60-0704-40e8-b56a-2e82c45dfac7', 'university', '(38.717302, -9.159904)', 'https://escolas.turismodeportugal.pt/escola/lisboa/'),
('65b3521b-ca74-4d23-8351-f6a932381c25', 'university', '(38.764705, -9.163943)', 'http://www.ensp.unl.pt/'),
('e3d5f0ac-02bc-47e3-8ce0-1a26fb44dd67', 'university', '(38.708102, -9.140179)', 'https://epbjc.pt/'),
('8b6337d1-93b6-4e0c-94a7-63abacab5982', 'university', '(38.730066, -9.149456)', 'http://www.epci.online.pt/'),
('02888071-75bd-438c-bf22-3e624b4cdd58', 'university', '(38.707583, -9.147490)', 'https://www.epi.edu.pt/'),
('0870f35b-986a-4a9a-b5fd-81e835924be5', 'university', '(38.743706, -9.113186)', 'http://www.esai.pt/'),
('f8e11651-dfa2-4c8c-a123-45c36b6af80e', 'university', '(38.708338, -9.146490)', 'http://www.eseag.pt/'),
('8044c804-5536-4c94-8085-1db5f68180a1', 'university', '(38.776115, -9.098077)', 'https://www.esel.pt/'),
('d7e5e01c-f266-4e3c-94a8-ce8469740adf', 'university', '(38.749521, -9.162528)', 'https://www.esel.pt/'),
('188cedf3-b791-4c9b-84e7-c27b0e5680a5', 'university', '(38.739900, -9.159522)', 'https://www.esel.pt/'),
('74f4d125-c56b-4db9-96db-9299f5537d29', 'university', '(38.758025, -9.1466045)', 'https://www.esel.pt/'),
('436a09ef-cb31-4fb3-9055-35281dc0a176', 'university', '(38.724412, -9.145901)', 'http://www.enfermagem.edu.pt/'),
('6de4bfa1-ef3c-48b3-a916-0cb079f36a39', 'university', '(38.775934, -9.098078)', 'https://www.estesl.ipl.pt/'),
('d6dea782-29dc-4381-a9f2-ece30e4616a2', 'university', '(38.707729, -9.149708)', 'https://www.etic.pt/'),
('58174474-a36d-48bf-9e21-045ef7242421', 'university', '(38.759781, -9.167319)', 'http://www.etplisboa.com.pt/'),
('fa2460f8-ed79-4c40-97ac-ba00487f2a26', 'university', '(38.708920, -9.140398)', 'http://www.belasartes.ulisboa.pt/'),
('2bf08a5e-14f5-4804-8407-3b08073e6e0e', 'university', '(38.757145, -9.157641)', 'https://www.ciencias.ulisboa.pt/'),
('822950ac-d465-42a0-ba73-a591db5ad6ea', 'university', '(38.752268, -9.156963)', 'http://www.fd.ulisboa.pt/'),
('b3ec9078-d82c-4cb3-85a5-49312b6c7f90', 'university', '(38.749710, -9.156973)', 'http://www.ff.ul.pt/'),
('a3bff0d0-f8eb-426b-a089-d9286958aea9', 'university', '(38.753820, -9.157756)', 'http://www.letras.ulisboa.pt/'),
('f95f2df9-fbcd-44fa-97c0-cd413392277e', 'university', '(38.752716, -9.155416)', 'http://www.psicologia.ulisboa.pt/'),
('0f6a4d60-84ce-43e8-be90-3d4d484626f5', 'university', '(38.733268, -9.161305)', 'https://www.fd.unl.pt/'),
('b85e6685-7896-48cf-9940-545334b88b09', 'university', '(38.720143, -9.139691)', 'http://www.nms.unl.pt/'),
('875825da-cf4c-4f5c-926e-fc5262ddc981', 'university', '(38.740545, -9.15085)', 'http://www.fcsh.unl.pt/'),
('20e2f568-bbf1-423f-8660-4c8701cea787', 'university', '(38.732545, -9.160362)', 'http://www.novaims.unl.pt/'),
('0d098bc3-f5c4-44c3-9aa4-92995aea1f69', 'university', '(38.707254, -9.152521)', 'https://www.iade.europeia.pt/'),
('56ae7cfd-fb25-407c-9238-fc228b6a7e57', 'university', '(38.752716, -9.155416)', 'http://www.ie.ulisboa.pt/'),
('e680319a-dfc5-4d2f-9f3b-b0cf6a84513d', 'university', '(38.740612, -9.148397)', 'https://www.ifb.pt/'),
('81ca0415-8519-4419-be6c-7e644d46cfdd', 'university', '(38.742024, -9.147975)', 'http://www.impic.pt/impic/pt-pt/'),
('17085d5c-0dd2-4899-83e7-02f40efa335a', 'university', '(38.760333, -9.195131)', 'https://www.ipam.pt/lisboa/'),
('fbed2a45-ab6b-4910-bd68-ce39323a8d0f', 'university', '(38.708175, -9.146650)', 'https://www.iscad.pt/'),
('3e1db824-fa1d-4382-87eb-5d18a4179d03', 'university', '(38.7372359, -9.1467827)', 'https://www.iscal.ipl.pt/'),
('b65a2b2a-cfb8-4ee2-8127-4ef20a11bc0b', 'university', '(38.7476239, -9.1540125)', 'http://ibs.iscte-iul.pt/'),
('5f553be4-27e7-4fa9-9500-e2a32205d326', 'university', '(38.7686456, -9.1600894)', 'http://www.iseclisboa.pt/'),
('4e36715b-30d4-45ee-895e-908ca45a4081', 'university', '(38.7567556, -9.1166672)', 'https://www.isel.pt/'),
('2ccdc553-5cc1-4455-94b2-46c6a7903dc0', 'university', '(38.759306, -9.154449)', 'http://www.isg.pt/'),
('18f805db-bf44-45c1-986b-3b7da2c763c6', 'university', '(38.740031, -9.147739)', 'http://www.isgb.pt/'),
('d392a0f6-e2da-4903-acd1-1052ec58cb1b', 'university', '(38.712255, -9.126035)', 'http://www.ispa.pt/'),
('4207b53c-9295-432c-a662-a488bce00051', 'university', '(38.7368192, -9.138705)', 'https://tecnico.ulisboa.pt/pt/'),
('2657732c-fedc-4ab0-bbeb-395e7b10e54e', 'university', '(38.768971, -9.160235)', 'http://www.istec.pt/'),
('b1e11913-591b-428a-b9f8-dcaf045eaaf8', 'university', '(38.718094, -9.152188)', 'http://portal.uab.pt/'),
('1b81ba26-1d5a-4470-8256-b803cb77574c', 'university', '(38.724479, -9.145712)', 'https://autonoma.pt/'),
('0f07950e-7c60-4784-8155-a4f3598619d6', 'university', '(38.748317, -9.1664205)', 'https://www.ucp.pt/pt-pt/'),
('849f46ff-d4d6-446e-ad8a-c3a661df11f8', 'university', '(38.75996, -9.193689)', 'https://www.europeia.pt'),
('23e01b97-6372-44d4-958c-4314397bfecd', 'university', '(38.7526578, -9.158245)', 'https://www.ulisboa.pt/'),
('caf10b1d-34d8-4661-b894-846f2d6b7229', 'university', '(38.7580243, -9.153116)', 'https://www.ulusofona.pt/'),
('4c745dcc-f138-4974-b101-c140ea2f84a8', 'university', '(38.733691, -9.160327)', 'http://www.unl.pt/');

INSERT INTO poi_name (id, main, lang, name) VALUES
('499fb89a-3adb-4bf7-95d6-21bee75c71d9', true,  'pt', 'AESE Business School'),
('b9ef87ac-737e-496c-bfe9-71fa6ad6bacb', true,  'pt', 'CEFOSAP - Centro de Formação Sindical e Aperfeiçoamento Profissional'),
('b9ef87ac-737e-496c-bfe9-71fa6ad6bacb', false, 'en', 'Center for Trade Union Education and Professional Development'),
('b9ef87ac-737e-496c-bfe9-71fa6ad6bacb', false, 'fr', 'Centre de Formation Syndicale et de Perfectionnement Professionnel'),
('b9ef87ac-737e-496c-bfe9-71fa6ad6bacb', false, 'es', 'Centro de Formación Sindical y Entrenamiento Profesional'),
('621d8aad-5dab-4356-bc85-aad388bfa41a', true,  'pt', 'CFPSA - Centro de Formação Profissional para o Sector Alimentar'),
('621d8aad-5dab-4356-bc85-aad388bfa41a', false, 'en', 'Vocational Training Center for the Food Sector'),
('621d8aad-5dab-4356-bc85-aad388bfa41a', false, 'fr', 'Centre de Formation Professionnelle pour le Secteur Alimentaire'),
('621d8aad-5dab-4356-bc85-aad388bfa41a', false, 'es', 'Centro de Formación Profesional para el Sector Alimenticio'),
('fb5b9a11-b567-42a5-89b9-0973fc6a6438', true,  'pt', 'CUPAV - Centro Universitário Padre António Vieira'),
('fb5b9a11-b567-42a5-89b9-0973fc6a6438', false, 'en', 'Padre António Vieira University Center'),
('fb5b9a11-b567-42a5-89b9-0973fc6a6438', false, 'fr', 'Centre Universitaire Padre António Vieira'),
('fb5b9a11-b567-42a5-89b9-0973fc6a6438', false, 'es', 'Centro Universitario Padre António Vieira'),
('1bae8018-8e02-4cf6-9200-e78e155ce914', true,  'pt', 'ECL - Escola de Comércio de Lisboa'),
('1bae8018-8e02-4cf6-9200-e78e155ce914', false, 'en', 'Lisbon Trade School'),
('1bae8018-8e02-4cf6-9200-e78e155ce914', false, 'fr', 'École Commerciale de Lisbonne'),
('1bae8018-8e02-4cf6-9200-e78e155ce914', false, 'es', 'Escuela de Comercio de Lisboa'),
('b7625f60-0704-40e8-b56a-2e82c45dfac7', true,  'pt', 'EHTL - Escola de Hotelaria e Turismo de Lisboa'),
('b7625f60-0704-40e8-b56a-2e82c45dfac7', false, 'en', 'Hotel Business and Tourism School of Lisbon'),
('b7625f60-0704-40e8-b56a-2e82c45dfac7', false, 'fr', 'École Hôtelière et Touristique de Lisbonne'),
('b7625f60-0704-40e8-b56a-2e82c45dfac7', false, 'es', 'Escuela de Hostelería y Turismo de Lisboa'),
('65b3521b-ca74-4d23-8351-f6a932381c25', true,  'pt', 'ENSP-UNL - Escola Nacional de Saúde Pública'),
('65b3521b-ca74-4d23-8351-f6a932381c25', false, 'en', 'Public Health National School'),
('65b3521b-ca74-4d23-8351-f6a932381c25', false, 'fr', 'École Nationale de la Santé Publique'),
('65b3521b-ca74-4d23-8351-f6a932381c25', false, 'es', 'Escuela Nacional de Salud Pública'),
('e3d5f0ac-02bc-47e3-8ce0-1a26fb44dd67', true,  'pt', 'Escola Profissional Bento de Jesus Caraça'),
('e3d5f0ac-02bc-47e3-8ce0-1a26fb44dd67', false, 'en', 'Bento de Jesus Caraça Vocational School'),
('e3d5f0ac-02bc-47e3-8ce0-1a26fb44dd67', false, 'fr', 'École Professionnelle Bento de Jesus Caraça'),
('e3d5f0ac-02bc-47e3-8ce0-1a26fb44dd67', false, 'es', 'Escuela Profesional Bento de Jesus Caraça'),
('8b6337d1-93b6-4e0c-94a7-63abacab5982', true,  'pt', 'EPCI - Escola Profissional de Comunicação e Imagem'),
('8b6337d1-93b6-4e0c-94a7-63abacab5982', false, 'en', 'Vocational School of Communication and Image'),
('8b6337d1-93b6-4e0c-94a7-63abacab5982', false, 'fr', 'École Professionnelle de la Communication et de l''Image'),
('8b6337d1-93b6-4e0c-94a7-63abacab5982', false, 'es', 'Escuela Profesional de Comunicación y Image'),
('02888071-75bd-438c-bf22-3e624b4cdd58', true,  'pt', 'EPI - Escola Profissional de Imagem'),
('02888071-75bd-438c-bf22-3e624b4cdd58', false, 'en', 'Vocational School of Image'),
('02888071-75bd-438c-bf22-3e624b4cdd58', false, 'fr', 'École Professionnelle d''Image'),
('02888071-75bd-438c-bf22-3e624b4cdd58', false, 'es', 'Escuela Profesional de Imagen'),
('0870f35b-986a-4a9a-b5fd-81e835924be5', true,  'pt', 'ESAI - Escola Superior de Actividades Imobiliárias'),
('0870f35b-986a-4a9a-b5fd-81e835924be5', false, 'en', 'Real Estate Activities College'),
('0870f35b-986a-4a9a-b5fd-81e835924be5', false, 'fr', 'École Supérieur d''Activités Immobilières'),
('0870f35b-986a-4a9a-b5fd-81e835924be5', false, 'es', 'Escuela Superior de Actividades Inmobiliarias'),
('f8e11651-dfa2-4c8c-a123-45c36b6af80e', true,  'pt', 'ESEAG - Escola Superior de Educação Almeida Garrett'),
('f8e11651-dfa2-4c8c-a123-45c36b6af80e', false, 'en', 'Almeida Garrett Higher School of Education'),
('f8e11651-dfa2-4c8c-a123-45c36b6af80e', false, 'fr', 'École Supérieure d''Éducation Almeida Garrett'),
('f8e11651-dfa2-4c8c-a123-45c36b6af80e', false, 'es', 'Escuela Superior de Educación Almeida Garrett'),
('8044c804-5536-4c94-8085-1db5f68180a1', true,  'pt', 'ESEL - Escola Superior de Enfermagem de Lisboa – Pólo Artur Ravara'),
('8044c804-5536-4c94-8085-1db5f68180a1', false, 'en', 'Lisbon Higher School of Nursing - Artur Ravara'),
('8044c804-5536-4c94-8085-1db5f68180a1', false, 'fr', 'École Supérieur des Infirmiers de Lisbonne - Artur Ravara'),
('8044c804-5536-4c94-8085-1db5f68180a1', false, 'es', 'Escuela Superior de Enfermería de Lisboa - Artur Ravara'),
('d7e5e01c-f266-4e3c-94a8-ce8469740adf', true,  'pt', 'ESEL - Escola Superior de Enfermagem de Lisboa – Pólo Calouste Gulbenkian'),
('d7e5e01c-f266-4e3c-94a8-ce8469740adf', false, 'en', 'Lisbon Higher School of Nursing - Calouste Gulbenkian'),
('d7e5e01c-f266-4e3c-94a8-ce8469740adf', false, 'fr', 'École Supérieur des Infirmiers de Lisbonne - Calouste Gulbenkian'),
('d7e5e01c-f266-4e3c-94a8-ce8469740adf', false, 'es', 'Escuela Superior de Enfermería de Lisboa - Calouste Gulbenkian'),
('188cedf3-b791-4c9b-84e7-c27b0e5680a5', true,  'pt', 'ESEL - Escola Superior de Enfermagem de Lisboa - Pólo Francisco Gentil'),
('188cedf3-b791-4c9b-84e7-c27b0e5680a5', false, 'en', 'Lisbon Higher School of Nursing - Francisco Gentil'),
('188cedf3-b791-4c9b-84e7-c27b0e5680a5', false, 'fr', 'École Supérieur des Infirmiers de Lisbonne - Francisco Gentil'),
('188cedf3-b791-4c9b-84e7-c27b0e5680a5', false, 'es', 'Escuela Superior de Enfermería de Lisboa - Francisco Gentil'),
('74f4d125-c56b-4db9-96db-9299f5537d29', true,  'pt', 'ESEL - Escola Superior de Enfermagem de Lisboa - Pólo Maria Fernanda Resende'),
('74f4d125-c56b-4db9-96db-9299f5537d29', false, 'en', 'Lisbon Higher Nursing School - Maria Fernanda Resende'),
('74f4d125-c56b-4db9-96db-9299f5537d29', false, 'fr', 'École Supérieur des Infirmiers de Lisbonne - Maria Fernanda Resende'),
('74f4d125-c56b-4db9-96db-9299f5537d29', false, 'es', 'Escuela Superior de Enfermería de Lisboa - Maria Fernanda Resende'),
('436a09ef-cb31-4fb3-9055-35281dc0a176', true,  'pt', 'ESESFM - Escola Superior de Enfermagem São Francisco das Misericórdias'),
('436a09ef-cb31-4fb3-9055-35281dc0a176', false, 'en', 'São Francisco das Misericórdias Superior Nursing School'),
('436a09ef-cb31-4fb3-9055-35281dc0a176', false, 'fr', 'École Supérieur des Infirmiers São Francisco das Misericórdias'),
('436a09ef-cb31-4fb3-9055-35281dc0a176', false, 'es', 'Escuela Superior de Enfermería São Francisco das Misericórdias'),
('6de4bfa1-ef3c-48b3-a916-0cb079f36a39', true,  'pt', 'ESTeSL - Escola Superior de Tecnologia da Saúde de Lisboa'),
('6de4bfa1-ef3c-48b3-a916-0cb079f36a39', false, 'en', 'Lisbon Higher School of Health Technology'),
('6de4bfa1-ef3c-48b3-a916-0cb079f36a39', false, 'fr', 'École Supérieure des Technologies de la Santé de Lisbonne'),
('6de4bfa1-ef3c-48b3-a916-0cb079f36a39', false, 'es', 'Escuela Superior de Tecnologías Sanitarias de Lisboa'),
('d6dea782-29dc-4381-a9f2-ece30e4616a2', true,  'pt', 'ETIC - Escola Técnica de Imagem e Comunicação'),
('d6dea782-29dc-4381-a9f2-ece30e4616a2', false, 'en', 'Technical School of Image and Communication'),
('d6dea782-29dc-4381-a9f2-ece30e4616a2', false, 'fr', 'École Technique de Image et Communication'),
('d6dea782-29dc-4381-a9f2-ece30e4616a2', false, 'es', 'Escuela Técnica de Imagen y Comunicación'),
('58174474-a36d-48bf-9e21-045ef7242421', true,  'pt', 'ETPL - Escola Técnica Psicossocial de Lisboa'),
('58174474-a36d-48bf-9e21-045ef7242421', false, 'en', 'Psychosocial Technical School of Lisbon'),
('58174474-a36d-48bf-9e21-045ef7242421', false, 'fr', 'École Technique Psychosociale de Lisbonne'),
('58174474-a36d-48bf-9e21-045ef7242421', false, 'es', 'Escuela Técnica Psicosocial de Lisboa'),
('fa2460f8-ed79-4c40-97ac-ba00487f2a26', true,  'pt', 'FBAUL - Faculdade de Belas Artes da Universidade de Lisboa'),
('fa2460f8-ed79-4c40-97ac-ba00487f2a26', false, 'en', 'Fine Arts Faculty of the University of Lisbon'),
('fa2460f8-ed79-4c40-97ac-ba00487f2a26', false, 'fr', 'Faculté des Beaux Arts de l''Université de Lisbonne'),
('fa2460f8-ed79-4c40-97ac-ba00487f2a26', false, 'es', 'Facultad de Bellas Artes de la Universidad de Lisboa'),
('2bf08a5e-14f5-4804-8407-3b08073e6e0e', true,  'pt', 'FCUL - Faculdade de Ciências da Universidade de Lisboa'),
('2bf08a5e-14f5-4804-8407-3b08073e6e0e', false, 'en', 'Faculty of Sciences of the University of Lisbon'),
('2bf08a5e-14f5-4804-8407-3b08073e6e0e', false, 'fr', 'Faculté des Sciences de l''Université de Lisbonne'),
('2bf08a5e-14f5-4804-8407-3b08073e6e0e', false, 'es', 'Facultad de Ciencias de la Universidad de Lisboa'),
('822950ac-d465-42a0-ba73-a591db5ad6ea', true,  'pt', 'FDUL - Faculdade de Direito da Universidade de Lisboa'),
('822950ac-d465-42a0-ba73-a591db5ad6ea', false, 'en', 'Faculty of Law of the University of Lisbon'),
('822950ac-d465-42a0-ba73-a591db5ad6ea', false, 'fr', 'Faculté de Droit de l''Université de Lisbonne'),
('822950ac-d465-42a0-ba73-a591db5ad6ea', false, 'es', 'Facultad de Derecho de la Universidad de Lisboa'),
('b3ec9078-d82c-4cb3-85a5-49312b6c7f90', true,  'pt', 'FFUL - Faculdade de Farmácia da Universidade de Lisboa'),
('b3ec9078-d82c-4cb3-85a5-49312b6c7f90', false, 'en', 'Faculty of Pharmacy of the University of Lisbon'),
('b3ec9078-d82c-4cb3-85a5-49312b6c7f90', false, 'fr', 'Faculté de Pharmacie de l''Université de Lisbonne'),
('b3ec9078-d82c-4cb3-85a5-49312b6c7f90', false, 'es', 'Facultad de Farmacia de la Universidad de Lisboa'),
('a3bff0d0-f8eb-426b-a089-d9286958aea9', true,  'pt', 'FLUL - Faculdade de Letras da Universidade de Lisboa'),
('a3bff0d0-f8eb-426b-a089-d9286958aea9', false, 'en', 'Faculty of Letters 	of the University of Lisbon'),
('a3bff0d0-f8eb-426b-a089-d9286958aea9', false, 'fr', 'Faculté de Lettres de l''Université de Lisbonne'),
('a3bff0d0-f8eb-426b-a089-d9286958aea9', false, 'es', 'Facultad de Letras de la Universidad de Lisboa'),
('f95f2df9-fbcd-44fa-97c0-cd413392277e', true,  'pt', 'FPUL - Faculdade de Psicologia da Universidade de Lisboa'),
('f95f2df9-fbcd-44fa-97c0-cd413392277e', false, 'en', 'Faculty of Psychology of the University of Lisbon'),
('f95f2df9-fbcd-44fa-97c0-cd413392277e', false, 'fr', 'Faculté de Psychologie de l''Université de Lisbonne'),
('f95f2df9-fbcd-44fa-97c0-cd413392277e', false, 'es', 'Facultad de Psicología de la Universidad de Lisboa'),
('0f6a4d60-84ce-43e8-be90-3d4d484626f5', true,  'pt', 'FD-UNL - Faculdade de Direito da Universidade Nova de Lisboa'),
('0f6a4d60-84ce-43e8-be90-3d4d484626f5', false, 'en', 'Faculty of Law of the New University of Lisbon'),
('0f6a4d60-84ce-43e8-be90-3d4d484626f5', false, 'fr', 'Faculté de Droit de l''Université Nouvelle de Lisbonne'),
('0f6a4d60-84ce-43e8-be90-3d4d484626f5', false, 'es', 'Facultad de Derecho de la Universidad Nueva de Lisboa'),
('b85e6685-7896-48cf-9940-545334b88b09', true,  'pt', 'FCM-UNL - NOVA Medical School | Faculdade de Ciências Médicas'),
('b85e6685-7896-48cf-9940-545334b88b09', false, 'en', 'NOVA Medical School | Faculty of Medical Sciences'),
('b85e6685-7896-48cf-9940-545334b88b09', false, 'fr', 'NOVA Medical School | Faculté des Sciences Médicas'),
('b85e6685-7896-48cf-9940-545334b88b09', false, 'es', 'NOVA Medical School | Facultad de Ciencia Médica'),
('875825da-cf4c-4f5c-926e-fc5262ddc981', true,  'pt', 'FCSH-UNL - NOVA FCSH | Faculdade de Ciências Sociais e Humanas'),
('875825da-cf4c-4f5c-926e-fc5262ddc981', false, 'en', 'Faculty of Human and Social Sciences'),
('875825da-cf4c-4f5c-926e-fc5262ddc981', false, 'fr', 'Faculté des Sciences Sociales et Humaines'),
('875825da-cf4c-4f5c-926e-fc5262ddc981', false, 'es', 'Facultad de Ciencias Sociales y Humanas'),
('20e2f568-bbf1-423f-8660-4c8701cea787', true,  'pt', 'FGI-UNL - NOVA Information Management School | Faculdade de Gestão de Informação'),
('20e2f568-bbf1-423f-8660-4c8701cea787', false, 'en', 'NOVA Information Management School | Faculty of Information Management'),
('20e2f568-bbf1-423f-8660-4c8701cea787', false, 'fr', 'NOVA Information Management School | Faculté de Gestion d''Information'),
('20e2f568-bbf1-423f-8660-4c8701cea787', false, 'es', 'NOVA Information Management School | Facultad de Gestión de Información'),
('0d098bc3-f5c4-44c3-9aa4-92995aea1f69', true,  'pt', 'IADE - Instituto de Arte, Design e Empresa'),
('0d098bc3-f5c4-44c3-9aa4-92995aea1f69', false, 'en', 'Institute of Art, Design and Business'),
('0d098bc3-f5c4-44c3-9aa4-92995aea1f69', false, 'fr', 'Institut d''Art, Design et Entreprise'),
('0d098bc3-f5c4-44c3-9aa4-92995aea1f69', false, 'es', 'Instituto de Arte, Design y Empresa'),
('56ae7cfd-fb25-407c-9238-fc228b6a7e57', true,  'pt', 'IEUL - Instituto de Educação da Universidade de Lisboa'),
('56ae7cfd-fb25-407c-9238-fc228b6a7e57', false, 'en', 'Institute of Education of the University of Lisbon'),
('56ae7cfd-fb25-407c-9238-fc228b6a7e57', false, 'fr', 'Institut d''Éducation de l''Université de Lisbonne'),
('56ae7cfd-fb25-407c-9238-fc228b6a7e57', false, 'es', 'Instituto de Educación de la Universidad de Lisboa'),
('e680319a-dfc5-4d2f-9f3b-b0cf6a84513d', true,  'pt', 'IFB - Instituto de Formação Bancária'),
('e680319a-dfc5-4d2f-9f3b-b0cf6a84513d', false, 'en', 'Institute of Banking Formation'),
('e680319a-dfc5-4d2f-9f3b-b0cf6a84513d', false, 'fr', 'Institut de Formation Bancaire'),
('e680319a-dfc5-4d2f-9f3b-b0cf6a84513d', false, 'es', 'Instituto de Formación Bancaria'),
('81ca0415-8519-4419-be6c-7e644d46cfdd', true,  'pt', 'IMPIC - Instituto dos Mercados Públicos, do Imobiliário e da Construção'),
('81ca0415-8519-4419-be6c-7e644d46cfdd', false, 'en', 'Institute of Public Markets, Real Estate and Construction'),
('81ca0415-8519-4419-be6c-7e644d46cfdd', false, 'fr', 'Institut des Marchés Publics, de l''Immobilier et de la Construction'),
('81ca0415-8519-4419-be6c-7e644d46cfdd', false, 'es', 'Instituto de los Mercados Públicos, Inmobiliario y de la Construcción'),
('17085d5c-0dd2-4899-83e7-02f40efa335a', true,  'pt', 'IPAM - Instituto Português de Administração e Marketing'),
('17085d5c-0dd2-4899-83e7-02f40efa335a', false, 'en', 'Portuguese Institute of Marketing and Administration'),
('17085d5c-0dd2-4899-83e7-02f40efa335a', false, 'fr', 'Institut Portugais d''Administration et Marketing'),
('17085d5c-0dd2-4899-83e7-02f40efa335a', false, 'es', 'Instituto Portugues de Administración y Marketing'),
('fbed2a45-ab6b-4910-bd68-ce39323a8d0f', true,  'pt', 'ISCAD - Instituto Superior de Ciências da Administração'),
('fbed2a45-ab6b-4910-bd68-ce39323a8d0f', false, 'en', 'Higher Institute of Science of Management'),
('fbed2a45-ab6b-4910-bd68-ce39323a8d0f', false, 'fr', 'Institut Supérieur des Sciences de l''Administration'),
('fbed2a45-ab6b-4910-bd68-ce39323a8d0f', false, 'es', 'Instituto de Superior de Ciencias de la Administración'),
('3e1db824-fa1d-4382-87eb-5d18a4179d03', true,  'pt', 'ISCAL - Instituto Superior de Contabilidade e Administração de Lisboa'),
('3e1db824-fa1d-4382-87eb-5d18a4179d03', false, 'en', 'Higher Institute of Accounting and Administration of Lisbon'),
('3e1db824-fa1d-4382-87eb-5d18a4179d03', false, 'fr', 'Institut Supérieur de Comptabilité et d''Administration de Lisbonne'),
('3e1db824-fa1d-4382-87eb-5d18a4179d03', false, 'es', 'Instituto Superior de Contabilidad e Administración de Lisboa'),
('b65a2b2a-cfb8-4ee2-8127-4ef20a11bc0b', true,  'pt', 'ISCTE Business School'),
('5f553be4-27e7-4fa9-9500-e2a32205d326', true,  'pt', 'ISEC - Instituto Superior de Educação e Ciências'),
('5f553be4-27e7-4fa9-9500-e2a32205d326', false, 'en', 'Superior Institute of Education and Sciences'),
('5f553be4-27e7-4fa9-9500-e2a32205d326', false, 'fr', 'Institut Supérieur de l''Éducation et des Sciences'),
('5f553be4-27e7-4fa9-9500-e2a32205d326', false, 'es', 'Instituto Superior de Educación y Ciencias'),
('4e36715b-30d4-45ee-895e-908ca45a4081', true,  'pt', 'ISEL - Instituto Superior de Engenharia de Lisboa'),
('4e36715b-30d4-45ee-895e-908ca45a4081', false, 'en', 'Higher Institute for Engineering of Lisbon'),
('4e36715b-30d4-45ee-895e-908ca45a4081', false, 'fr', 'Institut Supérieur d''Ingénierie de Lisbonne'),
('4e36715b-30d4-45ee-895e-908ca45a4081', false, 'es', 'Instituto Superior de Ingeniería de Lisboa'),
('2ccdc553-5cc1-4455-94b2-46c6a7903dc0', true,  'pt', 'ISG - Instituto Superior de Gestão'),
('2ccdc553-5cc1-4455-94b2-46c6a7903dc0', false, 'en', 'Higher Institute of Management'),
('2ccdc553-5cc1-4455-94b2-46c6a7903dc0', false, 'fr', 'Institut Supérieur de Gestion'),
('2ccdc553-5cc1-4455-94b2-46c6a7903dc0', false, 'es', 'Instituto Superior de Gestión'),
('18f805db-bf44-45c1-986b-3b7da2c763c6', true,  'pt', 'ISGB - Instituto Superior de Gestão Bancária'),
('18f805db-bf44-45c1-986b-3b7da2c763c6', false, 'en', 'Higher Institute of Banking Management'),
('18f805db-bf44-45c1-986b-3b7da2c763c6', false, 'fr', 'Institut Supérieur de Gestion Bancaire'),
('18f805db-bf44-45c1-986b-3b7da2c763c6', false, 'es', 'Instituto Superior de Gestión Bancaria'),
('d392a0f6-e2da-4903-acd1-1052ec58cb1b', true,  'pt', 'ISPA - Instituto Universitário de Ciências Psicológicas, Sociais e da Vida'),
('d392a0f6-e2da-4903-acd1-1052ec58cb1b', false, 'en', 'University Institute of Psychological, Social and Life Sciences'),
('d392a0f6-e2da-4903-acd1-1052ec58cb1b', false, 'fr', 'Institut Universitaire des Sciences Psychologiques, Sociales et de la Vie'),
('d392a0f6-e2da-4903-acd1-1052ec58cb1b', false, 'es', 'Instituto Universitario de Ciencias Psicológicas, Sociales e de la Vida'),
('4207b53c-9295-432c-a662-a488bce00051', true,  'pt', 'IST - Instituto Superior Técnico'),
('4207b53c-9295-432c-a662-a488bce00051', false, 'en', 'Technical Higher Institute'),
('4207b53c-9295-432c-a662-a488bce00051', false, 'fr', 'Institut Supérieur Technique'),
('2657732c-fedc-4ab0-bbeb-395e7b10e54e', true,  'pt', 'ISTEC - Instituto Superior de Tecnologias Avançadas'),
('2657732c-fedc-4ab0-bbeb-395e7b10e54e', false, 'en', 'Superior Institute of Advanced Technologies'),
('2657732c-fedc-4ab0-bbeb-395e7b10e54e', false, 'fr', 'Institut Supérieur des Technologies Avancées'),
('2657732c-fedc-4ab0-bbeb-395e7b10e54e', false, 'es', 'Instituto Superior de las Tecnologías Avanzadas'),
('b1e11913-591b-428a-b9f8-dcaf045eaaf8', true,  'pt', 'UA - Universidade Aberta'),
('b1e11913-591b-428a-b9f8-dcaf045eaaf8', false, 'en', 'Open University'),
('b1e11913-591b-428a-b9f8-dcaf045eaaf8', false, 'fr', 'Université Ouverte'),
('b1e11913-591b-428a-b9f8-dcaf045eaaf8', false, 'es', 'Université Abierta'),
('1b81ba26-1d5a-4470-8256-b803cb77574c', true,  'pt', 'UAL - Universidade Autónoma de Lisboa'),
('1b81ba26-1d5a-4470-8256-b803cb77574c', false, 'en', 'Autonomous University of Lisbon'),
('1b81ba26-1d5a-4470-8256-b803cb77574c', false, 'fr', 'Université Autonome de Lisbonne'),
('1b81ba26-1d5a-4470-8256-b803cb77574c', false, 'es', 'Universidad Autónoma de Lisboa'),
('0f07950e-7c60-4784-8155-a4f3598619d6', true,  'pt', 'UCP - Universidade Católica Portuguesa'),
('0f07950e-7c60-4784-8155-a4f3598619d6', false, 'en', 'Portuguese Catholic University'),
('0f07950e-7c60-4784-8155-a4f3598619d6', false, 'fr', 'Université Catholique Portugaise'),
('0f07950e-7c60-4784-8155-a4f3598619d6', false, 'es', 'Universidad Católica Portuguesa'),
('849f46ff-d4d6-446e-ad8a-c3a661df11f8', true,  'pt', 'UE - Universidade Europeia'),
('849f46ff-d4d6-446e-ad8a-c3a661df11f8', false, 'en', 'European University'),
('849f46ff-d4d6-446e-ad8a-c3a661df11f8', false, 'fr', 'Université Européenne'),
('849f46ff-d4d6-446e-ad8a-c3a661df11f8', false, 'es', 'Universidad Europea'),
('23e01b97-6372-44d4-958c-4314397bfecd', true,  'pt', 'UL - Universidade de Lisboa'),
('23e01b97-6372-44d4-958c-4314397bfecd', false, 'en', 'University of Lisbon'),
('23e01b97-6372-44d4-958c-4314397bfecd', false, 'fr', 'Université de Lisbonne'),
('23e01b97-6372-44d4-958c-4314397bfecd', false, 'es', 'Universidad de Lisboa'),
('caf10b1d-34d8-4661-b894-846f2d6b7229', true,  'pt', 'ULHT - Universidade Lusófona de Humanidades e Tecnologias'),
('caf10b1d-34d8-4661-b894-846f2d6b7229', false, 'en', 'Lusophone University of Humanities and Technologies'),
('caf10b1d-34d8-4661-b894-846f2d6b7229', false, 'fr', 'Université Lusophone des Humanités et des Technologies'),
('caf10b1d-34d8-4661-b894-846f2d6b7229', false, 'es', 'Universidad Lusófona de Humanidades y Tecnologías'),
('4c745dcc-f138-4974-b101-c140ea2f84a8', true,  'pt', 'UNL - Universidade Nova de Lisboa – Campus de Campolide'),
('4c745dcc-f138-4974-b101-c140ea2f84a8', false, 'en', 'New University of Lisbon - Campolide Campus'),
('4c745dcc-f138-4974-b101-c140ea2f84a8', false, 'fr', 'Nouvelle Université de Lisbonne - Campus de Campolide'),
('4c745dcc-f138-4974-b101-c140ea2f84a8', false, 'es', 'Universidad Nueva de Lisboa - Campus de Campolide');

INSERT INTO poi (id, type, world_coord, web_url) VALUES
('db3c67b6-aaad-4f3c-a928-0cdab341c2bb', 'viewpoint', '(38.718846, -9.141310)', 'https://www.guiadacidade.pt/pt/poi-miradouro-e-jardim-do-torel-24415'),
('9f618802-7254-4ec1-a556-f2ff931def7f', 'viewpoint', '(38.716245, -9.131526)', 'https://www.guiadacidade.pt/pt/poi-miradouro-de-sophia-de-mello-breyner-andresen-graca-16425'),
('030b09f7-f996-4bd3-ba9d-cd9be0e08483', 'viewpoint', '(38.726074, -9.131507)', 'http://www.cm-lisboa.pt/equipamentos/equipamento/info/miradouro-do-monte-agudo'),
('3f64224a-3442-4921-b76d-845a28f77ce8', 'viewpoint', '(38.715128, -9.144394)', 'https://www.guiadacidade.pt/pt/poi-miradouro-de-sao-pedro-de-alcantara-16440'),
('529e36b9-587b-4199-af69-d7fe8f6b1b08', 'viewpoint', '(38.719194, -9.132836)', 'https://www.lisbonlux.com/lisbon/miradouro-nossa-senhora-do-monte.html');

INSERT INTO poi_name (id, main, lang, name) VALUES
('db3c67b6-aaad-4f3c-a928-0cdab341c2bb', true,  'pt', 'Jardim e Miradouro do Torel'),
('db3c67b6-aaad-4f3c-a928-0cdab341c2bb', false, 'en', 'Torel Garden and Viewpoint'),
('db3c67b6-aaad-4f3c-a928-0cdab341c2bb', false, 'fr', 'Jardin et Point de Vue du Torel'),
('db3c67b6-aaad-4f3c-a928-0cdab341c2bb', false, 'es', 'Jardín y Mirador del Torel'),
('9f618802-7254-4ec1-a556-f2ff931def7f', true,  'pt', 'Miradouro da Graça - Miradouro Sophia de Mello Breyner Andresen'),
('9f618802-7254-4ec1-a556-f2ff931def7f', false, 'en', 'Graça - Sophia de Mello Breyner Andresen Viewpoint'),
('9f618802-7254-4ec1-a556-f2ff931def7f', false, 'fr', 'Point de Vue de Graça - Sophia de Mello Breyner Andresen'),
('9f618802-7254-4ec1-a556-f2ff931def7f', false, 'es', 'Mirador de la Graça - Mirador Sophia de Mello Breyner Andresen'),
('030b09f7-f996-4bd3-ba9d-cd9be0e08483', true,  'pt', 'Miradouro do Monte Agudo'),
('030b09f7-f996-4bd3-ba9d-cd9be0e08483', false, 'en', 'Monte Agudo Viewpoint'),
('030b09f7-f996-4bd3-ba9d-cd9be0e08483', false, 'fr', 'Point de Vue de Monte Agudo'),
('030b09f7-f996-4bd3-ba9d-cd9be0e08483', false, 'es', 'Mirador de Monte Agudo'),
('3f64224a-3442-4921-b76d-845a28f77ce8', true,  'pt', 'Miradouro de São Pedro de Alcântara'),
('3f64224a-3442-4921-b76d-845a28f77ce8', false, 'en', 'São Pedro de Alcântara Viewpoint'),
('3f64224a-3442-4921-b76d-845a28f77ce8', false, 'fr', 'Point de Vue de São Pedro de Alcântara'),
('3f64224a-3442-4921-b76d-845a28f77ce8', false, 'es', 'Mirador de São Pedro de Alcântara'),
('529e36b9-587b-4199-af69-d7fe8f6b1b08', true,  'pt', 'Miradouro da Senhora do Monte'),
('529e36b9-587b-4199-af69-d7fe8f6b1b08', false, 'en', 'Senhora do Monte Viewpoint'),
('529e36b9-587b-4199-af69-d7fe8f6b1b08', false, 'fr', 'Point de Vue de Senhora do Monte'),
('529e36b9-587b-4199-af69-d7fe8f6b1b08', false, 'es', 'Mirador de la Senhora do Monte');

INSERT INTO poi (id, type, world_coord, web_url) VALUES
('0831657a-7f12-4ecd-a7ac-f2f0c89f1b7f', 'zoo', '(38.7443615, -9.1707172)', 'https://www.zoo.pt/Site/index.php');

INSERT INTO poi_name (id, main, lang, name) VALUES
('0831657a-7f12-4ecd-a7ac-f2f0c89f1b7f', true,  'pt', 'Jardim Zoológico de Lisboa'),
('0831657a-7f12-4ecd-a7ac-f2f0c89f1b7f', false, 'en', 'Lisbon Zoo'),
('0831657a-7f12-4ecd-a7ac-f2f0c89f1b7f', false, 'fr', 'Zoo de Lisbonne'),
('0831657a-7f12-4ecd-a7ac-f2f0c89f1b7f', false, 'es', 'Jardín Zoológico de Lisboa');

INSERT INTO station_has_poi (station_id, poi_id) VALUES
('pt-ml-ae', 'c994ae3b-b5c0-4838-b19c-af3fbfdf0564'),
('pt-ml-ae', 'd6f6eeb4-6dfc-4e58-a3e0-f4bac85efa9e'),
('pt-ml-ae', '826afa93-76d0-421b-8fdb-33d3c8593662'),
('pt-ml-ae', 'eed8193e-030f-462d-a65e-17494828f876'),
('pt-ml-ae', '7970628e-8a70-41c8-aaba-317f3543024f'),
('pt-ml-ae', 'cc499665-54bf-4976-9125-cb12904ac9e8'),
('pt-ml-ae', '7f83f97a-e4ee-4740-a088-6c2307400619'),
('pt-ml-ae', '4cb15f31-8310-4b89-97c0-f7bae91b7841'),
('pt-ml-ae', 'f4682c9e-6257-4337-8a08-2f86a8318d6d'),
('pt-ml-af', 'cb073caf-87fd-409f-97b5-22092416aaf8'),
('pt-ml-af', '2f48aacf-a69c-47d6-a85e-357353b1ae13'),
('pt-ml-af', '61061cf2-76cc-4e19-a8ab-7ac87a03dde5'),
('pt-ml-af', '311ba5dd-a113-425f-b04d-7f0525fc77f3'),
('pt-ml-af', '1b048159-0055-4f08-a05d-14e9050c1489'),
('pt-ml-af', 'e887c2af-da73-424a-acd9-f269a0873895'),
('pt-ml-af', '36c60585-6925-43be-a9ad-2e45ff224fd7'),
('pt-ml-af', '076797dc-d173-4906-9949-820575b27005'),
('pt-ml-af', '5fad9a14-4165-4013-9639-06c7897fbef4'),
('pt-ml-af', '97d44ed8-7ebc-482c-90b1-1df380cb8a7b'),
('pt-ml-af', 'e30338ac-d61b-488f-ba19-a654efd30ac3'),
('pt-ml-ah', 'b1d720ec-325c-4f93-add3-03430f192cfa'),
('pt-ml-ah', '3d23a0b2-9be1-4c44-90c3-082fde0b49ff'),
('pt-ml-ah', '5535613f-6732-441c-9c17-bdf03114a9da'),
('pt-ml-ah', '733a0373-6e0f-4ad1-9c89-1b617e60e940'),
('pt-ml-ah', '2576bd73-09a3-491b-9a68-bd5dcafc7db8'),
('pt-ml-ah', '4f036f03-6128-424a-916e-2586625fac58'),
('pt-ml-ah', 'd92514a4-193b-46fc-8cc3-94c6e0588844'),
('pt-ml-ah', '5b5557f0-5c64-4886-82ef-2ba6adb24929'),
('pt-ml-ah', 'a3d6375c-ea61-4680-a890-ab9a6ee1a2ca'),
('pt-ml-ah', '30d4ec0d-0446-47e2-9312-53221f923fc6'),
('pt-ml-al', '6522dab7-5632-48c6-9394-1c2730ff1ec2'),
('pt-ml-al', '7d096b9e-94be-453c-adb0-75edb17ad75a'),
('pt-ml-al', 'a3b3b011-070b-4ff2-a281-7db7c73f41c1'),
('pt-ml-al', 'd0d6f350-ca39-4084-8396-e0798efff66e'),
('pt-ml-al', 'ead9bfd1-fc60-4fb9-b79f-a6018eaa8a84'),
('pt-ml-al', 'ed3620d0-360e-4935-a02d-29835d7de3f3'),
('pt-ml-al', '267e60b8-6a8e-4210-b369-0fff62e82031'),
('pt-ml-al', 'f711a58b-42e0-43c1-b8b1-60dd3c7a7fbf'),
('pt-ml-al', '134d8be0-21a9-4c4d-bca7-5cb4701417fd'),
('pt-ml-al', '30a49870-747f-4c22-8ec6-a370ac9e6b68'),
('pt-ml-al', '4e0cfc4b-a5a1-4426-ad5c-48fd7aa93787'),
('pt-ml-al', '74f4d125-c56b-4db9-96db-9299f5537d29'),
('pt-ml-al', '8fba00d5-a976-40d0-83c4-fb6616578a7b'),
('pt-ml-al', '9b07013b-9b7c-497a-b32f-dbdfec4d3e66'),
('pt-ml-al', '3aa87829-7433-42ae-935c-6159275cc999'),
('pt-ml-al', '608048dd-ebd0-4235-b125-b02d25a0333c'),
('pt-ml-al', '9748b486-8c51-4a82-84b6-73c2bc65b9c4'),
('pt-ml-al', 'bd8137cd-582e-423a-a307-dc7205351489'),
('pt-ml-al', '18af7682-36a0-4d8c-90f9-330d4c93af2d'),
('pt-ml-al', 'dc43ce78-282f-45aa-ab66-860e3b4a4383'),
('pt-ml-am', '824cd45e-a7be-4dd9-a2d2-3e8d236f373b'),
('pt-ml-am', 'ef1ec800-be3c-45ef-8b65-047ab155fae9'),
('pt-ml-am', 'c9117ee8-f31c-4f80-9370-d0e1671be6ad'),
('pt-ml-am', '7c77cbfb-bc7d-4040-906a-95a450c4b146'),
('pt-ml-am', '936cc66d-b22d-465c-b7a9-6ce465e5d387'),
('pt-ml-am', '6f5a2a06-c762-438e-85b9-144f5879f818'),
('pt-ml-am', '199bc767-d2cb-40f5-8450-2012bad98c13'),
('pt-ml-am', '0ff72d6f-d394-460a-a010-73ed6c86367d'),
('pt-ml-am', '5a1de34e-6b4f-41e8-a6b4-e2b7939819cc'),
('pt-ml-am', '75b8b62d-1a38-45ec-bafa-ffed9519e2b9'),
('pt-ml-am', '4207b53c-9295-432c-a662-a488bce00051'),
('pt-ml-am', 'd57e4cb4-82ef-4698-bdb3-43b2a339f78b'),
('pt-ml-an', 'd4f5fc94-9251-4618-b6aa-1574d69b2a85'),
('pt-ml-an', 'f971f658-6f56-47ff-858b-e9aa9694b6f0'),
('pt-ml-an', '28598e2d-8ddc-47b6-a747-1039012259dc'),
('pt-ml-an', 'ba4597ad-7f3d-47d5-b60c-7f73106da588'),
('pt-ml-an', '27f9cd67-6460-4c37-9a33-cc41deb8e857'),
('pt-ml-an', 'c261afa9-10a5-48bc-8f6d-d8791039dacc'),
('pt-ml-an', 'cb35d763-aec6-4461-bb76-3bb547089b01'),
('pt-ml-an', '030b09f7-f996-4bd3-ba9d-cd9be0e08483'),
('pt-ml-an', 'e7a7a0e0-7571-46af-8dde-3150957f807c'),
('pt-ml-an', '5db33758-60b7-46ca-9581-bd8b75df2904'),
('pt-ml-an', '89dfb58d-ef07-4873-be00-a9480e0fc280'),
('pt-ml-an', 'd820a8d8-147d-489c-9c63-d2cc4c79dc99'),
('pt-ml-an', '4deafa7c-a807-4f5f-a261-f4362b0fc219'),
('pt-ml-an', 'fe26f82b-089e-470f-a6bf-19af7362f991'),
('pt-ml-an', '40aa5cdd-69da-48bb-a706-9e09583d23cb'),
('pt-ml-ap', '3b78b3fd-daa6-48eb-b579-8211bbfffe31'),
('pt-ml-ap', '097f332c-7022-49b4-a041-a80b4bf4767e'),
('pt-ml-ap', '1d25a73c-5984-4fa7-813f-52b78b1c68dd'),
('pt-ml-ar', '740c01f1-3570-4bec-b8c9-45734e1d9ebe'),
('pt-ml-ar', '986bdfa2-71d5-47d3-9d0d-8aad97a3d670'),
('pt-ml-ar', 'a022157b-d2b5-4a7e-9898-ed7a2e15530d'),
('pt-ml-ar', '5b5e24f5-f8dc-4368-a198-1e1ce479e50e'),
('pt-ml-ar', 'd53b59e0-c82b-4b83-a8db-39ab80e8ecf9'),
('pt-ml-ar', '8efa89b3-2973-4261-96b0-e5dbc52008e4'),
('pt-ml-ar', '2af5b50f-c96e-4b30-8af2-57612881f92a'),
('pt-ml-ar', 'c883204c-0fba-44c4-850f-a278be91624e'),
('pt-ml-ar', 'd93e6621-3b66-4996-8ad4-e09fdc15a7bb'),
('pt-ml-ar', 'c98c0ed2-38fb-4c4d-8c52-b1497736f94c'),
('pt-ml-ar', '34dcc891-4874-4880-9529-a023cf495eff'),
('pt-ml-ar', 'd57e4cb4-82ef-4698-bdb3-43b2a339f78b'),
('pt-ml-ar', 'f80019b9-72a6-466f-a8f8-d9a1efc922c4'),
('pt-ml-ar', '4ea85291-517f-4cec-bcda-89944479f7be'),
('pt-ml-ar', 'e7a7a0e0-7571-46af-8dde-3150957f807c'),
('pt-ml-ar', '1d3fac5d-72d7-4e90-8631-ece1b92cbb0e'),
('pt-ml-as', '8b4fac64-53fe-47ac-bf4d-0fcf367a41bd'),
('pt-ml-as', '58970596-5bd0-4196-b32c-1019cfbec995'),
('pt-ml-as', '8f3634b0-103d-40b5-a69d-c88667ab8a3a'),
('pt-ml-as', '83c03dbf-5c77-406d-b1d7-851bb810a132'),
('pt-ml-av', '6c42ae53-a597-4483-8b4c-a3504742900e'),
('pt-ml-av', 'a3147643-f4c4-439c-976d-b24f6ce93636'),
('pt-ml-av', '6d2220d6-b228-4350-a896-5ecbe5b85c97'),
('pt-ml-av', '7d5aaca3-990b-4022-a697-bf5f8415e82f'),
('pt-ml-av', '0756332d-b4f4-4f22-95fc-63c9504e7640'),
('pt-ml-av', 'e0fb3193-9b7d-4125-b0c2-514392907adc'),
('pt-ml-av', '752b3e82-0039-4f34-9fff-c43a90ec03c9'),
('pt-ml-av', '75e49789-1585-418a-a119-c31a45d17f3d'),
('pt-ml-av', '07f6312e-f626-4ff2-8b55-9fa54b82901b'),
('pt-ml-av', '05f7cc95-58cd-4d58-8dcb-840e700fec98'),
('pt-ml-av', '56e66f1c-80b0-44c2-bc46-c3fa3be617ad'),
('pt-ml-av', '89d14344-9079-4a89-bee9-3adf59ac2bf6'),
('pt-ml-av', 'fe80c8e9-bb51-4e16-b04f-664e5ac9fb81'),
('pt-ml-av', 'b4f150af-3131-4ad9-bd04-72bb2712bc9d'),
('pt-ml-av', '208cbe66-8498-4280-a8b7-03925f255542'),
('pt-ml-av', 'f69aeb2d-fe2f-4433-802a-e4e27b005f3b'),
('pt-ml-av', '8f2a93ea-d53e-431b-90b6-ca8875b93072'),
('pt-ml-av', 'd759e819-d273-4494-ad5d-bf7d6acb0d53'),
('pt-ml-av', '1f5659c5-e36f-4ea3-b367-314599c52cb7'),
('pt-ml-av', '4f2ae1cb-bbb4-4018-893a-1cf1729ae86e'),
('pt-ml-av', 'f4dec837-1c9a-4425-932d-25e038011756'),
('pt-ml-av', 'db3c67b6-aaad-4f3c-a928-0cdab341c2bb'),
('pt-ml-av', '0fe76a87-a9d9-432e-844a-97315062e913'),
('pt-ml-av', 'a44bc559-4cc3-49b0-8ed0-23ccdba20f41'),
('pt-ml-av', '436a09ef-cb31-4fb3-9055-35281dc0a176'),
('pt-ml-av', '1b81ba26-1d5a-4470-8256-b803cb77574c'),
('pt-ml-ax', 'f43cac1b-2691-41c4-9052-3e1b10f155c4'),
('pt-ml-ax', 'a8ea5c39-24a6-4cf1-be2f-a53fc548143d'),
('pt-ml-ax', '91976d0d-e5e4-4e30-b9ee-1ad7b8d3e4a0'),
('pt-ml-ax', 'c6969d43-a7d1-47a2-a946-02c7b6fdf63a'),
('pt-ml-ax', '9b859964-ed0f-47cd-926a-710470fc28bb'),
('pt-ml-ax', '63a14af9-49d9-48f0-92d6-fe35127d7a4e'),
('pt-ml-ax', 'c2218212-03a6-42b7-a1e3-76eb860a5831'),
('pt-ml-ax', '16a2e570-bf43-4cf6-bb3f-54560d698c45'),
('pt-ml-bc', 'e36bf67f-40ba-46e9-82b8-c08e06a455af'),
('pt-ml-bc', '440fc82b-1ce4-4e56-9792-8c2ff30150db'),
('pt-ml-bc', '291e24f0-f8f6-48bf-a30b-7c39d7e72d3e'),
('pt-ml-bc', '7070f2a1-1a1f-4612-ab95-26d813e52801'),
('pt-ml-bc', '82066356-62a0-4b54-92dd-f213c44aaa0e'),
('pt-ml-bc', '12d81ad8-42ec-4798-a0dc-452127d22a1f'),
('pt-ml-bc', 'fa2460f8-ed79-4c40-97ac-ba00487f2a26'),
('pt-ml-bc', '26919f0e-6896-440b-9957-95c756eb3937'),
('pt-ml-bc', 'e6c35314-14c3-4e13-ab9b-261def3cadb0'),
('pt-ml-bc', 'e2f3d193-abcb-4073-86e5-a743be8a7d1e'),
('pt-ml-bc', 'd04c5eae-ff69-4444-8267-ef3628baddbe'),
('pt-ml-bc', '90cd2cf2-0b72-4362-baca-3a283d45aa04'),
('pt-ml-bc', '1773e514-d85b-40d8-8d29-142e0bc502d6'),
('pt-ml-bc', '77f75929-f2c3-48ad-929c-ddb777da5673'),
('pt-ml-bc', '4520b1f5-1464-487c-9aaa-0155a9af6567'),
('pt-ml-bc', '0729603f-81f1-4adf-a154-c48d79733225'),
('pt-ml-bc', 'a0b02e89-af1f-40c0-bb84-1c474a9f1fec'),
('pt-ml-bc', '76d6bc94-0bc6-47f1-9769-f3f5f654e508'),
('pt-ml-bc', 'fb8109ea-d021-45b4-b2df-d09007128e4f'),
('pt-ml-bc', 'd9c0a2f1-9403-42f5-863f-eae950443038'),
('pt-ml-bc', 'b03c982b-6f0f-4e7e-bd6e-f3f6671c05b1'),
('pt-ml-bv', '7cbe876a-7879-4b93-b0f5-07aee7552488'),
('pt-ml-bv', '3c11bccc-f6a8-47e4-9f26-668757e4c9b3'),
('pt-ml-bv', 'e9aa7025-0d15-4924-98ac-e1d966f2ab8b'),
('pt-ml-bv', '0870f35b-986a-4a9a-b5fd-81e835924be5'),
('pt-ml-bv', '919e4a58-9347-420a-80b9-85b6d7eb4082'),
('pt-ml-bv', '1b15d66c-d3a6-4bb8-8b56-5fddd1cd4229'),
('pt-ml-bv', '3bc06f7c-7cee-404b-9902-8444eda4839e'),
('pt-ml-bv', '5145cdbc-9543-4b06-baa8-17824291f50f'),
('pt-ml-bv', '75301a2f-b359-49bc-80a8-05e02d9880a0'),
('pt-ml-ca', 'ab25eedd-1bff-4208-bd12-e6c63968de6f'),
('pt-ml-ca', 'da1e6033-7b05-4afa-a58c-91fe3aafa41c'),
('pt-ml-ca', '9b0f0222-0e0e-4718-9ea8-325a673674e4'),
('pt-ml-ca', '0f795df5-f63a-40c8-87e1-e29ec620bcd1'),
('pt-ml-ca', '3349c439-9d36-49f6-939f-1b48ec0c2a1f'),
('pt-ml-ca', 'fbf9799c-0050-4e3f-bdc3-9210700d88bf'),
('pt-ml-ca', 'e4081c2a-e86c-437b-b2e9-d929167ed451'),
('pt-ml-ca', '849f46ff-d4d6-446e-ad8a-c3a661df11f8'),
('pt-ml-ca', '17085d5c-0dd2-4899-83e7-02f40efa335a'),
('pt-ml-ca', 'd30e2208-56c2-454c-b355-58e1f244942f'),
('pt-ml-ca', '789429a2-d15a-44e7-bfc8-b6e2f9a6c400'),
('pt-ml-ca', '872b89d3-9bc6-45d4-8ff8-fcd35e7c961b'),
('pt-ml-cg', 'db5fb527-221c-4740-adff-04fd44b976b7'),
('pt-ml-cg', 'd8dd777b-663d-4d27-b524-91ceba543cfc'),
('pt-ml-cg', '65b3521b-ca74-4d23-8351-f6a932381c25'),
('pt-ml-cg', '123baa89-96b5-454e-84d8-c3b56a44489f'),
('pt-ml-cg', '2a1b8203-d4ab-4852-9d45-27aa62a66603'),
('pt-ml-cg', '2bf08a5e-14f5-4804-8407-3b08073e6e0e'),
('pt-ml-cg', 'b9362a84-d19b-46f4-bd1d-e5eae0e097fc'),
('pt-ml-cg', '890023ad-1053-4a8f-b236-498ad3dbba7a'),
('pt-ml-cg', '7e937244-6b2c-416e-8bd3-149955823453'),
('pt-ml-cg', '18f225fc-777a-470e-b432-e8366ad73702'),
('pt-ml-cg', 'b2aee9b4-c3eb-436a-826e-abd95ae6ce20'),
('pt-ml-cg', '43c2d079-e08a-419b-b1e5-96d96d87a322'),
('pt-ml-cg', '2ccdc553-5cc1-4455-94b2-46c6a7903dc0'),
('pt-ml-cg', 'e211d2a9-39c2-4f5f-af42-89c60cd76ef0'),
('pt-ml-cg', '45a69d5d-89a1-405b-b292-c4ff9c58ee89'),
('pt-ml-cg', '7ba14fab-645c-4f57-9b38-bc16dc86718a'),
('pt-ml-cg', '3a908bba-9a07-4871-96ce-3a69809103a6'),
('pt-ml-cg', 'caf10b1d-34d8-4661-b894-846f2d6b7229'),
('pt-ml-cg', '03c9a827-939b-4276-989e-d8c7b7cc7848'),
('pt-ml-ch', '4bfe1448-857a-41f7-8abf-dfcf0015a733'),
('pt-ml-ch', '9c3e0904-94ce-4f91-8469-8ba5cd760ed0'),
('pt-ml-ch', 'e9aa7025-0d15-4924-98ac-e1d966f2ab8b'),
('pt-ml-ch', '7b1bb7ef-388e-4249-a3ce-46e540b19b5d'),
('pt-ml-ch', '40cce56e-80d1-4698-9894-9607d7f5cd1c'),
('pt-ml-ch', '0af218e2-753e-419b-a38e-f88990ce08ac'),
('pt-ml-ch', '105cd41b-269b-47cf-8717-a1c199d17e3d'),
('pt-ml-ch', 'cc672fcb-57f8-46e1-99ad-42bd69a538aa'),
('pt-ml-ch', '4e36715b-30d4-45ee-895e-908ca45a4081'),
('pt-ml-cm', '3cf48b0a-8c34-414a-96dc-2762dac98236'),
('pt-ml-cm', '047c765f-abfc-44ae-8b5d-3b0ec4d05f9e'),
('pt-ml-cm', '789429a2-d15a-44e7-bfc8-b6e2f9a6c400'),
('pt-ml-cm', 'd30e2208-56c2-454c-b355-58e1f244942f'),
('pt-ml-cm', '4563ffc4-9b5f-4821-a495-e28994716863'),
('pt-ml-cm', '180e88bd-a9b1-454c-83db-8a57bec18246'),
('pt-ml-cm', 'd8af44a4-5778-4e3f-97d2-cbd3c11d17f4'),
('pt-ml-cm', 'b7ce3592-c8d8-4884-aa5c-13b053f5b8f5'),
('pt-ml-cm', '733a0373-6e0f-4ad1-9c89-1b617e60e940'),
('pt-ml-cm', '3f11e0ef-3f31-497a-abe8-5b248d717ee2'),
('pt-ml-cp', '29240be6-bd5c-496c-a0c0-b743eb5141a3'),
('pt-ml-cp', '2ad7c650-6bb3-4154-b48e-6ee95befbb57'),
('pt-ml-cp', '0a4473d0-9a8a-46dc-a0e2-d4e5a39b312f'),
('pt-ml-cp', '00f66dc2-8a13-43ec-bb01-7eae0c0f329c'),
('pt-ml-cp', '36e8a887-c5f2-4b28-9a57-6eb52251f7db'),
('pt-ml-cp', 'fdecb6a3-7807-49d1-a072-889ca09a64b5'),
('pt-ml-cp', 'b8676b89-fa59-491c-bfff-b14fee6a8eba'),
('pt-ml-cp', '54077a6f-a224-4eb4-977c-36cb511b8444'),
('pt-ml-cp', '2edf3983-82ee-4520-b21c-578eb6b9053b'),
('pt-ml-cp', 'af46bf3a-d14c-4dd4-849d-8074552411c8'),
('pt-ml-cp', 'e680319a-dfc5-4d2f-9f3b-b0cf6a84513d'),
('pt-ml-cp', '81ca0415-8519-4419-be6c-7e644d46cfdd'),
('pt-ml-cp', '18f805db-bf44-45c1-986b-3b7da2c763c6'),
('pt-ml-cp', '9e77b08c-f360-487c-b8a2-3b7590e919cc'),
('pt-ml-cp', 'a0791f1a-066d-4620-be46-8180095cdccc'),
('pt-ml-cp', '2fba3aee-fa6f-458a-8609-529338e02bed'),
('pt-ml-cp', '65715c8b-ab6f-41ca-81b5-fcf283498acc'),
('pt-ml-cp', '875825da-cf4c-4f5c-926e-fc5262ddc981'),
('pt-ml-cp', '79452d46-dc95-431a-96ef-b416db233c3f'),
('pt-ml-cp', '7dc944cc-4cbf-43a0-87b9-0d1613e17d04'),
('pt-ml-cp', '1d429964-86ba-41b2-8d8c-efef14a3c1b7'),
('pt-ml-cr', '1bdcb32a-053d-4a67-b6f7-0028aeda4674'),
('pt-ml-cr', '8455a118-660b-4eea-9305-f0935254e623'),
('pt-ml-cr', 'ed4f8c71-5044-4692-8946-dc04c908e58e'),
('pt-ml-cs', 'adaadf7f-6a0d-48ec-bec4-578d05bcc3c9'),
('pt-ml-cs', '28bbfd71-88c9-48d6-a4fd-109b42ce969e'),
('pt-ml-cs', '48f32c03-5201-4464-a86a-9ce5fc886440'),
('pt-ml-cs', 'af2d0895-384a-47e4-b389-b00f8a47cb4e'),
('pt-ml-cs', 'e3d5f0ac-02bc-47e3-8ce0-1a26fb44dd67'),
('pt-ml-cs', '02888071-75bd-438c-bf22-3e624b4cdd58'),
('pt-ml-cs', 'f8e11651-dfa2-4c8c-a123-45c36b6af80e'),
('pt-ml-cs', 'd6dea782-29dc-4381-a9f2-ece30e4616a2'),
('pt-ml-cs', '43d5120a-a401-47c4-9db3-975ad481ebaf'),
('pt-ml-cs', 'f0214348-ad6e-4883-8478-257753bce064'),
('pt-ml-cs', '5f5ec80e-b514-4cd8-a867-2eb176b8ad66'),
('pt-ml-cs', '1de61c17-eddb-4584-aa45-646f0b93f667'),
('pt-ml-cs', '0d098bc3-f5c4-44c3-9aa4-92995aea1f69'),
('pt-ml-cs', 'fbed2a45-ab6b-4910-bd68-ce39323a8d0f'),
('pt-ml-cs', '7231e832-0dea-48e9-90c6-cfcfd216bda4'),
('pt-ml-cs', 'b8ca3e4f-af97-424d-b8f2-62833d6f8276'),
('pt-ml-cs', '4e2e44f6-4032-41be-9381-798e028a74ac'),
('pt-ml-cs', 'bf22b94f-3abf-455b-b8cf-af9883796359'),
('pt-ml-cs', '2902143c-1164-4ccb-ab13-0676717320f7'),
('pt-ml-cs', '4520b1f5-1464-487c-9aaa-0155a9af6567'),
('pt-ml-cu', '54e89045-5a61-4249-9ce5-596775f0e788'),
('pt-ml-cu', 'f0fbcd9b-ee04-426c-a709-815e0c49ed81'),
('pt-ml-cu', '98b2e6b4-9604-4aae-9bee-2f41ed67dd69'),
('pt-ml-cu', '18115a98-4b5b-4a9c-bdd6-2d2158c5324d'),
('pt-ml-cu', '79a47b44-ed96-4a6f-a60b-d8290319748f'),
('pt-ml-cu', 'd7e5e01c-f266-4e3c-94a8-ce8469740adf'),
('pt-ml-cu', '14fe3aa8-4aa9-4ce5-ac37-ee286f930880'),
('pt-ml-cu', '96a143a1-d9a0-4cc3-8bdb-c9606bfdae36'),
('pt-ml-cu', '9bb2dafb-6e6f-4f28-b448-72ed516fa0ac'),
('pt-ml-cu', '03c9a827-939b-4276-989e-d8c7b7cc7848'),
('pt-ml-cu', '0f07950e-7c60-4784-8155-a4f3598619d6'),
('pt-ml-cu', '23e01b97-6372-44d4-958c-4314397bfecd'),
('pt-ml-cu', 'b3ec9078-d82c-4cb3-85a5-49312b6c7f90'),
('pt-ml-cu', 'a3bff0d0-f8eb-426b-a089-d9286958aea9'),
('pt-ml-cu', '822950ac-d465-42a0-ba73-a591db5ad6ea'),
('pt-ml-cu', 'f95f2df9-fbcd-44fa-97c0-cd413392277e'),
('pt-ml-cu', '56ae7cfd-fb25-407c-9238-fc228b6a7e57'),
('pt-ml-cu', '2bf08a5e-14f5-4804-8407-3b08073e6e0e'),
('pt-ml-cu', 'b65a2b2a-cfb8-4ee2-8127-4ef20a11bc0b'),
('pt-ml-ec', '98b2e6b4-9604-4aae-9bee-2f41ed67dd69'),
('pt-ml-ec', '3f3e5648-26f0-42ac-87f9-00ca353307d4'),
('pt-ml-ec', '2b7493d5-7c99-4919-9b8b-7006a3831df7'),
('pt-ml-ec', '1a666f7e-d533-4c6a-a24a-852dab77aa52'),
('pt-ml-ec', '7902b21c-4624-4373-a0f1-214ce120b917'),
('pt-ml-ec', 'c7743221-5edc-4e89-a985-9c354fc93aed'),
('pt-ml-ec', '1d429964-86ba-41b2-8d8c-efef14a3c1b7'),
('pt-ml-ec', '20ad804e-e1ed-43c8-a094-5d280d226532'),
('pt-ml-ec', '9c5bd274-0b15-4b8d-ae53-2ef8df9b6174'),
('pt-ml-ec', '2a39d0e9-1815-4df3-97fc-afedd2bc420f'),
('pt-ml-ec', 'dab5d053-2a79-4d26-8644-7d3097badf18'),
('pt-ml-ec', '70bf0bf4-ab6a-430b-b1cd-5b8940077854'),
('pt-ml-ec', '54077a6f-a224-4eb4-977c-36cb511b8444'),
('pt-ml-ec', 'd2077011-b054-49b1-ae9b-cae81becde34'),
('pt-ml-ec', 'b65a2b2a-cfb8-4ee2-8127-4ef20a11bc0b'),
('pt-ml-ec', '6ea60abd-a21e-4b2d-82ec-2bbd1da01253'),
('pt-ml-ec', '4560a90a-04a6-4116-84f4-2ba9309f546a'),
('pt-ml-ec', '4d54181b-34b5-4065-954d-95898d824bd1'),
('pt-ml-ec', '018c49cd-04a2-4a7e-a055-32f4ae5a4ad6'),
('pt-ml-ec', 'de508b4f-0d40-42f9-9da9-696ff3535dc3'),
('pt-ml-en', '3b1c1af1-f33c-4d2a-a06c-41063465f438'),
('pt-ml-en', 'e8f25775-15e2-407f-b7c4-19703bc100b7'),
('pt-ml-en', '0f4bf6b8-73ef-421a-bf1f-16ab85ac0c0a'),
('pt-ml-en', '8ddfb70d-322e-4bdc-9832-d97ea27690a1'),
('pt-ml-en', '1bae8018-8e02-4cf6-9200-e78e155ce914'),
('pt-ml-en', 'c8a9f474-f13d-4a4b-9ccf-2c2c3ff1dadc'),
('pt-ml-en', '9373cfae-1bda-47b4-8e1f-0314650a279a'),
('pt-ml-en', '393b7a1c-bfc9-44b5-abd7-2447cf8b4717'),
('pt-ml-en', '31a24572-8205-4cb2-8cfe-3a431ed8b74d'),
('pt-ml-en', 'cc043ea5-3c3b-401c-ad9b-b4e93de05241'),
('pt-ml-en', '9e926790-23f5-4a5f-b70e-b8c336615a9c'),
('pt-ml-en', '8dec9947-f26d-4696-8b95-5e875b13abe1'),
('pt-ml-en', '526fd868-f86c-4bb0-a7b2-b349f2d8ea6e'),
('pt-ml-en', 'ef343bd8-3e89-45f2-891a-c2a267b8aa87'),
('pt-ml-en', '68bf3d96-6336-4df3-afdd-93d4b3364534'),
('pt-ml-en', '446d67b6-88b6-4494-a559-f4fa8bf14323'),
('pt-ml-in', '89dfb58d-ef07-4873-be00-a9480e0fc280'),
('pt-ml-in', '3943a124-e24b-4959-b884-8ccf334c3910'),
('pt-ml-in', 'ad8487a3-f0b9-4c21-adab-7b497aab075e'),
('pt-ml-in', '57066667-c1c6-4a13-81f8-acc98c442142'),
('pt-ml-in', '40aa5cdd-69da-48bb-a706-9e09583d23cb'),
('pt-ml-in', '0fe76a87-a9d9-432e-844a-97315062e913'),
('pt-ml-in', 'd820a8d8-147d-489c-9c63-d2cc4c79dc99'),
('pt-ml-in', '4f2ae1cb-bbb4-4018-893a-1cf1729ae86e'),
('pt-ml-in', '4deafa7c-a807-4f5f-a261-f4362b0fc219'),
('pt-ml-in', 'd759e819-d273-4494-ad5d-bf7d6acb0d53'),
('pt-ml-in', 'e8b85ece-bca8-42bc-8224-5e4d7e5ee3e9'),
('pt-ml-in', '8680c02d-8ce8-4814-a2ac-3fec5b4f43de'),
('pt-ml-in', 'c2ed3dba-6bcd-429a-9f49-b44fb9c9f1ff'),
('pt-ml-in', 'd729ce6d-4e82-4910-a5a8-cb4bc458df26'),
('pt-ml-in', '8fff2437-ef2a-4469-ade4-386c7d3a2b04'),
('pt-ml-in', '529e36b9-587b-4199-af69-d7fe8f6b1b08'),
('pt-ml-in', 'fbb15f54-2dff-4dd2-b71b-c5c63a2a6d03'),
('pt-ml-in', 'f91187c2-12d1-4ae8-8093-9bd0c842a05e'),
('pt-ml-in', 'fe26f82b-089e-470f-a6bf-19af7362f991'),
('pt-ml-in', '27f9cd67-6460-4c37-9a33-cc41deb8e857'),
('pt-ml-in', 'cb958cf2-62ca-40ff-97ba-1f8340f08dde'),
('pt-ml-in', 'b85e6685-7896-48cf-9940-545334b88b09'),
('pt-ml-in', '39a228c9-e54b-4933-b50f-498766835c9c'),
('pt-ml-in', 'd4f5fc94-9251-4618-b6aa-1574d69b2a85'),
('pt-ml-jz', '7d5c25f1-12d3-4bf3-9758-1ac11c19d5b4'),
('pt-ml-jz', '3a8cca9b-df56-40ce-aadc-6bd62d5beae7'),
('pt-ml-jz', '1b01a2e5-cc3d-423a-a326-a1fd7c655469'),
('pt-ml-jz', '86f59edb-6eca-48c2-a294-eddc2d995add'),
('pt-ml-jz', '1cc64565-7ff2-4ebb-b5ae-c9205d1e3b5d'),
('pt-ml-jz', 'ce5f3f97-91cc-445f-8cdd-2ac2c90392ba'),
('pt-ml-jz', 'fcac7d46-1b44-4743-9634-1bf10d88e5b3'),
('pt-ml-jz', '80ce6b16-f43f-4ead-b9a1-6abe16481c45'),
('pt-ml-jz', 'f1662f40-2ddc-4ad3-9d9f-8dc6b2827f05'),
('pt-ml-jz', '2e78daef-2a10-4eb6-9c27-8f173bbb7958'),
('pt-ml-jz', '10202f9d-df1d-41ad-9f9a-caf0f39eb97d'),
('pt-ml-jz', '0831657a-7f12-4ecd-a7ac-f2f0c89f1b7f'),
('pt-ml-jz', '1d7026b7-6d67-47cc-92a6-ddff9b9027c6'),
('pt-ml-jz', 'fc7fd291-3aaf-4d30-a68f-b2dd542d1c99'),
('pt-ml-jz', '06fbac1d-294e-48fd-a557-0fd8e4d4db07'),
('pt-ml-jz', '45b82090-b409-4ac6-88dc-5e8278cb524e'),
('pt-ml-jz', '916bf0d4-6bd1-4dff-9523-38415e1192a7'),
('pt-ml-jz', '8a1a095c-98c6-4951-9365-cc01027605b9'),
('pt-ml-jz', 'aa129ade-f739-4d5c-9838-6199ad8b351c'),
('pt-ml-jz', 'e25dadbb-10cb-47c7-b601-e339b4816cb0'),
('pt-ml-la', '499fb89a-3adb-4bf7-95d6-21bee75c71d9'),
('pt-ml-la', '17e5274f-997d-4997-8a90-52c986f854aa'),
('pt-ml-la', 'f4c4cb07-b81d-4ef7-93fb-32814a1eb100'),
('pt-ml-la', '00a151c4-3817-4a39-8d4a-61bd1c06bb52'),
('pt-ml-la', '9ee45123-4628-4c78-b767-3caba5a398b3'),
('pt-ml-la', '29b56f79-5cba-4828-893f-6e00d66d663d'),
('pt-ml-la', '042ebf00-d50a-43cc-a95b-3c295dc73852'),
('pt-ml-la', 'ec66e647-10cd-472a-a082-a5f188d8a4d9'),
('pt-ml-la', 'a3d6375c-ea61-4680-a890-ab9a6ee1a2ca'),
('pt-ml-la', 'a23d1e05-c990-4f55-a07f-6f9178ab8fd9'),
('pt-ml-la', 'b1bf594d-80f0-4ddd-b1ea-8074e90d8b90'),
('pt-ml-la', '5efec33c-c0c1-47af-96be-1d6ef34b03af'),
('pt-ml-la', 'e25dadbb-10cb-47c7-b601-e339b4816cb0'),
('pt-ml-la', 'ea91385f-4ec3-4892-8aa8-ac3dcdc8a15b'),
('pt-ml-la', '0f07950e-7c60-4784-8155-a4f3598619d6'),
('pt-ml-lu', '1a76335f-3b5a-4aa3-bd75-d64b8a8fcb12'),
('pt-ml-lu', 'b65ab1a8-7a45-4f2f-8948-d30c0429f1a9'),
('pt-ml-lu', 'f9304407-c736-4fce-8dd7-345651e82eae'),
('pt-ml-lu', '94de3da0-9860-45e3-9a3f-2df2731f454e'),
('pt-ml-lu', '52ae96ff-0e2e-431c-95de-40bfb1231a61'),
('pt-ml-lu', 'd62a37f7-07eb-441b-99d5-0521a4a86804'),
('pt-ml-lu', 'fb5b9a11-b567-42a5-89b9-0973fc6a6438'),
('pt-ml-lu', 'f44fa5cc-4271-454c-90ce-60fb08dc7ab9'),
('pt-ml-lu', 'f06d3bff-2319-420a-9664-91bb3ed05c75'),
('pt-ml-lu', '63be58ec-68a8-45ee-b7d8-d521803cbaa9'),
('pt-ml-lu', '0e76d13f-ad31-4d5d-88fa-e5c5827f33ec'),
('pt-ml-lu', '5f553be4-27e7-4fa9-9500-e2a32205d326'),
('pt-ml-lu', '2657732c-fedc-4ab0-bbeb-395e7b10e54e'),
('pt-ml-lu', '517b0ca5-8447-4e5d-9186-6215bdd7821b'),
('pt-ml-lu', 'd0f0b4dc-0ed3-43d9-865b-647e7a699136'),
('pt-ml-lu', '66b53368-48b6-4ebe-acfb-450c29e05835'),
('pt-ml-lu', '0e946c08-fbfe-4e3d-abc7-be4bf422aadc'),
('pt-ml-lu', 'c8eea3e2-53db-4ae9-91af-d85b69a219ce'),
('pt-ml-lu', '98f130a4-419e-4a87-bf65-b7c1ef11a9f1'),
('pt-ml-lu', 'e913ec11-4479-4702-8884-a30635267390'),
('pt-ml-lu', '8fbd7d9a-e7bf-44c1-a572-a4c9b772eb1a'),
('pt-ml-lu', '6780dec7-821d-460e-aefe-91bac42f285c'),
('pt-ml-mm', '94c5cece-5744-44eb-aaf8-323e626905f2'),
('pt-ml-mm', '5afd70c9-8a1a-41de-b8aa-45f4a6acae13'),
('pt-ml-mm', '6470b5f1-0845-4a8d-be26-5330591635d9'),
('pt-ml-mm', 'a1572e85-00d1-4a9a-9fc8-bafd4a80e81a'),
('pt-ml-mm', 'd79798ed-bfd5-4198-8c39-32769fe881e6'),
('pt-ml-mm', '56473e1c-48d8-409e-9b5a-76e99aa838ac'),
('pt-ml-mm', '0d6993d8-fb73-4a81-8197-9bec2ddbf655'),
('pt-ml-mm', '002c1bbc-18af-414a-8142-9cd3debb5f71'),
('pt-ml-mm', 'd9313d9b-465a-447f-9a94-2b458a6d5a96'),
('pt-ml-mm', '79de808e-f2a8-4a1e-9c25-e47079109c0a'),
('pt-ml-mm', 'cb958cf2-62ca-40ff-97ba-1f8340f08dde'),
('pt-ml-mm', '1c4a8da1-773f-4b90-b0cc-b45d27366741'),
('pt-ml-mm', '9f618802-7254-4ec1-a556-f2ff931def7f'),
('pt-ml-mm', 'e9999f03-f085-4d4b-94c3-cde7234896b1'),
('pt-ml-mm', 'b85e6685-7896-48cf-9940-545334b88b09'),
('pt-ml-mm', 'b6baae39-8dd5-4d9f-a214-20b9c9495ccb'),
('pt-ml-mm', '0c2bc9f5-63fc-4b5a-b3a7-5d2b68bac917'),
('pt-ml-mm', '39a228c9-e54b-4933-b50f-498766835c9c'),
('pt-ml-mm', 'd67bf5bb-9445-46ff-851b-de3d1e6a1894'),
('pt-ml-mo', 'dc160b9f-0924-4e6a-abed-31e1e4132c1a'),
('pt-ml-mo', 'bd8dc77f-c39a-4f41-87eb-760153328490'),
('pt-ml-mo', '2ecd34a8-b0a3-437c-b5c7-c161a93c7fcf'),
('pt-ml-mo', '8044c804-5536-4c94-8085-1db5f68180a1'),
('pt-ml-mo', '6de4bfa1-ef3c-48b3-a916-0cb079f36a39'),
('pt-ml-mo', 'f04b71f8-c606-4eed-b0da-743dc5d3afd4'),
('pt-ml-mo', '921c2f82-43ba-4f05-886d-e012221b90f3'),
('pt-ml-mo', '07ae7596-87ff-4596-bf6c-d327e2b21e41'),
('pt-ml-mo', 'd03341d6-138d-4e50-865e-618b2d69c7e0'),
('pt-ml-mo', '652f04e4-7da3-406b-993e-cb546df279bc'),
('pt-ml-mp', '98a8ee2c-6bad-4d96-ae9c-e0c1a20bc74f'),
('pt-ml-mp', 'd0e5d574-3c50-4060-bc48-fb6dc9b64d45'),
('pt-ml-mp', 'f698efd0-8675-4dc6-a222-f971e6b514a7'),
('pt-ml-mp', '6d2220d6-b228-4350-a896-5ecbe5b85c97'),
('pt-ml-mp', 'a44bc559-4cc3-49b0-8ed0-23ccdba20f41'),
('pt-ml-mp', 'c5c2779f-4e61-4cc7-90d5-df5e40485e56'),
('pt-ml-mp', 'b730828b-354f-4cb2-8d58-80399340eace'),
('pt-ml-mp', 'a605d9f6-5a2f-4cc6-b206-7011abe86a06'),
('pt-ml-mp', 'f0254709-86ee-42ef-b9c4-64577298a81a'),
('pt-ml-mp', '07f6312e-f626-4ff2-8b55-9fa54b82901b'),
('pt-ml-mp', '48c861d1-b2bb-416e-a180-7cacde0ce1f0'),
('pt-ml-mp', 'ecc7feda-2b13-442e-910a-6859a62fff01'),
('pt-ml-mp', 'e0ed6165-0e08-4e85-bc1c-bdd948a8faff'),
('pt-ml-mp', 'c4348edc-c3da-47a7-9336-9c0330e3db5e'),
('pt-ml-mp', '5949acca-f89c-44c6-819d-11da173add77'),
('pt-ml-mp', 'ac9005c8-03fb-4c17-8e47-312d22ef7e3a'),
('pt-ml-mp', 'bb936604-a194-4876-8818-85fb9cdb7456'),
('pt-ml-mp', '1b81ba26-1d5a-4470-8256-b803cb77574c'),
('pt-ml-mp', 'e0426968-65ec-4216-90b1-564e204e01cf'),
('pt-ml-mp', '5a245bd4-ecbb-49b8-8daf-73bd2b4de6d8'),
('pt-ml-mp', '8c1e3495-2865-4ef8-8dfe-29ee9757a4d4'),
('pt-ml-mp', '436a09ef-cb31-4fb3-9055-35281dc0a176'),
('pt-ml-mp', 'd07ff729-6da9-4d1e-ae95-a5f10c3a8b76'),
('pt-ml-od', 'fecc19e2-0dc9-4cdb-8f33-ad22ac3af615'),
('pt-ml-od', '79e161e0-156d-4cd1-a0b8-4988861ed9a6'),
('pt-ml-od', 'cdf64da1-9d6a-4a6a-8995-d2b94bd9689b'),
('pt-ml-od', '2721dd40-3a87-4b5a-89ab-508962ca70cc'),
('pt-ml-od', '1670cef2-5033-48b3-8d4a-55a5e6a6cf6c'),
('pt-ml-od', 'bfde7c84-e274-4605-8c86-70d5b58e9a0a'),
('pt-ml-od', '7f414754-3d6b-4271-b466-a2631b3bb8c8'),
('pt-ml-od', 'b34d8615-f80a-4e29-b469-f9a80c8c2e98'),
('pt-ml-od', '2c92481f-bf4f-413e-ad1f-2a15c8dc5e08'),
('pt-ml-od', '5f3e6b1d-d236-426d-afc5-4941b37f4895'),
('pt-ml-ol', '4fe364aa-8e16-427c-b732-f228c9c54007'),
('pt-ml-ol', 'd90e45e4-df99-4f6c-a119-3e844c1495be'),
('pt-ml-ol', 'b9ef87ac-737e-496c-bfe9-71fa6ad6bacb'),
('pt-ml-ol', '291ee006-735e-4db8-acf3-1e2d29573b11'),
('pt-ml-ol', 'ca4d9361-1b47-467f-ae47-a558ead2f012'),
('pt-ml-ol', '5fb3615a-d514-4cc0-889d-b1a90691cbb4'),
('pt-ml-ol', '48a25bde-c12e-4fcb-a1f0-aebc1ce28bee'),
('pt-ml-ol', 'ab967dd3-161f-4042-baa8-895d27a1bd98'),
('pt-ml-ol', '90696519-fba3-4f6a-8574-5370ae3bc8f6'),
('pt-ml-ol', 'b8212b0c-a1d8-4631-9421-5ac8bc23f605'),
('pt-ml-ol', '1df16db9-5478-47da-962d-bebe1073b7b0'),
('pt-ml-ol', '0651348e-6271-4ed6-9055-e2d1eba48912'),
('pt-ml-ol', '301933b6-9465-428e-b799-c64a69f47d24'),
('pt-ml-ol', 'eb3e4443-ba58-45fe-8ac5-feab77aed436'),
('pt-ml-or', '4fa27edb-36b4-476b-8d20-811d15afeba2'),
('pt-ml-or', 'd03341d6-138d-4e50-865e-618b2d69c7e0'),
('pt-ml-or', '28eacd2e-ea8c-4e6d-a00d-d34bd6da2809'),
('pt-ml-or', '0b892ccd-07c9-467a-a563-527aec525655'),
('pt-ml-or', '5033cbde-f918-448f-a690-7498271820a6'),
('pt-ml-or', '9dd8b621-8873-4eb1-8d58-f39e24d98840'),
('pt-ml-or', 'c4d17f49-553b-4b7d-b24b-3d3f96e83dd9'),
('pt-ml-or', '30b49034-5a35-4ff1-97bc-8279c47f192d'),
('pt-ml-or', '5693fb02-d0ac-4d49-8444-d963e9410698'),
('pt-ml-or', 'abda5a82-67ac-4fc9-b551-5bf84db90441'),
('pt-ml-or', '6cac8f6b-5fec-4b6b-acc7-59e50e6e119d'),
('pt-ml-or', '652f04e4-7da3-406b-993e-cb546df279bc'),
('pt-ml-or', '95a0a746-3a05-4ae8-9c18-c30071723565'),
('pt-ml-or', '9d9d421e-1daa-4e8b-b751-dc8d89afb31e'),
('pt-ml-or', '2a7a4b66-f36d-4641-b9c3-b178e9aa5a32'),
('pt-ml-or', '6c4dae1f-4f72-439e-9fe7-01ab5bb7a04d'),
('pt-ml-or', '1d3dff50-bd4b-4244-a78c-028793a3898a'),
('pt-ml-or', 'af81c7ee-b857-4433-9052-e831f3515842'),
('pt-ml-or', 'a3c76f26-e2a1-48a0-aef3-e682d0d52189'),
('pt-ml-or', 'b820a164-1dae-4788-b0b1-22f39aac5aeb'),
('pt-ml-or', 'dcc54fea-8a0f-423c-b597-83c3a663853e'),
('pt-ml-os', 'c4ab0790-a391-48c6-a31e-9acce5f3d6bf'),
('pt-ml-os', '0db3e48f-a532-47b8-a020-34bd3b632eb3'),
('pt-ml-os', '8503d368-3079-4c9b-9eca-72dfa301ba88'),
('pt-ml-os', '3c6be518-d895-4daa-9bd2-089d934acbae'),
('pt-ml-os', 'bbc413b3-3ca6-4224-8d3f-15e8490d56b1'),
('pt-ml-os', '8455a118-660b-4eea-9305-f0935254e623'),
('pt-ml-os', '50c205c1-437f-49bd-b45c-6eff94b43bd9'),
('pt-ml-os', '599a8652-b31f-405c-898f-b73f38cebdee'),
('pt-ml-os', '512214e5-42c0-4973-a73e-108df75bed97'),
('pt-ml-os', '8e3452f1-bfc7-4a60-904c-26643f05d707'),
('pt-ml-os', '55fe5d78-fe2f-4941-8927-9616722410a1'),
('pt-ml-os', '63f6a081-4e4c-4613-b83b-ae2c84302f39'),
('pt-ml-os', 'e2de78f2-71ba-46d7-a1f9-c7e734a285ec'),
('pt-ml-os', 'ec494207-f545-4874-8a8d-c5ce06028767'),
('pt-ml-os', 'ed4f8c71-5044-4692-8946-dc04c908e58e'),
('pt-ml-os', '1bdcb32a-053d-4a67-b6f7-0028aeda4674'),
('pt-ml-pa', 'e0f525f7-62a7-48ef-ab51-d28ae33a225f'),
('pt-ml-pa', '1230a84a-2767-4d47-9088-7c60e276e67e'),
('pt-ml-pa', '8b6337d1-93b6-4e0c-94a7-63abacab5982'),
('pt-ml-pa', '4af611cc-448f-41a8-b29c-8be39877eb1f'),
('pt-ml-pa', '1b0acc1b-386d-44f4-8c8b-29b2074b2899'),
('pt-ml-pa', '30336f5e-aaca-4f8a-a2fe-9ee8abf6723d'),
('pt-ml-pa', '5949acca-f89c-44c6-819d-11da173add77'),
('pt-ml-pa', '12b2e84c-e466-4cfa-994a-f8a71c32de16'),
('pt-ml-pa', 'a8b4c63a-7218-4bc0-ab2f-6cfcb050a513'),
('pt-ml-pa', '7c5d658d-faa1-4cbd-9e42-5f91829914fd'),
('pt-ml-pa', 'f135d0b4-be76-47ff-933f-e5b881f9e882'),
('pt-ml-pa', '35879769-8347-4e82-b920-41cbe2e1df64'),
('pt-ml-pa', '0af7212c-5bb0-4bbd-a322-ce3b041bf65b'),
('pt-ml-pe', 'fe47c911-d950-47e4-b62e-9440113d7614'),
('pt-ml-pe', 'fd598792-f25c-4a4e-969d-649b8de2125d'),
('pt-ml-pe', '188cedf3-b791-4c9b-84e7-c27b0e5680a5'),
('pt-ml-pe', '2d6d4023-f48e-4f63-9b7e-60412aaed912'),
('pt-ml-pe', '2edf3983-82ee-4520-b21c-578eb6b9053b'),
('pt-ml-pe', '74be1d0f-49bd-482e-9eaa-4f2853d8efab'),
('pt-ml-pe', 'b60eee19-a47e-4def-a174-9c6458137650'),
('pt-ml-pe', '106c48a3-afeb-41c4-9a5f-cd9d5ba98588'),
('pt-ml-pe', '0004314a-9804-43e4-a82f-d5777929e547'),
('pt-ml-pe', '41589c3b-ca7b-4c30-8c19-ab86509fdc00'),
('pt-ml-pe', '1163a617-b2f1-41a2-913b-7afa99c7dd41'),
('pt-ml-pe', '5394997e-fdda-41e7-ba61-a9d5ccf630a0'),
('pt-ml-pe', 'f2e60f32-2264-4492-a4f7-ffa093713df5'),
('pt-ml-pe', '4c745dcc-f138-4974-b101-c140ea2f84a8'),
('pt-ml-pe', '20e2f568-bbf1-423f-8660-4c8701cea787'),
('pt-ml-pe', '0f6a4d60-84ce-43e8-be90-3d4d484626f5'),
('pt-ml-pi', '6291f396-8395-4a76-b3b9-3762dd04f022'),
('pt-ml-pi', '8c5b0e11-1166-49ec-8c67-096109bf48d5'),
('pt-ml-pi', '14cea202-c49c-4c34-8435-502bd565e76a'),
('pt-ml-pi', '35879769-8347-4e82-b920-41cbe2e1df64'),
('pt-ml-pi', '8e592b8b-f8b3-4f8e-9a6e-80e172f16f93'),
('pt-ml-pi', '8b6337d1-93b6-4e0c-94a7-63abacab5982'),
('pt-ml-pi', '1a32cefe-9864-428f-9675-608762661aad'),
('pt-ml-pi', 'dc7bc504-6ff4-4355-8aea-1bfbcc48e257'),
('pt-ml-pi', '8f6ff271-3c30-428a-b919-6b66c5a264d3'),
('pt-ml-pi', 'a71f210e-7770-4e1c-b986-02968fdd5be4'),
('pt-ml-pi', 'fab4ae30-54ce-48a4-bc2b-8286fb6eaa77'),
('pt-ml-pi', 'c86b65ea-4c47-42d9-8b13-93f16f85c388'),
('pt-ml-pi', '2c8212fe-d742-4697-8dd0-ae2f6085b6a5'),
('pt-ml-pi', '21c93420-3e1f-4ab3-a1f6-02df92ca014b'),
('pt-ml-pi', '1b755aa1-cb06-4b06-b778-efc6e79675be'),
('pt-ml-pi', '3e281369-8ced-4606-b8ee-416c3c81f7fa'),
('pt-ml-pi', 'fe03901f-c49d-4f89-ac65-fc151bf6cd92'),
('pt-ml-pi', '158ec215-209d-4913-8e27-dc3d677784d5'),
('pt-ml-pi', '7a829523-efaf-439d-89ea-69a3e03fc644'),
('pt-ml-pi', '7c5d658d-faa1-4cbd-9e42-5f91829914fd'),
('pt-ml-pi', '1230a84a-2767-4d47-9088-7c60e276e67e'),
('pt-ml-pi', '0af7212c-5bb0-4bbd-a322-ce3b041bf65b'),
('pt-ml-po', '3fa511d7-fa7a-4b1b-8bf8-48ed996e4bf2'),
('pt-ml-po', '563790d8-6709-438b-8d6d-01d7349c2f98'),
('pt-ml-po', '621d8aad-5dab-4356-bc85-aad388bfa41a'),
('pt-ml-po', '9b0f0222-0e0e-4718-9ea8-325a673674e4'),
('pt-ml-po', '07c4203d-bee8-4c88-a414-04ce59556c28'),
('pt-ml-po', '17085d5c-0dd2-4899-83e7-02f40efa335a'),
('pt-ml-po', '5fad9a14-4165-4013-9639-06c7897fbef4'),
('pt-ml-po', '39cd6854-56c1-4b27-81f3-34fb061fcfd9'),
('pt-ml-po', 'd90f0b43-49da-4ca8-8db2-b4e04522f8ee'),
('pt-ml-po', '849f46ff-d4d6-446e-ad8a-c3a661df11f8'),
('pt-ml-po', 'e4081c2a-e86c-437b-b2e9-d929167ed451'),
('pt-ml-po', 'ab25eedd-1bff-4208-bd12-e6c63968de6f'),
('pt-ml-po', '872b89d3-9bc6-45d4-8ff8-fcd35e7c961b'),
('pt-ml-qc', '8a22f723-9ee1-4c5d-a979-e541492ba8dd'),
('pt-ml-qc', '9f67d8dc-b5db-41ad-bd72-455caf20e70a'),
('pt-ml-qc', '65b3521b-ca74-4d23-8351-f6a932381c25'),
('pt-ml-qc', 'f06d3bff-2319-420a-9664-91bb3ed05c75'),
('pt-ml-qc', '7e937244-6b2c-416e-8bd3-149955823453'),
('pt-ml-qc', '052ff00b-539c-476c-94ec-2ef4e090a5e5'),
('pt-ml-qc', 'e3aaf4a2-138e-4bfd-9d92-97e3ef5c9f8f'),
('pt-ml-qc', '43c2d079-e08a-419b-b1e5-96d96d87a322'),
('pt-ml-qc', 'cc997f0d-f6b2-44bd-a27e-079e7e5dca49'),
('pt-ml-qc', '5f553be4-27e7-4fa9-9500-e2a32205d326'),
('pt-ml-qc', '2657732c-fedc-4ab0-bbeb-395e7b10e54e'),
('pt-ml-qc', 'f75e58ef-84a9-4e69-b5b5-cb150617ac3b'),
('pt-ml-qc', '6ab38527-aa22-4ddf-aaed-1c5e15ba339a'),
('pt-ml-qc', '3a751ec6-fd45-40b0-a9e0-c9ff9a90353e'),
('pt-ml-qc', 'd5f92755-49df-435a-bc3a-89597c96574a'),
('pt-ml-qc', '1d6ea85f-600b-4863-8f99-35e3e8bf5cf6'),
('pt-ml-qc', 'c8eea3e2-53db-4ae9-91af-d85b69a219ce'),
('pt-ml-qc', '4c886c43-9ba7-4316-a7ba-5db9257c1007'),
('pt-ml-qc', 'b65ab1a8-7a45-4f2f-8948-d30c0429f1a9'),
('pt-ml-ra', 'ad9bf425-8907-404a-95e8-6ed03e0f6c98'),
('pt-ml-ra', 'ba856e8a-7cc4-4754-9bc8-a1fae2e73b55'),
('pt-ml-ra', 'e855e22d-6d58-4da9-a020-90156448b728'),
('pt-ml-ra', '5a245bd4-ecbb-49b8-8daf-73bd2b4de6d8'),
('pt-ml-ra', 'a7029060-f352-49bb-925c-c546d47166cf'),
('pt-ml-ra', 'aebc903e-1f98-49ba-8431-fea14907ddb5'),
('pt-ml-ra', '590c9be1-800c-486a-89c4-849028781c07'),
('pt-ml-ra', '241938da-92b5-40ec-966d-9177cd102ff0'),
('pt-ml-ra', '8c1e3495-2865-4ef8-8dfe-29ee9757a4d4'),
('pt-ml-ra', 'acd0f2da-9b83-467e-b199-1428f350bf05'),
('pt-ml-ra', '75c393a8-cb7f-4ffa-bbb1-5fd600a1f4c1'),
('pt-ml-ra', 'b7625f60-0704-40e8-b56a-2e82c45dfac7'),
('pt-ml-ra', '82dfcf07-ea24-49b5-bc3d-62209badbeeb'),
('pt-ml-ra', '88b29adb-7988-4684-8340-b5b6b9b8d2b0'),
('pt-ml-ra', 'f8f7217c-7448-4ae8-b634-ec7a82a82a91'),
('pt-ml-ra', '47af7107-0227-4976-9cf6-60aaba5f0790'),
('pt-ml-ra', '53f3ed93-c229-4a59-b447-3cd2afee4a7a'),
('pt-ml-ra', 'cbe5b2ce-f30c-40ce-b8cc-72bb931f64f5'),
('pt-ml-ra', '01af6913-a946-41eb-ae3f-9ca78a334a5a'),
('pt-ml-ra', '11044ec2-267e-4d51-8d54-bed1c48f8bfc'),
('pt-ml-ra', '99188179-0680-4052-af21-8a018080362d'),
('pt-ml-ra', 'f6a5d88d-1be5-4e48-ba08-00a4418cb15b'),
('pt-ml-ra', '498707a2-d093-4980-a5b8-a45a75a7cc0a'),
('pt-ml-ra', 'adbce7f5-a9f1-475e-9720-0d17caa07e34'),
('pt-ml-ra', '393d8cc6-bd7f-4f58-8a90-e6f150272c7f'),
('pt-ml-ra', '60e50948-9055-418f-8656-d4adfe31e773'),
('pt-ml-ra', 'e0426968-65ec-4216-90b1-564e204e01cf'),
('pt-ml-ra', 'bb44d643-21b9-4580-8fb0-6fc4eb64643e'),
('pt-ml-ra', 'd63958dd-9b2a-4ee0-8148-4968a1212d68'),
('pt-ml-ra', 'b1e11913-591b-428a-b9f8-dcaf045eaaf8'),
('pt-ml-rb', '81185020-18b0-4f61-bc4e-b73d801f4546'),
('pt-ml-rb', '8b4fac64-53fe-47ac-bf4d-0fcf367a41bd'),
('pt-ml-rb', 'eb6cb51f-7897-49fe-a073-5a7dbecfa93c'),
('pt-ml-rb', 'ab02e391-475e-495e-8a51-ad0005e99d07'),
('pt-ml-rb', '048ed243-2c5a-4141-8eb7-94dfe94724d8'),
('pt-ml-rb', 'fd8e3b82-4d85-4f42-8776-eeba98241bad'),
('pt-ml-rb', 'fc37621e-5fbc-41f6-aa34-c07f43136aa5'),
('pt-ml-rb', '90223c33-a5db-4842-a953-856bf13ae3d9'),
('pt-ml-rb', 'b57a4b88-62af-43b0-9c93-067e50b6246f'),
('pt-ml-re', '6dbbf383-67a5-46ca-b8ac-45a8d3c7831b'),
('pt-ml-re', 'fb761f59-40f5-49f7-a5d0-e9f625e6a9b5'),
('pt-ml-re', '5198ac3b-2f5c-42b0-8b3d-fb6159fa533c'),
('pt-ml-re', '9e5d0363-1b7f-434c-a201-1d9a0cf47b82'),
('pt-ml-re', 'ef1f0ecc-c8ba-4c62-afa5-cce287b04ff9'),
('pt-ml-re', '7a5ce272-7b3f-4b57-b995-000da60b9058'),
('pt-ml-re', 'db3c67b6-aaad-4f3c-a928-0cdab341c2bb'),
('pt-ml-re', '3f64224a-3442-4921-b76d-845a28f77ce8'),
('pt-ml-re', '384bf88d-9122-4061-83c9-7d98cec21fed'),
('pt-ml-re', '3147f5dd-2897-4a31-afe9-7960eda0d7a9'),
('pt-ml-re', 'f30f8c44-e77a-4b1e-b0b7-21032522ec2e'),
('pt-ml-re', 'ba9a6011-6988-474a-b8d1-113a6d83f462'),
('pt-ml-re', '3101c832-aec2-4f45-a489-ac82d08616f2'),
('pt-ml-re', '80396f99-71b3-4d2a-8cd8-6de37de1c5a4'),
('pt-ml-re', 'a8d4964a-2e95-458a-b2b8-345e238a7608'),
('pt-ml-re', 'd759e819-d273-4494-ad5d-bf7d6acb0d53'),
('pt-ml-re', 'c9bbe8f2-c2ac-4ad4-a801-60117f8fefa2'),
('pt-ml-re', 'd79798ed-bfd5-4198-8c39-32769fe881e6'),
('pt-ml-re', '79de808e-f2a8-4a1e-9c25-e47079109c0a'),
('pt-ml-re', 'd67bf5bb-9445-46ff-851b-de3d1e6a1894'),
('pt-ml-re', '4e36ad4d-9467-4521-a1c6-f20ab8f15c38'),
('pt-ml-rm', 'ecdadb37-1744-43d4-81ee-66a89f724997'),
('pt-ml-rm', '2dc86905-f37f-4eaa-845e-4f27beb393dd'),
('pt-ml-rm', 'c994ae3b-b5c0-4838-b19c-af3fbfdf0564'),
('pt-ml-rm', 'f7b4cb24-5c60-4aba-a5cb-361d21d88b1f'),
('pt-ml-rm', '89eca3cc-3d8e-49ac-a112-98a7d7c6724f'),
('pt-ml-rm', '217f75fa-8abc-43e8-95b2-77def9aab3f6'),
('pt-ml-rm', '1a6d8274-3d9b-43ef-8a56-99467a2dec69'),
('pt-ml-rm', 'fc8f8d31-6829-4caf-9442-d5fb6b76516c'),
('pt-ml-rm', 'acad2fbd-d04e-4aad-89a6-029de0687621'),
('pt-ml-rm', '2e684db6-7f3b-4125-ba08-0fdb9f5056de'),
('pt-ml-rm', '6e2d2392-38eb-44b4-b0b8-b347abd3a75f'),
('pt-ml-rm', '9748b486-8c51-4a82-84b6-73c2bc65b9c4'),
('pt-ml-rm', '4e0cfc4b-a5a1-4426-ad5c-48fd7aa93787'),
('pt-ml-rm', '3aa87829-7433-42ae-935c-6159275cc999'),
('pt-ml-ro', 'dffa6501-438c-4192-86a8-387b7f641b81'),
('pt-ml-ro', '5afd70c9-8a1a-41de-b8aa-45f4a6acae13'),
('pt-ml-ro', 'f1638313-9b9e-4952-b52a-74e659b73f75'),
('pt-ml-ro', 'd79798ed-bfd5-4198-8c39-32769fe881e6'),
('pt-ml-ro', 'd67bf5bb-9445-46ff-851b-de3d1e6a1894'),
('pt-ml-ro', '79de808e-f2a8-4a1e-9c25-e47079109c0a'),
('pt-ml-ro', '19b82bd2-732d-4261-88f9-b7f3a825c6a7'),
('pt-ml-ro', '0c2bc9f5-63fc-4b5a-b3a7-5d2b68bac917'),
('pt-ml-ro', '25c0c659-bd11-4f15-837c-0eb75ef36634'),
('pt-ml-ro', 'c5448a06-20dd-48c2-9842-c5492bb9fafd'),
('pt-ml-ro', '7e149431-2e6c-4ff9-acbf-1781d88bd529'),
('pt-ml-ro', '18ed8421-023f-417a-ae67-4cec9ab1e114'),
('pt-ml-ro', '4e36ad4d-9467-4521-a1c6-f20ab8f15c38'),
('pt-ml-ro', '12d81ad8-42ec-4798-a0dc-452127d22a1f'),
('pt-ml-ro', 'd04c5eae-ff69-4444-8267-ef3628baddbe'),
('pt-ml-ro', '82066356-62a0-4b54-92dd-f213c44aaa0e'),
('pt-ml-sa', '8d986e9e-3b35-4c41-85dc-cca7a0704068'),
('pt-ml-sa', 'd8a11814-4005-4fb2-8dc1-71d39fa2d148'),
('pt-ml-sa', '96b39801-7adf-4b42-b03e-a5696e92c1e7'),
('pt-ml-sa', '6291f396-8395-4a76-b3b9-3762dd04f022'),
('pt-ml-sa', '94d07250-ed0c-452c-bc4c-f20ca5cc4a90'),
('pt-ml-sa', '945ba6ac-8948-43c7-9b39-f7061ddd43a3'),
('pt-ml-sa', 'f9989395-0503-4173-a8e0-d30afdddc31a'),
('pt-ml-sa', '94dd6387-22d6-4f63-a7c3-968d135e1a9c'),
('pt-ml-sa', '876a7879-60f5-4d7b-bcd5-3f1f413c7998'),
('pt-ml-sa', '79452d46-dc95-431a-96ef-b416db233c3f'),
('pt-ml-sa', '986bdfa2-71d5-47d3-9d0d-8aad97a3d670'),
('pt-ml-sa', '7dc944cc-4cbf-43a0-87b9-0d1613e17d04'),
('pt-ml-sa', '2fba3aee-fa6f-458a-8609-529338e02bed'),
('pt-ml-sa', 'd1bc35f9-8cae-4c4d-a6fe-8da665e9a383'),
('pt-ml-sa', 'c5853b7f-2b80-4ad5-8c49-9d7defda163c'),
('pt-ml-sa', '5f910425-505e-4fec-9d86-c18505f9864f'),
('pt-ml-sa', '3e1db824-fa1d-4382-87eb-5d18a4179d03'),
('pt-ml-sa', '4207b53c-9295-432c-a662-a488bce00051'),
('pt-ml-sa', '80e745cc-8e40-4054-8f7c-13e1bd28fd68'),
('pt-ml-sa', '35c9a963-81b4-4a52-af50-fe822e6412cc'),
('pt-ml-sa', 'f4adc09c-55c0-4225-804d-415ac6542460'),
('pt-ml-sa', '01837454-c6eb-4aa6-8294-c61a10ef15f5'),
('pt-ml-sa', '2fba3aee-fa6f-458a-8609-529338e02bed'),
('pt-ml-sa', '2c8212fe-d742-4697-8dd0-ae2f6085b6a5'),
('pt-ml-sa', '68858f2e-3530-4323-98a3-32c3f8a7224c'),
('pt-ml-sp', '1d3b6d54-c497-4a9a-bb3f-6e4b2bfef7dc'),
('pt-ml-sp', 'da8f9267-7525-42c5-b7c6-1ea82a4a9042'),
('pt-ml-sp', 'aadb3e9b-13bd-4d99-b0bc-4fe57360f4c7'),
('pt-ml-sp', 'a14620a8-31f7-4cc4-b8ab-69e770cdcd4c'),
('pt-ml-sp', '82a303ba-44fe-40ca-b2fb-4994af088f2a'),
('pt-ml-sp', 'efc0774c-5a99-4b44-be95-3350eda0f68d'),
('pt-ml-sp', 'dd88b3cd-8522-47e0-837f-975e20c18c93'),
('pt-ml-sp', '6c5dcb8b-c3f4-4b35-a619-abafd6b668eb'),
('pt-ml-sp', '580b1e21-b937-4221-87f1-91be8fe48bbd'),
('pt-ml-sp', 'd392a0f6-e2da-4903-acd1-1052ec58cb1b'),
('pt-ml-sp', 'dd11ee9d-c995-430a-9cb8-9f62c0ee297a'),
('pt-ml-sp', 'f77d5477-a971-49e6-a683-1ae7b2763480'),
('pt-ml-sp', 'da944b02-6ae8-4454-a5f2-03edad7d41cf'),
('pt-ml-sp', '55c7d4b2-c4fe-4dc2-8368-e0c5ed41952c'),
('pt-ml-sp', 'ca2e7be2-9ec8-44cf-8c74-623365fa6f52'),
('pt-ml-sp', '86aa3c48-251c-4ae0-93d4-998d2790e234'),
('pt-ml-sp', '84033437-1bc4-4d90-acd6-bf2f62ac6158'),
('pt-ml-sp', '10db72a6-ef9b-4055-9d99-5dd9bf028bde'),
('pt-ml-sp', '26577bb3-1bdb-463d-b48f-1cd6fdca47c6'),
('pt-ml-sr', 'f765b4e9-4456-475c-b12e-3b4c5e9a7745'),
('pt-ml-sr', '6975f40d-ad03-4809-b070-434e2e95a519'),
('pt-ml-sr', '7729fa91-f1ae-4b12-9919-c28df6d2ea57'),
('pt-ml-sr', '98648346-8e60-47b8-a0a3-f4147fc7299e'),
('pt-ml-sr', '96d4ec39-5b68-465d-b152-102bc586f5a3'),
('pt-ml-ss', 'c27b4fd9-6902-4a89-9a8e-103b7cf883b9'),
('pt-ml-ss', '126e9cc2-5564-4559-a966-980eabca0ba9'),
('pt-ml-ss', '0b521751-c713-4d28-9735-98be8ee27a96'),
('pt-ml-ss', 'e0f525f7-62a7-48ef-ab51-d28ae33a225f'),
('pt-ml-ss', '01837454-c6eb-4aa6-8294-c61a10ef15f5'),
('pt-ml-ss', 'acb1db26-7f69-493e-be40-0b7191d1b6a3'),
('pt-ml-ss', '2d6d4023-f48e-4f63-9b7e-60412aaed912'),
('pt-ml-ss', '03b69979-30da-42d3-941c-0bd0adb4c99c'),
('pt-ml-ss', '0af7212c-5bb0-4bbd-a322-ce3b041bf65b'),
('pt-ml-ss', 'f135d0b4-be76-47ff-933f-e5b881f9e882'),
('pt-ml-ss', '0004314a-9804-43e4-a82f-d5777929e547'),
('pt-ml-ss', '41589c3b-ca7b-4c30-8c19-ab86509fdc00'),
('pt-ml-ss', '0f06dd6e-86dd-461a-921f-c42f78ef1b79'),
('pt-ml-ss', 'bf5a27e3-79cd-4f48-b2e7-41cd9228dbd4'),
('pt-ml-ss', '5949acca-f89c-44c6-819d-11da173add77'),
('pt-ml-ss', '4c745dcc-f138-4974-b101-c140ea2f84a8'),
('pt-ml-ss', '4af611cc-448f-41a8-b29c-8be39877eb1f'),
('pt-ml-ss', '2c8212fe-d742-4697-8dd0-ae2f6085b6a5'),
('pt-ml-ss', 'f9ed6268-e89f-4fa5-a97d-f11609f5b855'),
('pt-ml-ss', '20e2f568-bbf1-423f-8660-4c8701cea787'),
('pt-ml-ss', '0f6a4d60-84ce-43e8-be90-3d4d484626f5'),
('pt-ml-te', 'ba133481-6a6e-4d0f-b41e-ec90f68dd8d2'),
('pt-ml-te', '71ff3faa-3609-4ee9-be1c-54ad8ddb2dd9'),
('pt-ml-te', 'fd91b475-cb5c-4383-b5dc-4a31fd48f766'),
('pt-ml-te', '65b3521b-ca74-4d23-8351-f6a932381c25'),
('pt-ml-te', '58174474-a36d-48bf-9e21-045ef7242421'),
('pt-ml-te', '123baa89-96b5-454e-84d8-c3b56a44489f'),
('pt-ml-te', 'b6d636c9-b0ae-4ad7-9169-0b14001729af'),
('pt-ml-te', '43c2d079-e08a-419b-b1e5-96d96d87a322'),
('pt-ml-te', '5589703e-759f-45ca-949e-e9518460f1f1'),
('pt-ml-te', 'c31daf39-d97f-4a13-9231-2a02720efabd'),
('pt-ml-te', 'e1e53b23-7ff7-4e64-8a97-84976c94e698'),
('pt-ml-te', '3336a090-f4a8-4f9d-8930-6ff96faab9c5'),
('pt-ml-tp', '33385fc7-5245-4f13-bbff-ea45237e39bf'),
('pt-ml-tp', '833778c0-a2b6-4a1b-8262-90b7c72e73ab'),
('pt-ml-tp', '7ae33e2a-465f-40f9-ab73-06edd3c0226c'),
('pt-ml-tp', '58ff5201-91b0-4537-ae11-b8d42d6d72f7'),
('pt-ml-tp', '5a08f402-0d69-4ca3-99d0-ee945d57d3b0'),
('pt-ml-tp', '5afd70c9-8a1a-41de-b8aa-45f4a6acae13'),
('pt-ml-tp', 'da772310-515c-4958-80f4-39c364c7669e'),
('pt-ml-tp', 'b2c2449d-d788-42bc-afaa-32b7da54464e'),
('pt-ml-tp', 'f5bc50d1-7399-44a3-a480-f010940abc3c'),
('pt-ml-tp', '1b9d9126-2224-48b2-a366-85ee1b705888'),
('pt-ml-tp', '9dbecdcf-d1c8-4d40-ad9f-03ddf55daa88'),
('pt-ml-tp', '349ac28d-91bd-4752-911c-4219c0eee77b'),
('pt-ml-tp', '40828a3e-8e5a-4072-b0e0-50ce5c867dda'),
('pt-ml-tp', '5febe8fa-5f59-49d8-a4da-580738de1c00'),
('pt-ml-tp', '26ce37be-4d1a-438d-94ca-da5663d8b6c1'),
('pt-ml-tp', 'f30e1e6b-d537-4fa0-a496-85e75c20cc63'),
('pt-ml-tp', '4a3b2447-2b20-4b68-8be1-0c1f43ba9668'),
('pt-ml-tp', '7a8cf0fd-f3ee-4441-a6af-a69622af74c1'),
('pt-ml-tp', 'b2993b04-cc7f-478c-bc32-b58a2cb47ebc'),
('pt-ml-tp', 'e195278b-5d2d-4311-9f9c-64383eeb52e9'),
('pt-ml-tp', '62c8bc79-b261-4e9b-8818-559ecc130e65'),
('pt-ml-tp', '24104d8f-2643-4b6b-9865-75711dc9a7e9'),
('pt-ml-tp', '10065138-8983-409f-a48e-81cd62acbd86'),
('pt-ml-tp', 'b03c982b-6f0f-4e7e-bd6e-f3f6671c05b1');